drive.id,Order ID,Order Date,Ship Date,Status,Customer Name,Country,City,State,Category,Product Name,Currency,Total Amount,Quantity,Profit
Not_Applicable,CA-2014-136651,2014-04-24 00:00:00,2014-04-26 00:00:00,On time,JayFein,United States,Pasadena,California,Binders,GBC Durable Plastic Covers,USD,92.88,6,30.19
Not_Applicable,CA-2013-109869,2013-04-23 00:00:00,2013-04-30 00:00:00,Delay,TanjaNorvell,United States,Phoenix,Arizona,Tables,Bush Advantage Collection Racetrack Conference Table,USD,1272.63,6,-814.48
Not_Applicable,CA-2012-119627,2012-08-17 00:00:00,2012-08-23 00:00:00,Delay,StevenCartwright,United States,Peoria,Arizona,Accessories,Imation Clip USB flash drive - 8 GB,USD,30.08,2,-5.26
Not_Applicable,CA-2011-127558,2011-11-15 00:00:00,2011-11-18 00:00:00,On time,ShahidShariari,United States,Los Angeles,California,Furnishings,Eldon 100 Class Desk Accessories,USD,10.11,3,3.24
Not_Applicable,CA-2014-131492,2014-10-20 00:00:00,2014-10-25 00:00:00,Delay,HilaryHolden,United States,San Francisco,California,Furnishings,"Linden 10"" Round Wall Clock, Black",USD,30.56,2,10.39
Not_Applicable,US-2012-131359,2012-10-30 00:00:00,2012-11-02 00:00:00,On time,FrankAtkinson,United States,Denver,Colorado,Machines,Lexmark S315 Color Inkjet Printer,USD,59.99,2,-46.0
Not_Applicable,CA-2011-100363,2011-04-08 00:00:00,2011-04-15 00:00:00,Delay,JimMitchum,United States,Glendale,Arizona,Paper,Things To Do Today Spiral Book,USD,19.01,3,6.89
Not_Applicable,CA-2012-103835,2012-09-24 00:00:00,2012-09-28 00:00:00,On time,ShaunChance,United States,Los Angeles,California,Appliances,Hoover Upright Vacuum With Dirt Cup,USD,1158.12,4,335.85
Not_Applicable,CA-2013-157707,2013-10-11 00:00:00,2013-10-13 00:00:00,On time,CoreyCatlett,United States,Denver,Colorado,Chairs,"Global Manager's Adjustable Task Chair, Storm",USD,120.78,1,13.59
Not_Applicable,CA-2012-168207,2012-11-02 00:00:00,2012-11-06 00:00:00,On time,LizThompson,United States,San Diego,California,Furnishings,Contemporary Wood/Metal Frame,USD,96.96,6,33.94
Not_Applicable,CA-2012-144099,2012-11-29 00:00:00,2012-11-30 00:00:00,On time,PhillinaOber,United States,San Francisco,California,Binders,"Acco PRESSTEX Data Binder with Storage Hooks, Dark Blue, 14 7/8"" X 11""",USD,4.3,1,1.56
Not_Applicable,CA-2013-150350,2013-08-24 00:00:00,2013-08-31 00:00:00,Delay,MaxwellSchwartz,United States,Seattle,Washington,Appliances,"Acco Six-Outlet Power Strip, 4' Cord Length",USD,43.1,5,11.21
Not_Applicable,CA-2011-103401,2011-11-21 00:00:00,2011-11-26 00:00:00,Delay,GeorgiaRosenberg,United States,San Francisco,California,Paper,Xerox 211,USD,12.96,2,6.22
Not_Applicable,CA-2012-148635,2012-07-25 00:00:00,2012-07-27 00:00:00,On time,MichelleHuthwaite,United States,Seattle,Washington,Chairs,Office Star - Professional Matrix Back Chair with 2-to-1 Synchro Tilt and Mesh Fabric Seat,USD,561.57,2,28.08
Not_Applicable,CA-2014-101574,2014-09-29 00:00:00,2014-10-05 00:00:00,Delay,BruceDegenhardt,United States,Los Angeles,California,Furnishings,Longer-Life Soft White Bulbs,USD,9.24,3,4.44
Not_Applicable,CA-2013-159345,2013-06-18 00:00:00,2013-06-23 00:00:00,Delay,IvanGibson,United States,San Diego,California,Paper,Xerox 1934,USD,111.96,2,54.86
Not_Applicable,CA-2013-130029,2013-07-04 00:00:00,2013-07-07 00:00:00,On time,GuyThornton,United States,Los Angeles,California,Paper,Xerox 200,USD,12.96,2,6.22
Not_Applicable,CA-2012-132486,2012-10-23 00:00:00,2012-10-27 00:00:00,On time,JayFein,United States,San Diego,California,Chairs,Office Star - Professional Matrix Back Chair with 2-to-1 Synchro Tilt and Mesh Fabric Seat,USD,842.35,3,42.12
Not_Applicable,US-2014-101784,2014-07-07 00:00:00,2014-07-12 00:00:00,Delay,PatrickO'Brill,United States,Los Angeles,California,Chairs,"Global Task Chair, Black",USD,122.14,3,-13.74
Not_Applicable,CA-2013-125738,2013-10-16 00:00:00,2013-10-22 00:00:00,Delay,PatrickBzostek,United States,Salt Lake City,Utah,Paper,"Recycled Desk Saver Line ""While You Were Out"" Book, 5 1/2"" X 4""",USD,71.6,8,32.94
Not_Applicable,CA-2013-107216,2013-06-15 00:00:00,2013-06-18 00:00:00,On time,PaulVanHugh,United States,San Francisco,California,Furnishings,"GE General Purpose, Extra Long Life, Showcase & Floodlight Incandescent Bulbs",USD,8.73,3,4.1
Not_Applicable,CA-2013-134348,2013-11-13 00:00:00,2013-11-20 00:00:00,Delay,MauriceSatty,United States,Mesa,Arizona,Accessories,Micropad Numeric Keypads,USD,31.98,2,2.0
Not_Applicable,CA-2011-144666,2011-11-09 00:00:00,2011-11-11 00:00:00,On time,JeremyPistek,United States,San Francisco,California,Bookcases,"Sauder Mission Library with Doors, Fruitwood Finish",USD,222.67,2,10.48
Not_Applicable,CA-2013-110086,2013-09-19 00:00:00,2013-09-23 00:00:00,On time,BillDonatelli,United States,Woodland,California,Phones,Polycom CX300 Desktop Phone USB VoIP phone,USD,239.98,2,24.0
Not_Applicable,CA-2012-111780,2012-12-25 00:00:00,2012-12-30 00:00:00,Delay,RalphArnett,United States,San Diego,California,Paper,"Important Message Pads, 50 4-1/4 x 5-1/2 Forms per Pad",USD,12.6,3,6.17
Not_Applicable,CA-2014-112515,2014-09-18 00:00:00,2014-09-22 00:00:00,On time,AlanSchoenberger,United States,Provo,Utah,Storage,"Mini 13-1/2 Capacity Data Binder Rack, Pearl",USD,261.74,2,65.44
Not_Applicable,CA-2012-153794,2012-09-11 00:00:00,2012-09-16 00:00:00,Delay,SeanBraxton,United States,San Diego,California,Art,"Hunt PowerHouse Electric Pencil Sharpener, Blue",USD,265.86,7,79.76
Not_Applicable,CA-2014-132521,2014-09-24 00:00:00,2014-09-26 00:00:00,On time,DonWeiss,United States,Seattle,Washington,Binders,Avery Printable Repositionable Plastic Tabs,USD,6.88,1,2.32
Not_Applicable,TRN-2026-1016,2026-03-15 00:00:00,2026-03-17 00:00:00,On time,Trainer_Account,United States,Boston,Massachusetts,Health & Household,"Claritin 24 Hour Non-Drowsy Allergy Tablets, 30 ct",USD,60.34,3,10.55
Not_Applicable,CA-2011-156601,2011-09-19 00:00:00,2011-09-24 00:00:00,Delay,FrankAtkinson,United States,Long Beach,California,Fasteners,OIC Binder Clips,USD,7.16,2,3.58
Not_Applicable,US-2013-108455,2013-12-03 00:00:00,2013-12-09 00:00:00,Delay,MikeKennedy,United States,San Francisco,California,Paper,HP Office Recycled Paper (20Lb. and 87 Bright),USD,40.46,7,19.83
Not_Applicable,CA-2012-129532,2012-12-08 00:00:00,2012-12-12 00:00:00,On time,YanaSorensen,United States,Los Angeles,California,Accessories,WD My Passport Ultra 500GB Portable External Hard Drive,USD,236.0,4,40.12
Not_Applicable,CA-2011-136399,2011-12-16 00:00:00,2011-12-17 00:00:00,On time,ChadCunningham,United States,Los Angeles,California,Phones,GE 30524EE4,USD,627.17,4,70.56
Not_Applicable,CA-2014-118857,2014-04-16 00:00:00,2014-04-19 00:00:00,On time,AdamHart,United States,Henderson,Nevada,Furnishings,"Howard Miller 12"" Round Wall Clock",USD,196.45,5,70.72
Not_Applicable,US-2012-156867,2012-11-13 00:00:00,2012-11-17 00:00:00,On time,LenaCacioppo,United States,Aurora,Colorado,Accessories,Logitech K350 2.4Ghz Wireless Keyboard,USD,238.9,6,-26.88
Not_Applicable,CA-2013-129868,2013-12-27 00:00:00,2014-01-01 00:00:00,Delay,MikeCaudle,United States,Los Angeles,California,Supplies,Fiskars Home & Office Scissors,USD,17.76,2,4.97
Not_Applicable,CA-2012-109736,2012-10-10 00:00:00,2012-10-11 00:00:00,On time,DennyJoy,United States,San Francisco,California,Paper,Xerox 1894,USD,45.36,7,21.77
Not_Applicable,CA-2012-144267,2012-08-21 00:00:00,2012-08-23 00:00:00,On time,NickZandusky,United States,San Francisco,California,Chairs,Hon GuestStacker Chair,USD,544.01,3,40.8
Not_Applicable,CA-2012-163104,2012-03-19 00:00:00,2012-03-26 00:00:00,Delay,MikeCaudle,United States,Los Angeles,California,Paper,Xerox 1974,USD,11.96,2,5.86
Not_Applicable,CA-2011-114433,2011-05-13 00:00:00,2011-05-17 00:00:00,On time,NaresjPatel,United States,Oakland,California,Accessories,Plantronics Audio 478 Stereo USB Headset,USD,149.97,3,52.49
Not_Applicable,CA-2011-169726,2011-08-09 00:00:00,2011-08-13 00:00:00,On time,JosephHolt,United States,Seattle,Washington,Binders,Ibico Ibimaster 300 Manual Binding System,USD,2060.74,7,643.98
Not_Applicable,CA-2012-126725,2012-11-17 00:00:00,2012-11-21 00:00:00,On time,BrianStugart,United States,San Diego,California,Chairs,Office Star - Contemporary Swivel Chair with Padded Adjustable Arms and Flex Back,USD,225.57,2,2.82
Not_Applicable,CA-2013-159016,2013-03-11 00:00:00,2013-03-12 00:00:00,On time,KarenFerguson,United States,Los Angeles,California,Phones,Apple iPhone 5,USD,4158.91,8,363.9
Not_Applicable,CA-2014-164329,2014-01-31 00:00:00,2014-01-31 00:00:00,On time,MichaelMoore,United States,San Francisco,California,Storage,Space Solutions Commercial Steel Shelving,USD,129.3,2,6.47
Not_Applicable,CA-2014-117009,2014-09-23 00:00:00,2014-09-29 00:00:00,Delay,BerenikeKampe,United States,Santa Ana,California,Supplies,Fiskars Softgrip Scissors,USD,21.96,2,6.15
Not_Applicable,CA-2011-109897,2011-08-12 00:00:00,2011-08-16 00:00:00,On time,BenWallace,United States,San Francisco,California,Phones,BlackBerry Q10,USD,806.34,8,50.4
Not_Applicable,US-2014-101539,2014-03-17 00:00:00,2014-03-19 00:00:00,On time,ValerieMitchum,United States,Seattle,Washington,Paper,Xerox 214,USD,6.48,1,3.11
Not_Applicable,CA-2012-144519,2012-11-13 00:00:00,2012-11-17 00:00:00,On time,ArthurWiediger,United States,Helena,Montana,Phones,Panasonic KX TS3282W Corded phone,USD,339.96,5,42.5
Not_Applicable,CA-2014-138464,2014-07-09 00:00:00,2014-07-13 00:00:00,On time,VickyFreymann,United States,Seattle,Washington,Furnishings,"Master Big Foot Doorstop, Beige",USD,15.84,3,4.91
Not_Applicable,CA-2014-130631,2014-12-30 00:00:00,2015-01-03 00:00:00,On time,BruceStewart,United States,Edmonds,Washington,Fasteners,Acco Glide Clips,USD,19.6,5,9.6
Not_Applicable,CA-2014-140494,2014-03-11 00:00:00,2014-03-16 00:00:00,Delay,CandaceMcMahon,United States,San Francisco,California,Accessories,Maxell LTO Ultrium - 800 GB,USD,111.96,4,21.27
Not_Applicable,CA-2013-112109,2013-07-09 00:00:00,2013-07-13 00:00:00,On time,JoeElijah,United States,Broomfield,Colorado,Storage,"Perma STOR-ALL Hanging File Box, 13 1/8""W x 12 1/4""D x 10 1/2""H",USD,33.49,7,-1.26
Not_Applicable,CA-2011-163419,2011-11-11 00:00:00,2011-11-14 00:00:00,On time,TracyZic,United States,Louisville,Colorado,Chairs,"Global Airflow Leather Mesh Back Chair, Black",USD,603.92,5,75.49
Not_Applicable,CA-2014-133648,2014-06-26 00:00:00,2014-07-03 00:00:00,Delay,MaxLudwig,United States,Springfield,Oregon,Art,"Eldon Spacemaker Box, Quick-Snap Lid, Clear",USD,5.34,2,0.73
Not_Applicable,TRN-2026-1039,2026-03-15 00:00:00,2026-03-17 00:00:00,On time,Trainer_Account,United States,Boston,Massachusetts,Health & Household,"Advil Dual Action with Acetaminophen, 144 ct",USD,32.21,3,5.93
Not_Applicable,CA-2012-168529,2012-10-08 00:00:00,2012-10-12 00:00:00,On time,MariaBertelson,United States,San Francisco,California,Furnishings,"Deflect-o SuperTray Unbreakable Stackable Tray, Letter, Black",USD,145.9,5,62.74
Not_Applicable,CA-2011-139192,2011-05-27 00:00:00,2011-06-01 00:00:00,Delay,LenaCreighton,United States,San Francisco,California,Accessories,Logitech Wireless Performance Mouse MX for PC and Mac,USD,99.99,1,38.0
Not_Applicable,CA-2013-154739,2013-12-11 00:00:00,2013-12-16 00:00:00,Delay,LoganHaushalter,United States,San Francisco,California,Chairs,"Global Leather Highback Executive Chair with Pneumatic Height Adjustment, Black",USD,321.57,2,28.14
Not_Applicable,CA-2014-100384,2014-06-25 00:00:00,2014-07-02 00:00:00,Delay,NicoleHansen,United States,Pomona,California,Art,4009 Highlighters by Sanford,USD,35.82,9,11.82
Not_Applicable,US-2012-128090,2012-08-16 00:00:00,2012-08-22 00:00:00,Delay,JohnMurray,United States,Phoenix,Arizona,Art,Newell 346,USD,2.3,1,0.26
Not_Applicable,CA-2011-104178,2011-08-25 00:00:00,2011-08-29 00:00:00,On time,JanetMolinari,United States,Los Angeles,California,Furnishings,"Eldon 200 Class Desk Accessories, Smoke",USD,6.28,1,2.64
Not_Applicable,CA-2011-164469,2011-06-25 00:00:00,2011-06-27 00:00:00,On time,GraceKelly,United States,Salem,Oregon,Art,"Hunt BOSTON Vista Battery-Operated Pencil Sharpener, Black",USD,9.33,1,0.82
Not_Applicable,CA-2014-135937,2014-02-21 00:00:00,2014-02-28 00:00:00,Delay,KatherineMurray,United States,Gilbert,Arizona,Envelopes,Letter or Legal Size Expandable Poly String Tie Envelopes,USD,10.64,5,3.86
Not_Applicable,US-2014-150070,2014-09-08 00:00:00,2014-09-13 00:00:00,Delay,JosephAirdo,United States,Modesto,California,Chairs,Global Low Back Tilter Chair,USD,161.57,2,-28.27
Not_Applicable,CA-2014-152310,2014-08-13 00:00:00,2014-08-20 00:00:00,Delay,DanaKaydos,United States,Seattle,Washington,Copiers,Hewlett Packard 310 Color Digital Copier,USD,299.99,1,90.0
Not_Applicable,CA-2013-158694,2013-11-11 00:00:00,2013-11-14 00:00:00,On time,ArianneIrving,United States,Los Angeles,California,Paper,Xerox 1933,USD,61.4,5,28.86
Not_Applicable,CA-2011-148040,2011-03-22 00:00:00,2011-03-26 00:00:00,On time,BethFritzler,United States,Tucson,Arizona,Chairs,Office Star - Mesh Screen back chair with Vinyl seat,USD,314.35,3,-35.36
Not_Applicable,US-2013-119046,2013-06-03 00:00:00,2013-06-07 00:00:00,On time,EdwardHooks,United States,Seattle,Washington,Binders,Acco Translucent Poly Ring Binders,USD,11.23,3,3.93
Not_Applicable,CA-2011-151995,2011-10-13 00:00:00,2011-10-15 00:00:00,On time,ZuschussCarroll,United States,Edmonds,Washington,Appliances,Belkin F9G930V10-GRY 9 Outlet Surge,USD,213.92,4,62.04
Not_Applicable,US-2013-159093,2013-05-10 00:00:00,2013-05-15 00:00:00,Delay,RicardoSperren,United States,Los Angeles,California,Paper,"TOPS Money Receipt Book, Consecutively Numbered in Red,",USD,32.04,4,14.42
Not_Applicable,US-2014-120418,2014-06-12 00:00:00,2014-06-13 00:00:00,On time,BeckyCastell,United States,Peoria,Arizona,Art,Newell 319,USD,15.87,1,1.98
Not_Applicable,CA-2012-106257,2012-04-13 00:00:00,2012-04-17 00:00:00,On time,EugeneBarchas,United States,Los Angeles,California,Tables,"Iceberg OfficeWorks 42"" Round Tables",USD,241.57,2,-15.1
Not_Applicable,CA-2012-130736,2012-12-07 00:00:00,2012-12-09 00:00:00,On time,JeremyFarry,United States,Seattle,Washington,Fasteners,"Alliance Big Bands Rubber Bands, 12/Pack",USD,3.96,2,0.0
Not_Applicable,US-2012-160563,2012-10-20 00:00:00,2012-10-24 00:00:00,On time,NoelStaavos,United States,San Francisco,California,Furnishings,Acrylic Self-Standing Desk Frames,USD,16.02,6,6.09
Not_Applicable,CA-2012-136700,2012-12-06 00:00:00,2012-12-11 00:00:00,Delay,DavidBremer,United States,Santa Barbara,California,Paper,Spiral Phone Message Books with Labels by Adams,USD,8.96,2,4.39
Not_Applicable,CA-2013-159016,2013-03-11 00:00:00,2013-03-12 00:00:00,On time,KarenFerguson,United States,Los Angeles,California,Paper,Rediform Voice Mail Log Books,USD,14.9,5,7.15
Not_Applicable,US-2013-163881,2013-11-25 00:00:00,2013-12-01 00:00:00,Delay,SungPak,United States,Los Angeles,California,Accessories,Plantronics CS510 - Over-the-Head monaural Wireless Headset System,USD,659.9,2,217.77
Not_Applicable,CA-2011-108189,2011-10-02 00:00:00,2011-10-05 00:00:00,On time,ErinSmith,United States,Tempe,Arizona,Supplies,Stiletto Hand Letter Openers,USD,15.36,2,-3.26
Not_Applicable,CA-2011-124737,2011-08-23 00:00:00,2011-08-27 00:00:00,On time,ArthurPrichep,United States,Denver,Colorado,Phones,Cisco SPA525G2 IP Phone - Wireless,USD,143.64,9,10.77
Not_Applicable,CA-2011-131947,2011-09-17 00:00:00,2011-09-22 00:00:00,Delay,JosephAirdo,United States,Springfield,Oregon,Paper,Riverleaf Stik-Withit Designer Note Cubes,USD,40.24,5,13.08
Not_Applicable,CA-2012-135545,2012-11-24 00:00:00,2012-11-30 00:00:00,Delay,KunstMiller,United States,Los Angeles,California,Accessories,"Verbatim 25 GB 6x Blu-ray Single Layer Recordable Disc, 3/Pack",USD,13.98,2,6.15
Not_Applicable,CA-2014-151358,2014-08-19 00:00:00,2014-08-23 00:00:00,On time,NicoleFjeld,United States,Seattle,Washington,Storage,Fellowes Super Stor/Drawer Files,USD,323.1,2,61.39
Not_Applicable,CA-2014-123967,2014-11-02 00:00:00,2014-11-04 00:00:00,On time,SarahFoster,United States,Bellingham,Washington,Tables,Hon 94000 Series Round Tables,USD,2665.62,9,239.91
Not_Applicable,CA-2011-142769,2011-09-13 00:00:00,2011-09-13 00:00:00,On time,ResiPölking,United States,Seattle,Washington,Accessories,Memorex Mini Travel Drive 64 GB USB 2.0 Flash Drive,USD,144.96,4,60.88
Not_Applicable,CA-2014-108574,2014-10-08 00:00:00,2014-10-12 00:00:00,On time,MikeGockenbach,United States,Los Angeles,California,Phones,Motorola HK250 Universal Bluetooth Headset,USD,128.74,7,-28.97
Not_Applicable,CA-2012-112319,2012-08-31 00:00:00,2012-09-05 00:00:00,Delay,AndrewRoberts,United States,Los Angeles,California,Paper,Xerox 226,USD,58.32,9,27.99
Not_Applicable,CA-2012-138898,2012-05-25 00:00:00,2012-05-29 00:00:00,On time,JustinHirsh,United States,Pueblo,Colorado,Appliances,Kensington 4 Outlet MasterPiece Compact Power Control Center,USD,845.73,13,84.57
Not_Applicable,CA-2012-165057,2012-09-11 00:00:00,2012-09-15 00:00:00,On time,StevenCartwright,United States,Redlands,California,Labels,Avery 474,USD,8.64,3,4.23
Not_Applicable,US-2014-106145,2014-09-27 00:00:00,2014-09-27 00:00:00,On time,RubenAusman,United States,San Francisco,California,Furnishings,Stackable Trays,USD,9.24,3,2.96
Not_Applicable,CA-2014-107909,2014-09-02 00:00:00,2014-09-07 00:00:00,Delay,SungShariari,United States,Redmond,Washington,Binders,Avery Metallic Poly Binders,USD,22.92,5,8.02
Not_Applicable,CA-2014-107125,2014-11-28 00:00:00,2014-12-03 00:00:00,Delay,BillDonatelli,United States,Los Angeles,California,Binders,Premium Transparent Presentation Covers by GBC,USD,117.49,7,41.12
Not_Applicable,CA-2014-169901,2014-06-16 00:00:00,2014-06-20 00:00:00,On time,ClayCheatham,United States,San Francisco,California,Phones,Anker 36W 4-Port USB Wall Charger Travel Power Adapter for iPhone 5s 5c 5,USD,47.98,3,4.8
Not_Applicable,US-2012-156867,2012-11-13 00:00:00,2012-11-17 00:00:00,On time,LenaCacioppo,United States,Aurora,Colorado,Binders,"Avery Trapezoid Ring Binder, 3"" Capacity, Black, 1040 sheets",USD,36.88,3,-25.82
Not_Applicable,CA-2014-161893,2014-01-24 00:00:00,2014-01-28 00:00:00,On time,HaroldPawlan,United States,Tucson,Arizona,Binders,Wilson Jones data.warehouse D-Ring Binders with DublLock,USD,4.94,2,-3.62
Not_Applicable,CA-2011-150203,2011-12-05 00:00:00,2011-12-07 00:00:00,On time,JoniBlumstein,United States,Los Angeles,California,Appliances,Fellowes 8 Outlet Superior Workstation Surge Protector,USD,250.26,6,72.58
Not_Applicable,CA-2013-111913,2013-08-05 00:00:00,2013-08-07 00:00:00,On time,LindaCazamias,United States,Sacramento,California,Binders,"Pressboard Covers with Storage Hooks, 9 1/2"" x 11"", Light Blue",USD,11.78,3,3.98
Not_Applicable,CA-2013-125738,2013-10-16 00:00:00,2013-10-22 00:00:00,Delay,PatrickBzostek,United States,Salt Lake City,Utah,Paper,Xerox 1982,USD,45.68,2,21.01
Not_Applicable,CA-2013-143476,2013-09-12 00:00:00,2013-09-14 00:00:00,On time,LindaCazamias,United States,Phoenix,Arizona,Paper,Xerox 1976,USD,20.74,4,7.26
Not_Applicable,CA-2014-108539,2014-03-22 00:00:00,2014-03-24 00:00:00,On time,StevenCartwright,United States,Los Angeles,California,Storage,Adjustable Depth Letter/Legal Cart,USD,725.84,4,210.49
Not_Applicable,CA-2012-167745,2012-09-18 00:00:00,2012-09-23 00:00:00,Delay,GeorgeBell,United States,Los Angeles,California,Supplies,"Elite 5"" Scissors",USD,16.9,2,5.07
Not_Applicable,CA-2012-124800,2012-09-26 00:00:00,2012-09-30 00:00:00,On time,RickWilson,United States,Mesa,Arizona,Binders,Lock-Up Easel 'Spel-Binder',USD,77.03,9,-59.06
Not_Applicable,CA-2014-150189,2014-07-09 00:00:00,2014-07-11 00:00:00,On time,VivekGonzalez,United States,San Mateo,California,Labels,Avery 485,USD,75.18,6,35.33
Not_Applicable,TRN-2026-1003,2026-03-15 00:00:00,2026-03-17 00:00:00,On time,Trainer_Account,United States,Boston,Massachusetts,Health & Household,Nicorette 2mg Nicotine Gum to Help Quit Smoking,USD,18.21,2,3.68
Not_Applicable,CA-2014-145233,2014-12-02 00:00:00,2014-12-06 00:00:00,On time,DiannaVittorini,United States,Denver,Colorado,Appliances,Fellowes Basic Home/Office Series Surge Protectors,USD,31.15,3,3.5
Not_Applicable,CA-2012-155334,2012-07-30 00:00:00,2012-07-31 00:00:00,On time,HelenAndreada,United States,San Francisco,California,Furnishings,Regeneration Desk Collection,USD,5.28,3,2.32
Not_Applicable,US-2012-126214,2012-12-21 00:00:00,2012-12-24 00:00:00,On time,JohnStevenson,United States,Seattle,Washington,Accessories,Enermax Acrylux Wireless Keyboard,USD,99.6,1,36.85
Not_Applicable,CA-2011-151995,2011-10-13 00:00:00,2011-10-15 00:00:00,On time,ZuschussCarroll,United States,Edmonds,Washington,Art,Newell 32,USD,11.52,4,3.23
Not_Applicable,CA-2012-158456,2012-12-24 00:00:00,2012-12-29 00:00:00,Delay,KeanTakahito,United States,Los Angeles,California,Binders,Avery Hole Reinforcements,USD,19.94,4,7.23
Not_Applicable,CA-2014-153787,2014-05-20 00:00:00,2014-05-24 00:00:00,On time,AnnieThurman,United States,Seattle,Washington,Appliances,Belkin Premiere Surge Master II 8-outlet surge protector,USD,97.16,2,28.18
Not_Applicable,CA-2011-111857,2011-04-23 00:00:00,2011-04-26 00:00:00,On time,NathanMautz,United States,San Francisco,California,Paper,Xerox 1891,USD,48.91,1,22.99
Not_Applicable,CA-2013-108959,2013-03-11 00:00:00,2013-03-15 00:00:00,On time,MayaHerman,United States,Glendale,Arizona,Storage,"Mini 13-1/2 Capacity Data Binder Rack, Pearl",USD,104.7,1,6.54
Not_Applicable,CA-2013-161669,2013-11-08 00:00:00,2013-11-10 00:00:00,On time,EudokiaMartin,United States,Los Angeles,California,Binders,Ibico Plastic and Wire Spiral Binding Combs,USD,26.98,4,8.77
Not_Applicable,CA-2012-164882,2012-10-31 00:00:00,2012-10-31 00:00:00,On time,SandraGlassco,United States,Redlands,California,Storage,Mobile Personal File Cube,USD,46.84,2,12.65
Not_Applicable,CA-2013-156811,2013-10-28 00:00:00,2013-11-03 00:00:00,Delay,BartPistole,United States,San Francisco,California,Binders,"Acco Data Flex Cable Posts For Top & Bottom Load Binders, 6"" Capacity",USD,25.03,3,7.82
Not_Applicable,CA-2014-110842,2014-11-12 00:00:00,2014-11-17 00:00:00,Delay,GuyArmstrong,United States,Los Angeles,California,Binders,Ibico Plastic Spiral Binding Combs,USD,121.6,5,39.52
Not_Applicable,CA-2013-136924,2013-07-15 00:00:00,2013-07-18 00:00:00,On time,ErinSmith,United States,Tucson,Arizona,Phones,LG Electronics Tone+ HBS-730 Bluetooth Headset,USD,380.86,8,38.09
Not_Applicable,US-2014-111745,2014-11-06 00:00:00,2014-11-07 00:00:00,On time,RubenAusman,United States,Farmington,New Mexico,Accessories,NETGEAR AC1750 Dual Band Gigabit Smart WiFi Router,USD,159.99,1,54.4
Not_Applicable,CA-2012-130848,2012-10-25 00:00:00,2012-10-25 00:00:00,On time,DeirdreGreer,United States,Denver,Colorado,Chairs,Global Highback Leather Tilter in Burgundy,USD,582.34,8,-29.12
Not_Applicable,CA-2014-134838,2014-02-20 00:00:00,2014-02-21 00:00:00,On time,EmilyDucich,United States,Los Angeles,California,Furnishings,Tensor Computer Mounted Lamp,USD,44.67,3,12.06
Not_Applicable,CA-2011-136399,2011-12-16 00:00:00,2011-12-17 00:00:00,On time,ChadCunningham,United States,Los Angeles,California,Accessories,First Data FD10 PIN Pad,USD,395.0,5,39.5
Not_Applicable,CA-2013-145898,2013-09-27 00:00:00,2013-09-27 00:00:00,On time,ChuckMagee,United States,Redlands,California,Labels,Avery 494,USD,7.83,3,3.6
Not_Applicable,CA-2014-125101,2014-03-07 00:00:00,2014-03-11 00:00:00,On time,SallyHughsby,United States,San Francisco,California,Storage,"File Shuttle II and Handi-File, Black",USD,67.78,2,16.95
Not_Applicable,CA-2013-125738,2013-10-16 00:00:00,2013-10-22 00:00:00,Delay,PatrickBzostek,United States,Salt Lake City,Utah,Binders,"Acco Data Flex Cable Posts For Top & Bottom Load Binders, 6"" Capacity",USD,41.72,5,13.04
Not_Applicable,CA-2013-129630,2013-09-05 00:00:00,2013-09-05 00:00:00,On time,IoniaMcGrath,United States,San Francisco,California,Copiers,Canon PC1060 Personal Laser Copier,USD,2799.96,5,944.99
Not_Applicable,CA-2014-156951,2014-10-02 00:00:00,2014-10-09 00:00:00,Delay,EllisBallard,United States,Seattle,Washington,Chairs,Hon Every-Day Series Multi-Task Chairs,USD,451.15,3,0.0
Not_Applicable,US-2012-114741,2012-12-06 00:00:00,2012-12-10 00:00:00,On time,IvanListon,United States,North Las Vegas,Nevada,Storage,Tennsco 6- and 18-Compartment Lockers,USD,1325.85,5,238.65
Not_Applicable,CA-2011-154781,2011-11-21 00:00:00,2011-11-26 00:00:00,Delay,SteveCarroll,United States,San Francisco,California,Paper,Tops Wirebound Message Log Books,USD,6.58,2,3.03
Not_Applicable,US-2011-157385,2011-11-23 00:00:00,2011-11-25 00:00:00,On time,SanjitChand,United States,Los Angeles,California,Chairs,Novimex Swivel Fabric Task Chair,USD,603.92,5,-67.94
Not_Applicable,CA-2012-152891,2012-10-25 00:00:00,2012-10-30 00:00:00,Delay,TrudyBrown,United States,San Francisco,California,Tables,Balt Solid Wood Rectangular Table,USD,253.18,3,-31.65
Not_Applicable,US-2014-166688,2014-05-21 00:00:00,2014-05-27 00:00:00,Delay,RickDuston,United States,Las Vegas,Nevada,Binders,Wilson Jones Impact Binders,USD,8.29,2,3.0
Not_Applicable,CA-2013-158694,2013-11-11 00:00:00,2013-11-14 00:00:00,On time,ArianneIrving,United States,Los Angeles,California,Binders,Peel & Stick Add-On Corner Pockets,USD,5.18,3,1.81
Not_Applicable,CA-2013-146325,2013-12-15 00:00:00,2013-12-18 00:00:00,On time,DavidSmith,United States,San Diego,California,Chairs,"Global Task Chair, Black",USD,81.42,2,-9.16
Not_Applicable,CA-2011-148614,2011-01-21 00:00:00,2011-01-26 00:00:00,Delay,MarkVanHuff,United States,Los Angeles,California,Paper,"Wirebound Service Call Books, 5 1/2"" x 4""",USD,19.36,2,9.29
Not_Applicable,CA-2012-158918,2012-12-20 00:00:00,2012-12-25 00:00:00,Delay,ArianneIrving,United States,Los Angeles,California,Paper,Staples,USD,17.12,4,7.7
Not_Applicable,CA-2011-104780,2011-05-21 00:00:00,2011-05-25 00:00:00,On time,BradleyTalbott,United States,San Diego,California,Art,4009 Highlighters by Sanford,USD,31.84,8,10.51
Not_Applicable,CA-2011-124737,2011-08-23 00:00:00,2011-08-27 00:00:00,On time,ArthurPrichep,United States,Denver,Colorado,Paper,Xerox 1976,USD,15.55,3,5.44
Not_Applicable,CA-2011-130449,2011-09-06 00:00:00,2011-09-09 00:00:00,On time,VictoriaPisteka,United States,San Francisco,California,Labels,Avery 516,USD,58.48,8,27.49
Not_Applicable,US-2012-160150,2012-07-19 00:00:00,2012-07-20 00:00:00,On time,ThaisSissman,United States,Phoenix,Arizona,Binders,Wilson Jones DublLock D-Ring Binders,USD,2.03,1,-1.35
Not_Applicable,CA-2011-131947,2011-09-17 00:00:00,2011-09-22 00:00:00,Delay,JosephAirdo,United States,Springfield,Oregon,Machines,Plantronics Single Ear Headset,USD,29.93,5,-21.95
Not_Applicable,CA-2014-101805,2014-12-02 00:00:00,2014-12-07 00:00:00,Delay,SallyHughsby,United States,Seattle,Washington,Storage,"Tennsco Stur-D-Stor Boltless Shelving, 5 Shelves, 24"" Deep, Sand",USD,541.24,4,5.41
Not_Applicable,CA-2014-102414,2014-05-16 00:00:00,2014-05-19 00:00:00,On time,JosephAirdo,United States,Phoenix,Arizona,Phones,"Logitech B530 USB Headset - headset - Full size, Binaural",USD,29.59,1,2.59
Not_Applicable,CA-2013-125724,2013-09-23 00:00:00,2013-09-28 00:00:00,Delay,SuzanneMcNair,United States,Broomfield,Colorado,Furnishings,Aluminum Document Frame,USD,68.43,7,8.55
Not_Applicable,CA-2012-126186,2012-09-11 00:00:00,2012-09-12 00:00:00,On time,GeorgeBell,United States,Aurora,Colorado,Furnishings,Deflect-O Glasstique Clear Desk Accessories,USD,24.64,4,4.0
Not_Applicable,US-2011-126340,2011-11-08 00:00:00,2011-11-14 00:00:00,Delay,EmilyBurns,United States,Redding,California,Phones,Toshiba IPT2010-SD IP Telephone,USD,333.58,3,25.02
Not_Applicable,CA-2013-131380,2013-03-29 00:00:00,2013-04-01 00:00:00,On time,ChrisCortes,United States,Los Angeles,California,Paper,Xerox 1983,USD,5.98,1,2.93
Not_Applicable,CA-2013-140046,2013-07-29 00:00:00,2013-08-04 00:00:00,Delay,KhloeMiller,United States,Los Angeles,California,Labels,Avery 495,USD,18.9,3,8.69
Not_Applicable,TRN-2026-1012,2026-03-15 00:00:00,2026-03-17 00:00:00,On time,Trainer_Account,United States,Boston,Massachusetts,Grocery,Matcha DNA Certified Organic Matcha Green Tea Powder,USD,53.63,3,13.05
Not_Applicable,CA-2013-109806,2013-09-18 00:00:00,2013-09-23 00:00:00,Delay,JimSink,United States,Los Angeles,California,Phones,Panasonic Kx-TS550,USD,73.58,2,8.28
Not_Applicable,CA-2013-126158,2013-07-26 00:00:00,2013-08-01 00:00:00,Delay,SanjitChand,United States,Costa Mesa,California,Chairs,DMI Arturo Collection Mission-style Design Wood Chair,USD,241.57,2,18.12
Not_Applicable,CA-2013-131380,2013-03-29 00:00:00,2013-04-01 00:00:00,On time,ChrisCortes,United States,Los Angeles,California,Storage,Rogers Deluxe File Chest,USD,87.92,4,0.88
Not_Applicable,CA-2014-101700,2014-04-24 00:00:00,2014-04-27 00:00:00,On time,SeanO'Donnell,United States,Greeley,Colorado,Furnishings,"Eldon Imàge Series Desk Accessories, Clear",USD,11.66,3,3.35
Not_Applicable,CA-2013-103891,2013-07-13 00:00:00,2013-07-20 00:00:00,Delay,KristenHastings,United States,Los Angeles,California,Phones,Cisco SPA525G2 IP Phone - Wireless,USD,95.76,6,7.18
Not_Applicable,CA-2014-136651,2014-04-24 00:00:00,2014-04-26 00:00:00,On time,JayFein,United States,Pasadena,California,Furnishings,Eldon 500 Class Desk Accessories,USD,24.14,2,7.97
Not_Applicable,CA-2014-134152,2014-05-28 00:00:00,2014-06-01 00:00:00,On time,RoyPhan,United States,Seattle,Washington,Accessories,Logitech Desktop MK120 Mouse and keyboard Combo,USD,98.16,6,9.82
Not_Applicable,CA-2013-112893,2013-09-10 00:00:00,2013-09-14 00:00:00,On time,AnnieThurman,United States,Stockton,California,Binders,VariCap6 Expandable Binder,USD,55.36,4,18.68
Not_Applicable,CA-2013-110982,2013-06-06 00:00:00,2013-06-08 00:00:00,On time,ChlorisKastensmidt,United States,Santa Clara,California,Appliances,Acco 6 Outlet Guardian Premium Surge Suppressor,USD,58.24,4,15.72
Not_Applicable,CA-2012-143238,2012-09-06 00:00:00,2012-09-08 00:00:00,On time,LoriOlson,United States,La Quinta,California,Accessories,Memorex Mini Travel Drive 8 GB USB 2.0 Flash Drive,USD,46.32,4,18.06
Not_Applicable,CA-2012-104486,2012-05-01 00:00:00,2012-05-06 00:00:00,Delay,PatrickO'Brill,United States,San Francisco,California,Supplies,"Acme 10"" Easy Grip Assistive Scissors",USD,35.06,2,10.52
Not_Applicable,CA-2012-127754,2012-07-26 00:00:00,2012-07-31 00:00:00,Delay,CymaKinney,United States,Glendale,Arizona,Chairs,Office Star - Contemporary Task Swivel Chair,USD,266.35,3,13.32
Not_Applicable,CA-2014-107748,2014-12-11 00:00:00,2014-12-13 00:00:00,On time,AlexGrayson,United States,Stockton,California,Phones,Jackery Bar Premium Fast-charging Portable Charger,USD,95.84,4,34.74
Not_Applicable,CA-2013-107216,2013-06-15 00:00:00,2013-06-18 00:00:00,On time,PaulVanHugh,United States,San Francisco,California,Art,Newell 326,USD,7.04,4,2.04
Not_Applicable,CA-2011-103940,2011-09-17 00:00:00,2011-09-21 00:00:00,On time,BradleyNguyen,United States,Seattle,Washington,Furnishings,"Executive Impressions 12"" Wall Clock",USD,35.34,2,13.43
Not_Applicable,CA-2014-102414,2014-05-16 00:00:00,2014-05-19 00:00:00,On time,JosephAirdo,United States,Phoenix,Arizona,Paper,"Universal Ultra Bright White Copier/Laser Paper, 8 1/2"" x 11"", Ream",USD,15.55,3,5.64
Not_Applicable,CA-2013-140382,2013-06-24 00:00:00,2013-06-26 00:00:00,On time,RubenDartt,United States,San Francisco,California,Labels,Avery 516,USD,21.93,3,10.31
Not_Applicable,CA-2014-108854,2014-12-09 00:00:00,2014-12-15 00:00:00,Delay,DeniseMonton,United States,San Francisco,California,Binders,"Performers Binder/Pad Holder, Black",USD,22.42,1,8.41
Not_Applicable,CA-2013-147585,2013-11-08 00:00:00,2013-11-13 00:00:00,Delay,ClaudiaBergmann,United States,San Francisco,California,Furnishings,"C-Line Magnetic Cubicle Keepers, Clear Polypropylene",USD,14.82,3,6.22
Not_Applicable,CA-2012-167255,2012-09-27 00:00:00,2012-09-29 00:00:00,On time,RickHuthwaite,United States,San Francisco,California,Storage,"Personal Filing Tote with Lid, Black/Gray",USD,15.51,1,4.34
Not_Applicable,CA-2012-104948,2012-11-13 00:00:00,2012-11-17 00:00:00,On time,KeithHerrera,United States,San Bernardino,California,Binders,"Universal Recycled Hanging Pressboard Report Binders, Letter Size",USD,9.87,2,3.46
Not_Applicable,CA-2014-141929,2014-09-05 00:00:00,2014-09-09 00:00:00,On time,RalphArnett,United States,Los Angeles,California,Storage,"Trav-L-File Heavy-Duty Shuttle II, Black",USD,217.85,5,65.36
Not_Applicable,CA-2012-144519,2012-11-13 00:00:00,2012-11-17 00:00:00,On time,ArthurWiediger,United States,Helena,Montana,Furnishings,"Eldon Stackable Tray, Side-Load, Legal, Smoke",USD,63.98,7,21.75
Not_Applicable,CA-2013-158694,2013-11-11 00:00:00,2013-11-14 00:00:00,On time,ArianneIrving,United States,Los Angeles,California,Furnishings,"Howard Miller 11-1/2"" Diameter Ridgewood Wall Clock",USD,467.46,9,191.66
Not_Applicable,US-2012-120502,2012-04-13 00:00:00,2012-04-19 00:00:00,Delay,BillTyler,United States,Los Angeles,California,Phones,Aastra 57i VoIP phone,USD,258.58,2,19.39
Not_Applicable,US-2012-139759,2012-08-25 00:00:00,2012-08-30 00:00:00,Delay,NancyLomonaco,United States,Los Angeles,California,Chairs,"Global Deluxe Stacking Chair, Gray",USD,40.78,1,4.59
Not_Applicable,CA-2014-121853,2014-09-24 00:00:00,2014-09-30 00:00:00,Delay,DuaneBenoit,United States,Los Angeles,California,Binders,Ibico Plastic Spiral Binding Combs,USD,72.96,3,23.71
Not_Applicable,CA-2014-129378,2014-10-02 00:00:00,2014-10-03 00:00:00,On time,NeolaSchneider,United States,San Jose,California,Appliances,"Belkin 325VA UPS Surge Protector, 6'",USD,241.96,2,60.49
Not_Applicable,CA-2012-119627,2012-08-17 00:00:00,2012-08-23 00:00:00,Delay,StevenCartwright,United States,Peoria,Arizona,Art,Newell 336,USD,10.27,3,1.16
Not_Applicable,CA-2013-153101,2013-09-09 00:00:00,2013-09-09 00:00:00,On time,PaulineJohnson,United States,Santa Ana,California,Tables,"Lesro Round Back Collection Coffee Table, End Table",USD,146.04,1,-12.78
Not_Applicable,CA-2011-157623,2011-03-14 00:00:00,2011-03-18 00:00:00,On time,DeanKatz,United States,Huntington Beach,California,Paper,Xerox 1972,USD,10.56,2,4.75
Not_Applicable,CA-2013-121755,2013-01-16 00:00:00,2013-01-20 00:00:00,On time,EricHoffmann,United States,Los Angeles,California,Binders,Wilson Jones Active Use Binders,USD,11.65,2,4.22
Not_Applicable,CA-2011-125829,2011-11-04 00:00:00,2011-11-11 00:00:00,Delay,WilliamBrown,United States,Los Angeles,California,Paper,Xerox 2000,USD,19.44,3,9.33
Not_Applicable,CA-2013-113243,2013-06-11 00:00:00,2013-06-16 00:00:00,Delay,OlveraToch,United States,Los Angeles,California,Labels,Avery 473,USD,20.7,2,9.94
Not_Applicable,CA-2014-156951,2014-10-02 00:00:00,2014-10-09 00:00:00,Delay,EllisBallard,United States,Seattle,Washington,Paper,Xerox 222,USD,19.44,3,9.33
Not_Applicable,CA-2011-139857,2011-02-03 00:00:00,2011-02-07 00:00:00,On time,CynthiaDelaney,United States,San Diego,California,Fasteners,Staples,USD,12.35,5,5.8
Not_Applicable,CA-2011-101931,2011-10-28 00:00:00,2011-10-31 00:00:00,On time,ToddSumrall,United States,Los Angeles,California,Supplies,Premier Automatic Letter Opener,USD,480.74,2,14.42
Not_Applicable,US-2012-128090,2012-08-16 00:00:00,2012-08-22 00:00:00,Delay,JohnMurray,United States,Phoenix,Arizona,Paper,Xerox 1891,USD,313.02,8,105.65
Not_Applicable,CA-2014-161102,2014-08-01 00:00:00,2014-08-04 00:00:00,On time,ErinCreighton,United States,San Francisco,California,Storage,Eldon Portable Mobile Manager,USD,56.56,2,15.27
Not_Applicable,CA-2013-150343,2013-08-17 00:00:00,2013-08-21 00:00:00,On time,PeteKriz,United States,San Francisco,California,Envelopes,Convenience Packs of Business Envelopes,USD,10.86,3,5.1
Not_Applicable,CA-2013-145583,2013-10-14 00:00:00,2013-10-20 00:00:00,Delay,LenaCreighton,United States,Roseville,California,Furnishings,Longer-Life Soft White Bulbs,USD,43.12,14,20.7
Not_Applicable,CA-2014-131954,2014-01-22 00:00:00,2014-01-26 00:00:00,On time,DarrinSayre,United States,Seattle,Washington,Accessories,Logitech Illuminated - Keyboard,USD,179.97,3,86.39
Not_Applicable,CA-2012-132486,2012-10-23 00:00:00,2012-10-27 00:00:00,On time,JayFein,United States,San Diego,California,Accessories,Maxell DVD-RAM Discs,USD,148.32,9,63.78
Not_Applicable,CA-2011-151995,2011-10-13 00:00:00,2011-10-15 00:00:00,On time,ZuschussCarroll,United States,Edmonds,Washington,Accessories,Sony 16GB Class 10 Micro SDHC R40 Memory Card,USD,25.78,2,2.58
Not_Applicable,CA-2011-149244,2011-11-04 00:00:00,2011-11-08 00:00:00,On time,MaryBethSkach,United States,San Diego,California,Furnishings,"Executive Impressions 12"" Wall Clock",USD,35.34,2,13.43
Not_Applicable,US-2011-164406,2011-08-15 00:00:00,2011-08-19 00:00:00,On time,BrianDahlen,United States,San Francisco,California,Appliances,Tripp Lite TLP810NET Broadband Surge for Modem/Fax,USD,152.91,3,42.81
Not_Applicable,US-2014-117534,2014-03-26 00:00:00,2014-03-27 00:00:00,On time,ChristinaVanderZanden,United States,Fresno,California,Copiers,Hewlett Packard 310 Color Digital Copier,USD,479.98,2,60.0
Not_Applicable,CA-2014-139304,2014-01-30 00:00:00,2014-02-03 00:00:00,On time,VivekGonzalez,United States,San Francisco,California,Art,Newell 339,USD,8.34,3,2.17
Not_Applicable,CA-2012-117611,2012-11-08 00:00:00,2012-11-10 00:00:00,On time,MariaZettner,United States,San Diego,California,Fasteners,Advantus Plastic Paper Clips,USD,5.0,1,2.4
Not_Applicable,CA-2014-145233,2014-12-02 00:00:00,2014-12-06 00:00:00,On time,DiannaVittorini,United States,Denver,Colorado,Phones,Jabra BIZ 2300 Duo QD Duo Corded Headset,USD,406.37,4,30.48
Not_Applicable,US-2011-157021,2011-04-01 00:00:00,2011-04-06 00:00:00,Delay,KunstMiller,United States,Vallejo,California,Binders,"Pressboard Data Binder, Crimson, 12"" X 8 1/2""",USD,17.09,4,5.55
Not_Applicable,US-2013-153129,2013-12-27 00:00:00,2013-12-31 00:00:00,On time,FrankPreis,United States,Seattle,Washington,Paper,Strathmore Photo Mount Cards,USD,33.9,5,15.59
Not_Applicable,CA-2014-148985,2014-11-12 00:00:00,2014-11-16 00:00:00,On time,ThomasBrumley,United States,Los Angeles,California,Furnishings,Dax Clear Box Frame,USD,34.92,4,11.87
Not_Applicable,CA-2012-111829,2012-03-19 00:00:00,2012-03-20 00:00:00,On time,FredHopkins,United States,Seattle,Washington,Storage,Deluxe Rollaway Locking File with Drawer,USD,1247.64,3,349.34
Not_Applicable,CA-2014-103380,2014-11-22 00:00:00,2014-11-26 00:00:00,On time,BarryFranz,United States,Pasadena,California,Fasteners,Advantus T-Pin Paper Clips,USD,9.02,2,3.52
Not_Applicable,CA-2014-125913,2014-01-17 00:00:00,2014-01-17 00:00:00,On time,JackO'Briant,United States,Los Angeles,California,Tables,"Lesro Sheffield Collection Coffee Table, End Table, Center Table, Corner Table",USD,399.67,7,-14.99
Not_Applicable,CA-2014-156776,2014-08-08 00:00:00,2014-08-12 00:00:00,On time,JeremyLonsdale,United States,Westminster,California,Paper,Xerox 1881,USD,24.56,2,11.54
Not_Applicable,CA-2012-149846,2012-05-22 00:00:00,2012-05-26 00:00:00,On time,SarahBrown,United States,Los Angeles,California,Phones,Aastra 57i VoIP phone,USD,775.73,6,58.18
Not_Applicable,CA-2014-123085,2014-03-04 00:00:00,2014-03-09 00:00:00,Delay,EdJacobs,United States,Los Angeles,California,Accessories,Imation Bio 2GB USB Flash Drive Imation Corp,USD,1049.44,8,440.76
Not_Applicable,CA-2011-155264,2011-10-19 00:00:00,2011-10-22 00:00:00,On time,RachelPayne,United States,San Francisco,California,Labels,Avery 480,USD,18.75,5,9.0
Not_Applicable,CA-2011-127131,2011-11-24 00:00:00,2011-11-30 00:00:00,Delay,HaroldRyan,United States,Seattle,Washington,Storage,"Carina 42""Hx23 3/4""W Media Storage Unit",USD,485.88,6,9.72
Not_Applicable,CA-2014-143126,2014-12-04 00:00:00,2014-12-08 00:00:00,On time,CorinnaMitchell,United States,Seattle,Washington,Tables,"Bevis Oval Conference Table, Walnut",USD,521.96,2,88.73
Not_Applicable,US-2014-158505,2014-07-22 00:00:00,2014-07-22 00:00:00,On time,SarahFoster,United States,Murray,Utah,Art,"BOSTON Ranger #55 Pencil Sharpener, Black",USD,25.99,1,7.54
Not_Applicable,CA-2013-165918,2013-09-11 00:00:00,2013-09-15 00:00:00,On time,BryanDavis,United States,Edmonds,Washington,Binders,Storex Dura Pro Binders,USD,14.26,3,4.46
Not_Applicable,CA-2013-122322,2013-07-16 00:00:00,2013-07-22 00:00:00,Delay,RickHuthwaite,United States,Provo,Utah,Supplies,Fiskars Home & Office Scissors,USD,44.4,5,12.43
Not_Applicable,CA-2014-118885,2014-12-30 00:00:00,2015-01-03 00:00:00,On time,JamesGalang,United States,Los Angeles,California,Chairs,"Global High-Back Leather Tilter, Burgundy",USD,393.57,4,-44.28
Not_Applicable,CA-2013-162110,2013-07-19 00:00:00,2013-07-23 00:00:00,On time,NoraPaige,United States,Phoenix,Arizona,Phones,iHome FM Clock Radio with Lightning Dock,USD,55.99,1,3.5
Not_Applicable,US-2013-126452,2013-08-22 00:00:00,2013-08-29 00:00:00,Delay,ScotCoram,United States,Los Angeles,California,Paper,Xerox 1997,USD,12.96,2,6.22
Not_Applicable,CA-2012-111507,2012-02-06 00:00:00,2012-02-13 00:00:00,Delay,VictoriaWilson,United States,Bellevue,Washington,Art,Newell 310,USD,5.28,3,1.53
Not_Applicable,CA-2013-144729,2013-10-22 00:00:00,2013-10-26 00:00:00,On time,JoelEaton,United States,San Diego,California,Storage,"Belkin 19"" Vented Equipment Shelf, Black",USD,154.44,3,1.54
Not_Applicable,US-2013-128678,2013-09-16 00:00:00,2013-09-21 00:00:00,Delay,RobBeeghly,United States,Seattle,Washington,Binders,"Cardinal Slant-D Ring Binder, Heavy Gauge Vinyl",USD,48.66,7,15.82
Not_Applicable,US-2011-138247,2011-12-24 00:00:00,2011-12-29 00:00:00,Delay,BenFerrer,United States,Los Angeles,California,Storage,Tennsco Commercial Shelving,USD,20.34,1,0.2
Not_Applicable,CA-2012-149993,2012-03-19 00:00:00,2012-03-20 00:00:00,On time,GuyArmstrong,United States,Lancaster,California,Fasteners,Stockwell Push Pins,USD,10.9,5,3.6
Not_Applicable,CA-2014-134565,2014-06-12 00:00:00,2014-06-14 00:00:00,On time,TomBoeckenhauer,United States,Seattle,Washington,Machines,Cisco Desktop Collaboration Experience DX650 IP Video Phone,USD,385.8,5,130.21
Not_Applicable,CA-2011-107818,2011-09-08 00:00:00,2011-09-14 00:00:00,Delay,MarcCrier,United States,Pasco,Washington,Art,Prang Colored Pencils,USD,5.88,2,2.65
Not_Applicable,CA-2013-156265,2013-08-03 00:00:00,2013-08-05 00:00:00,On time,BarryFranzösisch,United States,Los Angeles,California,Tables,"Barricks Non-Folding Utility Table with Steel Legs, Laminate Tops",USD,136.46,2,15.35
Not_Applicable,US-2013-119046,2013-06-03 00:00:00,2013-06-07 00:00:00,On time,EdwardHooks,United States,Seattle,Washington,Paper,Riverleaf Stik-Withit Designer Note Cubes,USD,30.18,3,13.88
Not_Applicable,CA-2014-123491,2014-10-31 00:00:00,2014-11-06 00:00:00,Delay,JamieKunitz,United States,San Francisco,California,Art,4009 Highlighters by Sanford,USD,19.9,5,6.57
Not_Applicable,CA-2014-105410,2014-03-20 00:00:00,2014-03-23 00:00:00,On time,NatalieDeCherney,United States,San Francisco,California,Accessories,Logitech K350 2.4Ghz Wireless Keyboard,USD,99.54,2,10.95
Not_Applicable,US-2013-126452,2013-08-22 00:00:00,2013-08-29 00:00:00,Delay,ScotCoram,United States,Los Angeles,California,Tables,Bretford CR8500 Series Meeting Room Furniture,USD,2887.06,9,180.44
Not_Applicable,CA-2013-167507,2013-12-23 00:00:00,2013-12-29 00:00:00,Delay,SueAnnReed,United States,Redmond,Oregon,Furnishings,3M Hangers With Command Adhesive,USD,11.84,4,3.11
Not_Applicable,CA-2013-108875,2013-09-25 00:00:00,2013-10-02 00:00:00,Delay,CraigLeslie,United States,Aurora,Colorado,Furnishings,Electrix 20W Halogen Replacement Bulb for Zoom-In Desk Lamp,USD,21.44,2,7.5
Not_Applicable,CA-2013-166429,2013-09-03 00:00:00,2013-09-09 00:00:00,Delay,TobyGnade,United States,Des Moines,Washington,Copiers,Hewlett Packard 610 Color Digital Copier / Printer,USD,999.98,2,449.99
Not_Applicable,CA-2012-124919,2012-05-31 00:00:00,2012-06-02 00:00:00,On time,StephaniePhelps,United States,San Jose,California,Paper,Xerox 1883,USD,105.52,4,48.54
Not_Applicable,US-2011-158400,2011-10-25 00:00:00,2011-10-28 00:00:00,On time,AaronHawkins,United States,San Francisco,California,Binders,GBC VeloBind Cover Sets,USD,49.41,4,18.53
Not_Applicable,CA-2012-155306,2012-04-17 00:00:00,2012-04-21 00:00:00,On time,GeorgeAshbrook,United States,San Francisco,California,Accessories,Plantronics S12 Corded Telephone Headset System,USD,323.37,3,129.35
Not_Applicable,CA-2012-161242,2012-06-01 00:00:00,2012-06-08 00:00:00,Delay,CatherineGlotzbach,United States,Los Angeles,California,Paper,"Adams Telephone Message Book W/Dividers/Space For Phone Numbers, 5 1/4""X8 1/2"", 300/Messages",USD,11.76,2,5.76
Not_Applicable,CA-2012-124919,2012-05-31 00:00:00,2012-06-02 00:00:00,On time,StephaniePhelps,United States,San Jose,California,Paper,Southworth 25% Cotton Antique Laid Paper & Envelopes,USD,58.38,7,26.27
Not_Applicable,CA-2014-105130,2014-11-22 00:00:00,2014-11-26 00:00:00,On time,PatrickJones,United States,San Francisco,California,Art,Newell 332,USD,11.76,4,3.18
Not_Applicable,CA-2012-145415,2012-04-12 00:00:00,2012-04-17 00:00:00,Delay,RobertDilbeck,United States,Seattle,Washington,Storage,"Rogers Jumbo File, Granite",USD,40.74,3,0.41
Not_Applicable,CA-2012-131457,2012-10-31 00:00:00,2012-11-06 00:00:00,Delay,MaryZewe,United States,Redlands,California,Envelopes,Poly String Tie Envelopes,USD,14.28,7,6.71
Not_Applicable,US-2012-129007,2012-09-13 00:00:00,2012-09-15 00:00:00,On time,KenDana,United States,Anaheim,California,Chairs,Global Comet Stacking Armless Chair,USD,717.72,3,71.77
Not_Applicable,US-2013-139087,2013-07-18 00:00:00,2013-07-23 00:00:00,Delay,DennisKane,United States,Seattle,Washington,Furnishings,Eldon Image Series Black Desk Accessories,USD,12.42,3,4.47
Not_Applicable,CA-2011-106439,2011-10-31 00:00:00,2011-11-04 00:00:00,On time,GregGuthrie,United States,Los Angeles,California,Fasteners,Staples,USD,11.34,3,5.22
Not_Applicable,CA-2012-157084,2012-12-19 00:00:00,2012-12-24 00:00:00,Delay,JamesGalang,United States,Los Angeles,California,Accessories,Plantronics Savi W720 Multi-Device Wireless Headset System,USD,1265.85,3,556.97
Not_Applicable,CA-2013-141397,2013-06-21 00:00:00,2013-06-22 00:00:00,On time,RoyCollins,United States,Pasadena,California,Appliances,Belkin 6 Outlet Metallic Surge Strip,USD,21.78,2,5.66
Not_Applicable,CA-2014-156958,2014-12-06 00:00:00,2014-12-07 00:00:00,On time,PatrickBzostek,United States,Seattle,Washington,Binders,GBC VeloBinder Manual Binding System,USD,172.75,6,60.46
Not_Applicable,US-2013-141880,2013-08-23 00:00:00,2013-08-24 00:00:00,On time,TonyChapman,United States,Fort Collins,Colorado,Furnishings,Dana Halogen Swing-Arm Architect Lamp,USD,98.33,3,9.83
Not_Applicable,CA-2014-136007,2014-02-24 00:00:00,2014-03-03 00:00:00,Delay,AnnChong,United States,Seattle,Washington,Phones,invisibleSHIELD by ZAGG Smudge-Free Screen Protector,USD,71.96,5,25.19
Not_Applicable,CA-2011-105648,2011-03-03 00:00:00,2011-03-07 00:00:00,On time,EvaJacobs,United States,San Diego,California,Tables,"Bevis Oval Conference Table, Walnut",USD,626.35,3,-23.49
Not_Applicable,CA-2011-158372,2011-11-10 00:00:00,2011-11-16 00:00:00,Delay,RubenDartt,United States,San Diego,California,Accessories,Memorex Froggy Flash Drive 4 GB,USD,10.99,1,4.29
Not_Applicable,CA-2013-144092,2013-11-06 00:00:00,2013-11-08 00:00:00,On time,LoganHaushalter,United States,San Jose,California,Chairs,Harbour Creations 67200 Series Stacking Chairs,USD,113.89,2,9.97
Not_Applicable,CA-2013-113243,2013-06-11 00:00:00,2013-06-16 00:00:00,Delay,OlveraToch,United States,Los Angeles,California,Tables,Bretford “Just In Time” Height-Adjustable Multi-Task Work Tables,USD,1335.68,4,-217.05
Not_Applicable,US-2014-107979,2014-06-09 00:00:00,2014-06-14 00:00:00,Delay,FrankOlsen,United States,Glendale,Arizona,Accessories,Memorex Micro Travel Drive 16 GB,USD,89.54,7,12.31
Not_Applicable,CA-2014-117457,2014-12-09 00:00:00,2014-12-13 00:00:00,On time,KeithHerrera,United States,San Francisco,California,Bookcases,O'Sullivan 4-Shelf Bookcase in Odessa Pine,USD,1336.83,13,31.45
Not_Applicable,CA-2011-110786,2011-12-29 00:00:00,2012-01-02 00:00:00,On time,AnthonyJohnson,United States,San Francisco,California,Paper,Xerox 1981,USD,21.12,4,9.5
Not_Applicable,CA-2011-156594,2011-12-20 00:00:00,2011-12-23 00:00:00,On time,MichaelChen,United States,Los Angeles,California,Binders,"Premium Transparent Presentation Covers, No Pattern/Clear, 8 1/2"" x 11""",USD,155.12,5,50.41
Not_Applicable,CA-2014-140186,2014-09-30 00:00:00,2014-10-03 00:00:00,On time,PatrickGardner,United States,Bakersfield,California,Appliances,"Fellowes Premier Superior Surge Suppressor, 10-Outlet, With Phone and Remote",USD,97.84,2,25.44
Not_Applicable,CA-2013-150350,2013-08-24 00:00:00,2013-08-31 00:00:00,Delay,MaxwellSchwartz,United States,Seattle,Washington,Envelopes,"Tyvek  Top-Opening Peel & Seel Envelopes, Plain White",USD,135.9,5,63.87
Not_Applicable,CA-2014-166093,2014-08-18 00:00:00,2014-08-25 00:00:00,Delay,RickWilson,United States,Brentwood,California,Phones,OtterBox Defender Series Case - Samsung Galaxy S4,USD,71.98,3,9.0
Not_Applicable,US-2011-109456,2011-10-16 00:00:00,2011-10-17 00:00:00,On time,LynnSmith,United States,San Francisco,California,Accessories,Logitech Illuminated - Keyboard,USD,179.97,3,86.39
Not_Applicable,US-2014-103226,2014-09-23 00:00:00,2014-09-29 00:00:00,Delay,DavidWiener,United States,Albuquerque,New Mexico,Paper,Southworth 25% Cotton Linen-Finish Paper & Envelopes,USD,27.18,3,12.23
Not_Applicable,CA-2013-105585,2013-08-27 00:00:00,2013-08-28 00:00:00,On time,RolandFjeld,United States,San Jose,California,Fasteners,Advantus SlideClip Paper Clips,USD,10.23,3,4.91
Not_Applicable,CA-2011-150490,2011-08-05 00:00:00,2011-08-11 00:00:00,Delay,SoniaSunley,United States,San Francisco,California,Art,Boston KS Multi-Size Manual Pencil Sharpener,USD,45.98,2,12.87
Not_Applicable,CA-2013-125094,2013-11-06 00:00:00,2013-11-10 00:00:00,On time,NoraPreis,United States,Seattle,Washington,Accessories,Cherry 142-key Programmable Keyboard,USD,479.72,4,52.77
Not_Applicable,CA-2011-146528,2011-07-25 00:00:00,2011-07-27 00:00:00,On time,VickyFreymann,United States,Los Angeles,California,Supplies,Acme Kleen Earth Office Shears,USD,15.52,4,4.5
Not_Applicable,CA-2014-167913,2014-07-31 00:00:00,2014-08-04 00:00:00,On time,JohnLee,United States,Mission Viejo,California,Labels,Avery 480,USD,26.25,7,12.6
Not_Applicable,CA-2014-116953,2014-04-25 00:00:00,2014-04-26 00:00:00,On time,SusanVittorini,United States,Mesa,Arizona,Phones,AT&T 841000 Phone,USD,552.0,10,34.5
Not_Applicable,CA-2012-108672,2012-09-10 00:00:00,2012-09-16 00:00:00,Delay,FrankAtkinson,United States,Los Angeles,California,Furnishings,"Seth Thomas 13 1/2"" Wall Clock",USD,106.68,6,33.07
Not_Applicable,CA-2011-157147,2011-01-14 00:00:00,2011-01-19 00:00:00,Delay,BrianDahlen,United States,San Francisco,California,Bookcases,"O'Sullivan Elevations Bookcase, Cherry Finish",USD,334.0,3,3.93
Not_Applicable,CA-2014-166093,2014-08-18 00:00:00,2014-08-25 00:00:00,Delay,RickWilson,United States,Brentwood,California,Envelopes,Staples,USD,23.36,2,11.68
Not_Applicable,CA-2013-139549,2013-10-21 00:00:00,2013-10-26 00:00:00,Delay,MuhammedYedwab,United States,El Cajon,California,Chairs,Hon Every-Day Chair Series Swivel Task Chairs,USD,387.14,4,4.84
Not_Applicable,US-2011-138247,2011-12-24 00:00:00,2011-12-29 00:00:00,Delay,BenFerrer,United States,Los Angeles,California,Accessories,Sony 32GB Class 10 Micro SDHC R40 Memory Card,USD,62.85,3,13.2
Not_Applicable,CA-2013-134348,2013-11-13 00:00:00,2013-11-20 00:00:00,Delay,MauriceSatty,United States,Mesa,Arizona,Binders,Round Ring Binders,USD,4.37,7,-3.35
Not_Applicable,CA-2014-156958,2014-12-06 00:00:00,2014-12-07 00:00:00,On time,PatrickBzostek,United States,Seattle,Washington,Binders,GBC Premium Transparent Covers with Diagonal Lined Pattern,USD,83.92,5,29.37
Not_Applicable,CA-2013-101189,2013-02-04 00:00:00,2013-02-09 00:00:00,Delay,JenniferBraxton,United States,Los Angeles,California,Storage,Safco Commercial Shelving,USD,93.02,2,3.72
Not_Applicable,CA-2014-133648,2014-06-26 00:00:00,2014-07-03 00:00:00,Delay,MaxLudwig,United States,Springfield,Oregon,Labels,Alphabetical Labels for Top Tab Filing,USD,71.04,6,26.64
Not_Applicable,CA-2014-106180,2014-09-19 00:00:00,2014-09-24 00:00:00,Delay,SallyHughsby,United States,San Francisco,California,Art,Newell 343,USD,8.82,3,2.38
Not_Applicable,CA-2013-106621,2013-09-30 00:00:00,2013-10-02 00:00:00,On time,DarioMedina,United States,Yuma,Arizona,Art,Newell 351,USD,10.5,4,1.18
Not_Applicable,CA-2013-160745,2013-12-12 00:00:00,2013-12-17 00:00:00,Delay,AnthonyRawles,United States,Vancouver,Washington,Phones,AT&T TR1909W,USD,302.38,3,22.68
Not_Applicable,CA-2014-145219,2014-12-25 00:00:00,2014-12-26 00:00:00,On time,RobertMarley,United States,Los Angeles,California,Binders,Vinyl Sectional Post Binders,USD,90.48,3,33.93
Not_Applicable,CA-2012-147816,2012-09-24 00:00:00,2012-09-26 00:00:00,On time,CarlosMeador,United States,Tucson,Arizona,Phones,Samsung HM1900 Bluetooth Headset,USD,35.12,2,13.17
Not_Applicable,CA-2012-156566,2012-10-01 00:00:00,2012-10-04 00:00:00,On time,EricMurdock,United States,Portland,Oregon,Phones,Wilson Electronics DB Pro Signal Booster,USD,572.8,2,50.12
Not_Applicable,CA-2014-145506,2014-06-04 00:00:00,2014-06-08 00:00:00,On time,MegO'Connel,United States,Spokane,Washington,Storage,Eldon Gobal File Keepers,USD,136.26,9,5.45
Not_Applicable,US-2014-155425,2014-11-11 00:00:00,2014-11-12 00:00:00,On time,AnnBlume,United States,Tucson,Arizona,Chairs,Hon 2090 “Pillow Soft” Series Mid Back Swivel/Tilt Chairs,USD,899.14,4,-146.11
Not_Applicable,CA-2013-126270,2013-04-24 00:00:00,2013-04-28 00:00:00,On time,ArtFerguson,United States,San Clemente,California,Binders,Recycled Pressboard Report Cover with Reinforced Top Hinge,USD,18.09,7,6.56
Not_Applicable,CA-2014-135783,2014-04-23 00:00:00,2014-04-25 00:00:00,On time,GaryMcGarr,United States,San Francisco,California,Furnishings,"Eldon Stackable Tray, Side-Load, Legal, Smoke",USD,18.28,2,6.22
Not_Applicable,CA-2013-145261,2013-12-19 00:00:00,2013-12-22 00:00:00,On time,AdrianHane,United States,Salem,Oregon,Phones,Macally Suction Cup Mount,USD,28.68,3,-7.17
Not_Applicable,US-2014-109316,2014-06-09 00:00:00,2014-06-11 00:00:00,On time,MaureenGastineau,United States,Los Angeles,California,Phones,Shocksock Galaxy S4 Armband,USD,17.52,2,-3.5
Not_Applicable,CA-2013-168830,2013-11-08 00:00:00,2013-11-14 00:00:00,Delay,MarinaLichtenstein,United States,San Francisco,California,Accessories,NETGEAR AC1750 Dual Band Gigabit Smart WiFi Router,USD,479.97,3,163.19
Not_Applicable,CA-2014-152737,2014-11-08 00:00:00,2014-11-13 00:00:00,Delay,TonySayre,United States,San Francisco,California,Binders,Avery Self-Adhesive Photo Pockets for Polaroid Photos,USD,21.79,4,7.63
Not_Applicable,CA-2014-116715,2014-12-03 00:00:00,2014-12-06 00:00:00,On time,VictoriaWilson,United States,San Francisco,California,Paper,Xerox 1940,USD,109.92,2,53.86
Not_Applicable,US-2013-108455,2013-12-03 00:00:00,2013-12-09 00:00:00,Delay,MikeKennedy,United States,San Francisco,California,Storage,X-Rack File for Hanging Folders,USD,33.87,3,8.81
Not_Applicable,CA-2012-109939,2012-05-08 00:00:00,2012-05-12 00:00:00,On time,AllenArmold,United States,Salem,Oregon,Art,Newell 321,USD,5.25,2,0.59
Not_Applicable,CA-2013-101651,2013-12-25 00:00:00,2013-12-31 00:00:00,Delay,SeanChristensen,United States,San Jose,California,Furnishings,"Eldon 200 Class Desk Accessories, Smoke",USD,43.96,7,18.46
Not_Applicable,CA-2012-160864,2012-05-03 00:00:00,2012-05-06 00:00:00,On time,NicoleFjeld,United States,San Jose,California,Binders,Avery Binding System Hidden Tab Executive Style Index Sets,USD,13.85,3,5.19
Not_Applicable,CA-2014-161459,2014-11-26 00:00:00,2014-11-30 00:00:00,On time,EdwardBecker,United States,Laguna Niguel,California,Paper,"Adams Telephone Message Book W/Dividers/Space For Phone Numbers, 5 1/4""X8 1/2"", 200/Messages",USD,34.08,6,15.34
Not_Applicable,CA-2014-160395,2014-01-01 00:00:00,2014-01-07 00:00:00,Delay,KellyLampkin,United States,Reno,Nevada,Art,"Crayola Anti Dust Chalk, 12/Pack",USD,3.64,2,1.64
Not_Applicable,CA-2011-140662,2011-11-17 00:00:00,2011-11-19 00:00:00,On time,ThomasSeio,United States,San Francisco,California,Appliances,APC 7 Outlet Network SurgeArrest Surge Protector,USD,241.44,3,72.43
Not_Applicable,CA-2013-138688,2013-06-13 00:00:00,2013-06-17 00:00:00,On time,DarrinVanHuff,United States,Los Angeles,California,Labels,Self-Adhesive Address Labels for Typewriters by Universal,USD,14.62,2,6.87
Not_Applicable,CA-2014-112515,2014-09-18 00:00:00,2014-09-22 00:00:00,On time,AlanSchoenberger,United States,Provo,Utah,Binders,"GBC Pre-Punched Binding Paper, Plastic, White, 8-1/2"" x 11""",USD,25.58,2,8.95
Not_Applicable,CA-2011-112851,2011-09-17 00:00:00,2011-09-21 00:00:00,On time,NickRadford,United States,Chula Vista,California,Envelopes,"Tyvek Interoffice Envelopes, 9 1/2"" x 12 1/2"", 100/Box",USD,182.94,3,85.98
Not_Applicable,CA-2013-161025,2013-12-04 00:00:00,2013-12-10 00:00:00,Delay,GaryMcGarr,United States,Los Angeles,California,Storage,Fellowes Staxonsteel Drawer Files,USD,772.68,4,108.18
Not_Applicable,CA-2014-134915,2014-11-13 00:00:00,2014-11-13 00:00:00,On time,EugeneMoren,United States,Glendale,Arizona,Chairs,Harbour Creations 67200 Series Stacking Chairs,USD,113.89,2,9.97
Not_Applicable,CA-2014-153822,2014-09-20 00:00:00,2014-09-26 00:00:00,Delay,AdrianBarton,United States,Phoenix,Arizona,Binders,Plastic Binding Combs,USD,18.18,4,-13.94
Not_Applicable,CA-2011-148383,2011-12-27 00:00:00,2011-12-31 00:00:00,On time,ResiPölking,United States,Phoenix,Arizona,Binders,GBC DocuBind 300 Electric Binding Machine,USD,946.76,6,-694.29
Not_Applicable,CA-2012-143364,2012-07-14 00:00:00,2012-07-19 00:00:00,Delay,TobyGnade,United States,Mesa,Arizona,Bookcases,"Hon Metal Bookcases, Black",USD,127.76,6,-191.65
Not_Applicable,CA-2014-158169,2014-08-13 00:00:00,2014-08-16 00:00:00,On time,JustinMacKendrick,United States,Lake Forest,California,Appliances,Avanti 4.4 Cu. Ft. Refrigerator,USD,542.94,3,152.02
Not_Applicable,CA-2013-115917,2013-05-21 00:00:00,2013-05-26 00:00:00,Delay,RickBensley,United States,Vallejo,California,Furnishings,Luxo Professional Fluorescent Magnifier Lamp with Clamp-Mount Base,USD,1049.2,5,272.79
Not_Applicable,CA-2012-139248,2012-07-25 00:00:00,2012-07-30 00:00:00,Delay,RussellD'Ascenzo,United States,Los Angeles,California,Phones,Motorola L703CM,USD,623.96,5,39.0
Not_Applicable,US-2014-123463,2014-12-24 00:00:00,2014-12-24 00:00:00,On time,GaryZandusky,United States,San Francisco,California,Art,"Binney & Smith Crayola Metallic Crayons, 16-Color Pack",USD,13.48,4,5.93
Not_Applicable,CA-2011-117464,2011-07-22 00:00:00,2011-07-24 00:00:00,On time,NaresjPatel,United States,San Francisco,California,Art,Newell 32,USD,11.52,4,3.23
Not_Applicable,US-2012-129007,2012-09-13 00:00:00,2012-09-15 00:00:00,On time,KenDana,United States,Anaheim,California,Furnishings,Tensor Computer Mounted Lamp,USD,44.67,3,12.06
Not_Applicable,US-2013-108497,2013-06-15 00:00:00,2013-06-15 00:00:00,On time,MarcHarrigan,United States,Los Angeles,California,Bookcases,"Bush Heritage Pine Collection 5-Shelf Bookcase, Albany Pine Finish, *Special Order",USD,599.17,5,35.25
Not_Applicable,CA-2013-169166,2013-05-10 00:00:00,2013-05-15 00:00:00,Delay,SoniaSunley,United States,Seattle,Washington,Accessories,Sony Micro Vault Click 8 GB USB 2.0 Flash Drive,USD,93.98,2,13.16
Not_Applicable,CA-2013-130638,2013-05-17 00:00:00,2013-05-20 00:00:00,On time,SanjitChand,United States,Los Angeles,California,Furnishings,"Tenex Carpeted, Granite-Look or Clear Contemporary Contour Shape Chair Mats",USD,282.84,4,19.8
Not_Applicable,US-2014-109253,2014-08-22 00:00:00,2014-08-23 00:00:00,On time,PatrickRyan,United States,Oakland,California,Tables,Chromcraft Rectangular Conference Tables,USD,568.73,3,28.44
Not_Applicable,US-2012-156496,2012-08-10 00:00:00,2012-08-16 00:00:00,Delay,WilliamBrown,United States,Redmond,Oregon,Appliances,Fellowes 8 Outlet Superior Workstation Surge Protector,USD,133.47,4,15.02
Not_Applicable,CA-2013-167241,2013-08-16 00:00:00,2013-08-23 00:00:00,Delay,BillDonatelli,United States,Los Angeles,California,Furnishings,Luxo Professional Magnifying Clamp-On Fluorescent Lamps,USD,312.03,3,43.68
Not_Applicable,CA-2011-133158,2011-08-19 00:00:00,2011-08-21 00:00:00,On time,DavidWiener,United States,Los Angeles,California,Binders,Satellite Sectional Post Binders,USD,69.46,2,22.57
Not_Applicable,CA-2013-114748,2013-10-10 00:00:00,2013-10-15 00:00:00,Delay,MariaZettner,United States,Phoenix,Arizona,Art,Newell 310,USD,1.41,1,0.16
Not_Applicable,CA-2012-110457,2012-03-02 00:00:00,2012-03-06 00:00:00,On time,DaveKipp,United States,Seattle,Washington,Tables,Hon Racetrack Conference Tables,USD,787.53,3,165.38
Not_Applicable,CA-2012-130736,2012-12-07 00:00:00,2012-12-09 00:00:00,On time,JeremyFarry,United States,Seattle,Washington,Labels,Avery 509,USD,2.61,1,1.2
Not_Applicable,CA-2013-139010,2013-02-21 00:00:00,2013-02-26 00:00:00,Delay,MatthewClasen,United States,Los Angeles,California,Binders,"Wilson Jones Clip & Carry Folder Binder Tool for Ring Binders, Clear",USD,18.56,4,6.5
Not_Applicable,CA-2011-138681,2011-12-20 00:00:00,2011-12-22 00:00:00,On time,CarolTriggs,United States,Tucson,Arizona,Furnishings,"Computer Room Manger, 14""",USD,51.97,2,10.39
Not_Applicable,CA-2011-132451,2011-09-26 00:00:00,2011-09-27 00:00:00,On time,KarenFerguson,United States,San Diego,California,Paper,Xerox 217,USD,19.44,3,9.33
Not_Applicable,CA-2013-108882,2013-01-09 00:00:00,2013-01-15 00:00:00,Delay,LauraArmstrong,United States,Fresno,California,Accessories,Logitech G500s Laser Gaming Mouse with Adjustable Weight Tuning,USD,349.95,5,118.98
Not_Applicable,CA-2011-138681,2011-12-20 00:00:00,2011-12-22 00:00:00,On time,CarolTriggs,United States,Tucson,Arizona,Paper,Xerox 1954,USD,8.45,2,2.64
Not_Applicable,CA-2014-128160,2014-12-20 00:00:00,2014-12-25 00:00:00,Delay,MichaelMoore,United States,San Francisco,California,Binders,Deluxe Heavy-Duty Vinyl Round Ring Binder,USD,36.67,2,11.46
Not_Applicable,CA-2014-122490,2014-11-14 00:00:00,2014-11-19 00:00:00,Delay,TedTrevino,United States,Seattle,Washington,Chairs,Global Troy Executive Leather Low-Back Tilter,USD,2404.7,6,150.29
Not_Applicable,CA-2014-116946,2014-12-20 00:00:00,2014-12-24 00:00:00,On time,TonySayre,United States,Parker,Colorado,Storage,Tennsco Industrial Shelving,USD,78.26,2,-17.61
Not_Applicable,CA-2013-144218,2013-11-01 00:00:00,2013-11-05 00:00:00,On time,JonathanDoherty,United States,Los Angeles,California,Storage,"Dual Level, Single-Width Filing Carts",USD,1085.42,7,282.21
Not_Applicable,CA-2014-143343,2014-06-11 00:00:00,2014-06-14 00:00:00,On time,BenWallace,United States,Los Angeles,California,Art,Newell 351,USD,16.4,5,4.76
Not_Applicable,CA-2012-121188,2012-08-28 00:00:00,2012-09-04 00:00:00,Delay,CassandraBrandow,United States,Los Angeles,California,Furnishings,Eldon Wave Desk Accessories,USD,4.16,2,1.75
Not_Applicable,US-2012-103996,2012-03-29 00:00:00,2012-03-31 00:00:00,On time,RichardBierner,United States,San Diego,California,Accessories,Memorex Froggy Flash Drive 8 GB,USD,53.25,3,20.77
Not_Applicable,CA-2011-104829,2011-11-18 00:00:00,2011-11-21 00:00:00,On time,JohnGrady,United States,Provo,Utah,Paper,"Adams ""While You Were Out"" Message Pads",USD,21.98,7,9.89
Not_Applicable,CA-2012-140144,2012-06-20 00:00:00,2012-06-25 00:00:00,Delay,StewartCarmichael,United States,San Francisco,California,Phones,netTALK DUO VoIP Telephone Service,USD,125.98,3,47.24
Not_Applicable,CA-2011-135090,2011-11-22 00:00:00,2011-11-26 00:00:00,On time,SusanPistek,United States,Los Angeles,California,Paper,Xerox 1895,USD,53.82,9,24.22
Not_Applicable,CA-2012-135727,2012-05-11 00:00:00,2012-05-16 00:00:00,Delay,PaulStevenson,United States,Phoenix,Arizona,Chairs,Global Chrome Stack Chair,USD,191.97,7,16.8
Not_Applicable,CA-2012-149713,2012-09-18 00:00:00,2012-09-22 00:00:00,On time,TrudyGlocke,United States,Long Beach,California,Supplies,Acme Value Line Scissors,USD,7.3,2,2.19
Not_Applicable,CA-2012-112144,2012-06-28 00:00:00,2012-07-02 00:00:00,On time,CraigYedwab,United States,Gilbert,Arizona,Labels,Avery 501,USD,5.9,2,1.99
Not_Applicable,CA-2014-132262,2014-09-22 00:00:00,2014-09-24 00:00:00,On time,MuhammedLee,United States,Seattle,Washington,Accessories,Logitech M510 Wireless Mouse,USD,79.98,2,26.39
Not_Applicable,US-2013-117387,2013-10-28 00:00:00,2013-11-01 00:00:00,On time,PeteArmstrong,United States,San Francisco,California,Binders,Avery Legal 4-Ring Binder,USD,67.14,4,25.18
Not_Applicable,CA-2013-143476,2013-09-12 00:00:00,2013-09-14 00:00:00,On time,LindaCazamias,United States,Phoenix,Arizona,Art,"Crayola Anti Dust Chalk, 12/Pack",USD,2.91,2,0.91
Not_Applicable,CA-2013-154067,2013-02-01 00:00:00,2013-02-07 00:00:00,Delay,SuzanneMcNair,United States,Los Angeles,California,Paper,Xerox 1883,USD,105.52,4,48.54
Not_Applicable,CA-2013-164399,2013-11-13 00:00:00,2013-11-16 00:00:00,On time,DiannaWilson,United States,San Diego,California,Tables,Global Adaptabilities Conference Tables,USD,674.35,3,-8.43
Not_Applicable,CA-2014-134845,2014-04-18 00:00:00,2014-04-24 00:00:00,Delay,SharelleRoach,United States,Louisville,Colorado,Machines,Lexmark MX611dhe Monochrome Laser Printer,USD,2549.99,5,-3399.98
Not_Applicable,CA-2014-132521,2014-09-24 00:00:00,2014-09-26 00:00:00,On time,DonWeiss,United States,Seattle,Washington,Storage,Sterilite Officeware Hinged File Box,USD,31.44,3,8.49
Not_Applicable,CA-2013-113341,2013-11-26 00:00:00,2013-11-30 00:00:00,On time,MarkHamilton,United States,Los Angeles,California,Chairs,"Padded Folding Chairs, Black, 4/Carton",USD,194.35,3,19.44
Not_Applicable,CA-2012-111234,2012-02-18 00:00:00,2012-02-22 00:00:00,On time,AnnBlume,United States,Los Angeles,California,Labels,Smead Alpha-Z Color-Coded Second Alphabetical Labels and Starter Set,USD,9.24,3,4.44
Not_Applicable,CA-2011-156433,2011-09-20 00:00:00,2011-09-26 00:00:00,Delay,EricaSmith,United States,San Francisco,California,Labels,Avery 499,USD,9.96,2,4.58
Not_Applicable,CA-2014-143665,2014-04-27 00:00:00,2014-05-02 00:00:00,Delay,PhilisseOvercash,United States,Seattle,Washington,Labels,Avery 478,USD,39.28,8,19.25
Not_Applicable,CA-2013-148747,2013-09-26 00:00:00,2013-09-28 00:00:00,On time,AaronSmayling,United States,San Francisco,California,Bookcases,"Atlantic Metals Mobile 4-Shelf Bookcases, Custom Colors",USD,477.67,2,84.29
Not_Applicable,CA-2012-132486,2012-10-23 00:00:00,2012-10-27 00:00:00,On time,JayFein,United States,San Diego,California,Chairs,"Global Leather and Oak Executive Chair, Black",USD,240.78,1,27.09
Not_Applicable,CA-2013-152646,2013-11-22 00:00:00,2013-11-27 00:00:00,Delay,TiffanyHouse,United States,Los Angeles,California,Paper,Xerox 222,USD,32.4,5,15.55
Not_Applicable,US-2014-101539,2014-03-17 00:00:00,2014-03-19 00:00:00,On time,ValerieMitchum,United States,Seattle,Washington,Phones,Mitel MiVoice 5330e IP Phone,USD,659.98,3,49.5
Not_Applicable,CA-2014-136623,2014-07-12 00:00:00,2014-07-17 00:00:00,Delay,TomStivers,United States,San Diego,California,Binders,"Acco Four Pocket Poly Ring Binder with Label Holder, Smoke, 1""",USD,29.8,5,9.31
Not_Applicable,CA-2011-113768,2011-05-13 00:00:00,2011-05-19 00:00:00,Delay,AaronHawkins,United States,Los Angeles,California,Chairs,"Iceberg Nesting Folding Chair, 19w x 6d x 43h",USD,279.46,6,20.96
Not_Applicable,CA-2014-167640,2014-03-07 00:00:00,2014-03-11 00:00:00,On time,FrankCarlisle,United States,San Francisco,California,Paper,Xerox 1893,USD,286.93,7,140.6
Not_Applicable,CA-2014-119809,2014-08-19 00:00:00,2014-08-26 00:00:00,Delay,YanaSorensen,United States,Seattle,Washington,Furnishings,"Contract Clock, 14"", Brown",USD,65.94,3,22.42
Not_Applicable,CA-2012-100146,2012-05-14 00:00:00,2012-05-19 00:00:00,Delay,ClaudiaBergmann,United States,Camarillo,California,Bookcases,"Bush Andora Bookcase, Maple/Graphite Gray Finish",USD,509.96,5,42.0
Not_Applicable,CA-2014-137463,2014-12-17 00:00:00,2014-12-21 00:00:00,On time,KalycaMeade,United States,Sunnyvale,California,Accessories,Imation Secure Drive + Hardware Encrypted USB flash drive - 16 GB,USD,189.95,5,45.59
Not_Applicable,CA-2011-109918,2011-09-07 00:00:00,2011-09-12 00:00:00,Delay,LisaRyan,United States,Santa Clara,California,Binders,Avery Legal 4-Ring Binder,USD,83.92,5,31.47
Not_Applicable,CA-2012-144722,2012-03-16 00:00:00,2012-03-23 00:00:00,Delay,MonicaFederle,United States,Los Angeles,California,Furnishings,"Howard Miller 11-1/2"" Diameter Brentwood Wall Clock",USD,43.13,1,18.11
Not_Applicable,CA-2014-158071,2014-06-11 00:00:00,2014-06-16 00:00:00,Delay,BillDonatelli,United States,Seattle,Washington,Phones,"Logitech B530 USB Headset - headset - Full size, Binaural",USD,88.78,3,7.77
Not_Applicable,CA-2013-128412,2013-12-11 00:00:00,2013-12-18 00:00:00,Delay,ArthurPrichep,United States,Seattle,Washington,Binders,GBC DocuBind P50 Personal Binding Machine,USD,153.55,3,51.82
Not_Applicable,CA-2012-139164,2012-06-23 00:00:00,2012-06-28 00:00:00,Delay,ChristineSundaresam,United States,Long Beach,California,Phones,JBL Micro Wireless Portable Bluetooth Speaker,USD,143.98,3,9.0
Not_Applicable,CA-2013-153661,2013-01-30 00:00:00,2013-01-31 00:00:00,On time,StevenCartwright,United States,San Francisco,California,Storage,"File Shuttle II and Handi-File, Black",USD,305.01,9,76.25
Not_Applicable,CA-2011-154669,2011-08-08 00:00:00,2011-08-11 00:00:00,On time,TamaraManning,United States,Vacaville,California,Storage,Advantus Rolling Drawer Organizers,USD,423.28,11,110.05
Not_Applicable,CA-2013-100468,2013-11-25 00:00:00,2013-12-02 00:00:00,Delay,AlyssaTate,United States,Los Angeles,California,Phones,"iKross Bluetooth Portable Keyboard + Cell Phone Stand Holder + Brush for Apple iPhone 5S 5C 5, 4S 4",USD,33.52,2,3.35
Not_Applicable,CA-2011-143385,2011-08-31 00:00:00,2011-09-05 00:00:00,Delay,ShirleyJackson,United States,Santa Fe,New Mexico,Accessories,KeyTronic KT400U2 - Keyboard - Black,USD,92.52,9,18.5
Not_Applicable,CA-2012-124800,2012-09-26 00:00:00,2012-09-30 00:00:00,On time,RickWilson,United States,Mesa,Arizona,Storage,SAFCO Boltless Steel Shelving,USD,363.65,4,-86.37
Not_Applicable,CA-2013-139997,2013-07-02 00:00:00,2013-07-04 00:00:00,On time,EugeneMoren,United States,Lehi,Utah,Copiers,Hewlett Packard 310 Color Digital Copier,USD,1499.95,5,449.99
Not_Applicable,CA-2013-113243,2013-06-11 00:00:00,2013-06-16 00:00:00,Delay,OlveraToch,United States,Los Angeles,California,Paper,Xerox 226,USD,32.4,5,15.55
Not_Applicable,CA-2014-133046,2014-07-28 00:00:00,2014-08-02 00:00:00,Delay,DennisKane,United States,Seattle,Washington,Paper,"Message Book, Phone, Wirebound Standard Line Memo, 2 3/4"" X 5""",USD,26.2,4,12.05
Not_Applicable,CA-2014-140151,2014-03-24 00:00:00,2014-03-26 00:00:00,On time,RaymondBuch,United States,Seattle,Washington,Copiers,Canon imageCLASS 2200 Advanced Copier,USD,13999.96,4,6719.98
Not_Applicable,CA-2013-146318,2013-01-22 00:00:00,2013-01-27 00:00:00,Delay,MarcCrier,United States,Seattle,Washington,Paper,Xerox 218,USD,12.96,2,6.22
Not_Applicable,CA-2014-117926,2014-12-09 00:00:00,2014-12-13 00:00:00,On time,AlanSchoenberger,United States,San Francisco,California,Appliances,Belkin 8-Outlet Premiere SurgeMaster II Surge Protectors,USD,69.48,1,20.84
Not_Applicable,US-2014-112347,2014-12-03 00:00:00,2014-12-07 00:00:00,On time,BillStewart,United States,Denver,Colorado,Binders,Aluminum Screw Posts,USD,36.62,8,-24.42
Not_Applicable,CA-2012-134117,2012-12-17 00:00:00,2012-12-19 00:00:00,On time,PaulGonzalez,United States,Los Angeles,California,Phones,Panasonic KX TS3282W Corded phone,USD,135.98,2,17.0
Not_Applicable,CA-2014-157448,2014-11-17 00:00:00,2014-11-21 00:00:00,On time,LenaCreighton,United States,Los Angeles,California,Furnishings,Eldon Image Series Black Desk Accessories,USD,12.42,3,4.47
Not_Applicable,US-2013-123610,2013-05-13 00:00:00,2013-05-17 00:00:00,On time,VivianMathis,United States,Mission Viejo,California,Appliances,Staples,USD,8.67,1,2.34
Not_Applicable,CA-2013-136686,2013-12-13 00:00:00,2013-12-17 00:00:00,On time,RoyFranzösisch,United States,Pasadena,California,Appliances,Belkin F9H710-06 7 Outlet SurgeMaster Surge Protector,USD,56.52,3,15.83
Not_Applicable,CA-2012-142454,2012-08-15 00:00:00,2012-08-19 00:00:00,On time,RichardEichhorn,United States,Oakland,California,Storage,Mobile Personal File Cube,USD,70.26,3,18.97
Not_Applicable,CA-2011-124737,2011-08-23 00:00:00,2011-08-27 00:00:00,On time,ArthurPrichep,United States,Denver,Colorado,Paper,Xerox 1988,USD,223.06,9,69.71
Not_Applicable,CA-2011-125731,2011-09-10 00:00:00,2011-09-16 00:00:00,Delay,ClayLudtke,United States,Gresham,Oregon,Envelopes,Peel & Seel Envelopes,USD,21.73,7,7.6
Not_Applicable,CA-2013-100300,2013-06-25 00:00:00,2013-06-27 00:00:00,On time,MaxJones,United States,San Diego,California,Appliances,APC 7 Outlet Network SurgeArrest Surge Protector,USD,241.44,3,72.43
Not_Applicable,CA-2014-167150,2014-12-11 00:00:00,2014-12-18 00:00:00,Delay,BenPeterman,United States,San Diego,California,Binders,Avery Hole Reinforcements,USD,19.94,4,7.23
Not_Applicable,US-2012-103471,2012-12-24 00:00:00,2012-12-28 00:00:00,On time,JimRadford,United States,Colorado Springs,Colorado,Art,"Dixon My First Ticonderoga Pencil, #2",USD,14.04,3,1.58
Not_Applicable,CA-2011-134726,2011-11-02 00:00:00,2011-11-07 00:00:00,Delay,StevenWard,United States,Seattle,Washington,Phones,Samsung Rugby III,USD,52.79,1,4.62
Not_Applicable,CA-2011-108189,2011-10-02 00:00:00,2011-10-05 00:00:00,On time,ErinSmith,United States,Tempe,Arizona,Envelopes,Letter or Legal Size Expandable Poly String Tie Envelopes,USD,12.77,6,4.63
Not_Applicable,US-2014-142573,2014-07-19 00:00:00,2014-07-24 00:00:00,Delay,MarisLaWare,United States,Phoenix,Arizona,Chairs,"Global Fabric Manager's Chair, Dark Gray",USD,161.57,2,10.1
Not_Applicable,CA-2014-128370,2014-09-11 00:00:00,2014-09-11 00:00:00,On time,FrankHawley,United States,Los Angeles,California,Chairs,DMI Arturo Collection Mission-style Design Wood Chair,USD,362.35,3,27.18
Not_Applicable,CA-2014-101245,2014-11-28 00:00:00,2014-12-04 00:00:00,Delay,LindsayWilliams,United States,San Francisco,California,Accessories,Enermax Briskie RF Wireless Keyboard and Mouse Combo,USD,166.16,8,59.82
Not_Applicable,CA-2011-102645,2011-01-24 00:00:00,2011-01-29 00:00:00,Delay,IoniaMcGrath,United States,Las Vegas,Nevada,Paper,Xerox 195,USD,40.08,6,19.24
Not_Applicable,CA-2013-139808,2013-10-08 00:00:00,2013-10-12 00:00:00,On time,MickCrebagga,United States,Marysville,Washington,Fasteners,"Alliance Super-Size Bands, Assorted Sizes",USD,93.36,12,0.93
Not_Applicable,CA-2013-106397,2013-07-08 00:00:00,2013-07-14 00:00:00,Delay,MaxJones,United States,Orem,Utah,Paper,Xerox 226,USD,12.96,2,6.22
Not_Applicable,CA-2011-163419,2011-11-11 00:00:00,2011-11-14 00:00:00,On time,TracyZic,United States,Louisville,Colorado,Art,"BIC Brite Liner Grip Highlighters, Assorted, 5/Pack",USD,3.39,1,0.81
Not_Applicable,US-2011-134187,2011-11-04 00:00:00,2011-11-11 00:00:00,Delay,TiffanyHouse,United States,Long Beach,California,Art,Newell 343,USD,2.94,1,0.79
Not_Applicable,CA-2014-169264,2014-08-15 00:00:00,2014-08-17 00:00:00,On time,NoraPreis,United States,San Francisco,California,Art,Newell 318,USD,16.68,6,4.34
Not_Applicable,CA-2011-102330,2011-12-29 00:00:00,2012-01-03 00:00:00,Delay,ArianneIrving,United States,Brentwood,California,Phones,HTC One,USD,319.97,4,36.0
Not_Applicable,CA-2013-152534,2013-06-21 00:00:00,2013-06-26 00:00:00,Delay,DavePoirier,United States,Salinas,California,Art,DIXON Oriole Pencils,USD,5.16,2,1.34
Not_Applicable,CA-2011-140403,2011-10-10 00:00:00,2011-10-10 00:00:00,On time,TanjaNorvell,United States,Manteca,California,Chairs,"Global Deluxe Stacking Chair, Gray",USD,122.35,3,13.76
Not_Applicable,US-2013-156986,2013-03-21 00:00:00,2013-03-25 00:00:00,On time,ZuschussCarroll,United States,Salem,Oregon,Paper,Xerox 225,USD,20.74,4,7.26
Not_Applicable,US-2013-115819,2013-04-20 00:00:00,2013-04-25 00:00:00,Delay,JasO'Carroll,United States,Los Angeles,California,Binders,"Angle-D Binders with Locking Rings, Label Holders",USD,5.84,1,1.97
Not_Applicable,CA-2014-137505,2014-11-25 00:00:00,2014-11-25 00:00:00,On time,BethPaige,United States,Los Angeles,California,Tables,"Hon Practical Foundations 30 x 60 Training Table, Light Gray/Charcoal",USD,364.08,2,9.1
Not_Applicable,CA-2011-111451,2011-12-26 00:00:00,2011-12-28 00:00:00,On time,KellyLampkin,United States,Colorado Springs,Colorado,Fasteners,"Vinyl Coated Wire Paper Clips in Organizer Box, 800/Box",USD,27.55,3,9.3
Not_Applicable,CA-2013-130477,2013-04-09 00:00:00,2013-04-13 00:00:00,On time,LoganCurrie,United States,Los Angeles,California,Paper,Xerox 1931,USD,12.96,2,6.22
Not_Applicable,CA-2011-133158,2011-08-19 00:00:00,2011-08-21 00:00:00,On time,DavidWiener,United States,Los Angeles,California,Furnishings,"Deflect-o EconoMat Studded, No Bevel Mat for Low Pile Carpeting",USD,289.24,7,26.03
Not_Applicable,US-2014-132220,2014-11-13 00:00:00,2014-11-17 00:00:00,On time,DonJones,United States,Tempe,Arizona,Accessories,SanDisk Ultra 16 GB MicroSDHC Class 10 Memory Card,USD,62.35,6,-10.91
Not_Applicable,CA-2012-111514,2012-08-31 00:00:00,2012-09-02 00:00:00,On time,ScottCohen,United States,San Francisco,California,Binders,GBC Prestige Therm-A-Bind Covers,USD,137.24,5,46.32
Not_Applicable,CA-2014-163209,2014-05-04 00:00:00,2014-05-08 00:00:00,On time,MikeKennedy,United States,San Francisco,California,Paper,Xerox 2,USD,25.92,4,12.44
Not_Applicable,CA-2011-116834,2011-10-11 00:00:00,2011-10-16 00:00:00,Delay,Deanpercer,United States,Seattle,Washington,Furnishings,DAX Cubicle Frames - 8x10,USD,63.47,11,19.04
Not_Applicable,CA-2011-153969,2011-09-21 00:00:00,2011-09-25 00:00:00,On time,HerbertFlentye,United States,San Francisco,California,Envelopes,"#10 White Business Envelopes,4 1/8 x 9 1/2",USD,78.35,5,36.82
Not_Applicable,CA-2012-137526,2012-01-13 00:00:00,2012-01-17 00:00:00,On time,PhilipBrown,United States,Los Angeles,California,Furnishings,"Floodlight Indoor Halogen Bulbs, 1 Bulb per Pack, 60 Watts",USD,77.6,4,38.02
Not_Applicable,CA-2013-149461,2013-11-14 00:00:00,2013-11-20 00:00:00,Delay,AdrianShami,United States,Auburn,Washington,Furnishings,"Eldon Image Series Desk Accessories, Burgundy",USD,4.18,1,1.5
Not_Applicable,CA-2011-156433,2011-09-20 00:00:00,2011-09-26 00:00:00,Delay,EricaSmith,United States,San Francisco,California,Paper,"Wirebound Message Book, 4 per Page",USD,21.72,4,10.64
Not_Applicable,US-2014-155425,2014-11-11 00:00:00,2014-11-12 00:00:00,On time,AnnBlume,United States,Tucson,Arizona,Machines,DYMO CardScan Personal V9 Business Card Scanner,USD,95.99,2,-64.0
Not_Applicable,CA-2014-124576,2014-08-02 00:00:00,2014-08-05 00:00:00,On time,HeatherKirkland,United States,Salinas,California,Binders,GBC Prestige Therm-A-Bind Covers,USD,54.9,2,18.53
Not_Applicable,CA-2011-110184,2011-07-12 00:00:00,2011-07-16 00:00:00,On time,BenFerrer,United States,Los Angeles,California,Phones,GE DSL Phone Line Filter,USD,255.94,8,28.79
Not_Applicable,CA-2013-109806,2013-09-18 00:00:00,2013-09-23 00:00:00,Delay,JimSink,United States,Los Angeles,California,Art,Turquoise Lead Holder with Pocket Clip,USD,20.1,3,6.63
Not_Applicable,CA-2014-119809,2014-08-19 00:00:00,2014-08-26 00:00:00,Delay,YanaSorensen,United States,Seattle,Washington,Storage,Letter Size Cart,USD,1000.02,7,290.01
Not_Applicable,CA-2014-134880,2014-10-28 00:00:00,2014-11-02 00:00:00,Delay,TamaraWillingham,United States,Mesa,Arizona,Paper,Xerox 1882,USD,44.78,1,16.23
Not_Applicable,CA-2013-163328,2013-11-05 00:00:00,2013-11-07 00:00:00,On time,TracyPoddar,United States,Eugene,Oregon,Chairs,"Office Star - Contemporary Task Swivel chair with Loop Arms, Charcoal",USD,104.78,1,-14.41
Not_Applicable,CA-2011-114510,2011-03-14 00:00:00,2011-03-19 00:00:00,Delay,JasonFortune-,United States,Logan,Utah,Storage,Carina Double Wide Media Storage Towers in Natural & Black,USD,80.98,1,3.24
Not_Applicable,US-2014-155425,2014-11-11 00:00:00,2014-11-12 00:00:00,On time,AnnBlume,United States,Tucson,Arizona,Phones,Adtran 1202752G1,USD,201.58,2,15.12
Not_Applicable,CA-2014-131807,2014-10-06 00:00:00,2014-10-11 00:00:00,Delay,GregGuthrie,United States,Chico,California,Phones,"Square Credit Card Reader, 4 1/2"" x 4 1/2"" x 1"", White",USD,7.99,1,2.7
Not_Applicable,CA-2014-128076,2014-02-03 00:00:00,2014-02-08 00:00:00,Delay,BillOverfelt,United States,San Diego,California,Machines,"HP Officejet Pro 8600 e-All-In-One Printer, Copier, Scanner, Fax",USD,239.98,2,39.0
Not_Applicable,US-2014-109253,2014-08-22 00:00:00,2014-08-23 00:00:00,On time,PatrickRyan,United States,Oakland,California,Phones,Cisco 8x8 Inc. 6753i IP Business Phone System,USD,431.97,4,37.8
Not_Applicable,CA-2012-124800,2012-09-26 00:00:00,2012-09-30 00:00:00,On time,RickWilson,United States,Mesa,Arizona,Phones,Samsung Rugby III,USD,263.96,5,23.1
Not_Applicable,CA-2012-113404,2012-07-16 00:00:00,2012-07-16 00:00:00,On time,EleniMcCrary,United States,San Francisco,California,Chairs,Hon 4070 Series Pagoda Armless Upholstered Stacking Chairs,USD,700.15,3,78.77
Not_Applicable,CA-2014-149944,2014-11-13 00:00:00,2014-11-17 00:00:00,On time,MariaBertelson,United States,Longview,Washington,Appliances,Fellowes Superior 10 Outlet Split Surge Protector,USD,76.12,2,22.07
Not_Applicable,CA-2014-118017,2014-12-04 00:00:00,2014-12-07 00:00:00,On time,LenaCacioppo,United States,Thornton,Colorado,Supplies,"Elite 5"" Scissors",USD,47.32,7,5.92
Not_Applicable,CA-2012-107685,2012-11-30 00:00:00,2012-12-02 00:00:00,On time,JohnMurray,United States,Las Vegas,Nevada,Paper,Xerox 1997,USD,25.92,4,12.44
Not_Applicable,CA-2014-147844,2014-05-03 00:00:00,2014-05-07 00:00:00,On time,DorothyDickinson,United States,Los Angeles,California,Paper,"Adams Phone Message Book, 200 Message Capacity, 8 1/16” x 11”",USD,34.4,5,15.82
Not_Applicable,CA-2014-164364,2014-11-13 00:00:00,2014-11-17 00:00:00,On time,ChristineSundaresam,United States,Seattle,Washington,Art,"Dixon Ticonderoga Maple Cedar Pencil, #2",USD,9.21,3,2.3
Not_Applicable,US-2013-113985,2013-12-03 00:00:00,2013-12-08 00:00:00,Delay,KeithDawkins,United States,San Jose,California,Binders,GBC VeloBind Cover Sets,USD,24.7,2,9.26
Not_Applicable,US-2013-169040,2013-12-07 00:00:00,2013-12-13 00:00:00,Delay,GregTran,United States,Seattle,Washington,Envelopes,Jet-Pak Recycled Peel 'N' Seal Padded Mailers,USD,35.89,1,16.15
Not_Applicable,CA-2013-130162,2013-10-29 00:00:00,2013-11-02 00:00:00,On time,JonathanHowell,United States,Los Angeles,California,Storage,"Personal Filing Tote with Lid, Black/Gray",USD,93.06,6,26.06
Not_Applicable,CA-2012-103723,2012-12-01 00:00:00,2012-12-06 00:00:00,Delay,BethThompson,United States,Seattle,Washington,Art,Prang Drawing Pencil Set,USD,13.9,5,5.56
Not_Applicable,CA-2014-141201,2014-12-10 00:00:00,2014-12-12 00:00:00,On time,DanielByrd,United States,Salinas,California,Bookcases,O'Sullivan 3-Shelf Heavy-Duty Bookcases,USD,148.26,3,15.7
Not_Applicable,CA-2012-137113,2012-12-01 00:00:00,2012-12-05 00:00:00,On time,TamaraWillingham,United States,Seattle,Washington,Chairs,Global Troy Executive Leather Low-Back Tilter,USD,2003.92,5,125.25
Not_Applicable,CA-2014-142293,2014-09-18 00:00:00,2014-09-21 00:00:00,On time,ShahidCollister,United States,Boise,Idaho,Accessories,Logitech Trackman Marble Mouse,USD,89.97,3,37.79
Not_Applicable,US-2014-103828,2014-08-14 00:00:00,2014-08-14 00:00:00,On time,JayKimmel,United States,San Francisco,California,Storage,Sterilite Officeware Hinged File Box,USD,31.44,3,8.49
Not_Applicable,US-2012-156867,2012-11-13 00:00:00,2012-11-17 00:00:00,On time,LenaCacioppo,United States,Aurora,Colorado,Furnishings,"Deflect-o DuraMat Lighweight, Studded, Beveled Mat for Low Pile Carpeting",USD,102.36,3,-3.84
Not_Applicable,CA-2014-162012,2014-07-12 00:00:00,2014-07-19 00:00:00,Delay,KarenBern,United States,Los Angeles,California,Appliances,Fellowes 8 Outlet Superior Workstation Surge Protector w/o Phone/Fax/Modem Protection,USD,168.1,5,43.71
Not_Applicable,CA-2012-104346,2012-12-11 00:00:00,2012-12-16 00:00:00,Delay,IreneMaddox,United States,Colorado Springs,Colorado,Art,Newell 326,USD,4.22,3,0.48
Not_Applicable,CA-2014-137001,2014-06-11 00:00:00,2014-06-14 00:00:00,On time,GeorgeZrebassa,United States,Thousand Oaks,California,Art,"Sanford EarthWrite Recycled Pencils, Medium Soft, #2",USD,14.7,7,4.12
Not_Applicable,CA-2012-110870,2012-12-12 00:00:00,2012-12-15 00:00:00,On time,KarenDaniels,United States,Los Angeles,California,Accessories,Logitech Wireless Marathon Mouse M705,USD,299.94,6,128.97
Not_Applicable,CA-2014-164364,2014-11-13 00:00:00,2014-11-17 00:00:00,On time,ChristineSundaresam,United States,Seattle,Washington,Labels,Avery 483,USD,9.96,2,4.58
Not_Applicable,US-2013-116729,2013-12-26 00:00:00,2013-12-29 00:00:00,On time,GraceKelly,United States,Los Angeles,California,Paper,Xerox 225,USD,45.36,7,21.77
Not_Applicable,CA-2013-113817,2013-11-08 00:00:00,2013-11-12 00:00:00,On time,MaxJones,United States,Seattle,Washington,Binders,Wilson Jones International Size A4 Ring Binders,USD,27.68,2,9.69
Not_Applicable,CA-2012-119907,2012-12-01 00:00:00,2012-12-08 00:00:00,Delay,LoganCurrie,United States,Seattle,Washington,Binders,Wilson Jones Heavy-Duty Casebound Ring Binders with Metal Hinges,USD,55.42,2,19.4
Not_Applicable,CA-2013-149671,2013-06-06 00:00:00,2013-06-10 00:00:00,On time,KenBrennan,United States,Seattle,Washington,Supplies,Acme Box Cutter Scissors,USD,61.38,6,15.96
Not_Applicable,CA-2011-126361,2011-08-04 00:00:00,2011-08-09 00:00:00,Delay,ValerieDominguez,United States,Pleasant Grove,Utah,Binders,Ibico Standard Transparent Covers,USD,13.18,1,4.78
Not_Applicable,CA-2011-146969,2011-09-29 00:00:00,2011-10-03 00:00:00,On time,ArthurPrichep,United States,Los Angeles,California,Paper,Xerox 223,USD,6.48,1,3.11
Not_Applicable,CA-2014-144463,2014-01-02 00:00:00,2014-01-06 00:00:00,On time,StevenCartwright,United States,Los Angeles,California,Furnishings,"Howard Miller 11-1/2"" Diameter Brentwood Wall Clock",USD,474.43,11,199.26
Not_Applicable,CA-2013-156811,2013-10-28 00:00:00,2013-11-03 00:00:00,Delay,BartPistole,United States,San Francisco,California,Appliances,Staples,USD,43.92,4,11.86
Not_Applicable,US-2013-139486,2013-05-22 00:00:00,2013-05-24 00:00:00,On time,LoganHaushalter,United States,Los Angeles,California,Accessories,Imation 16GB Mini TravelDrive USB 2.0 Flash Drive,USD,66.26,2,27.17
Not_Applicable,CA-2014-122105,2014-06-25 00:00:00,2014-06-29 00:00:00,On time,CarolineJumper,United States,Huntington Beach,California,Art,Bulldog Vacuum Base Pencil Sharpener,USD,95.92,8,25.9
Not_Applicable,CA-2014-105326,2014-08-21 00:00:00,2014-08-28 00:00:00,Delay,KeanThornton,United States,Los Angeles,California,Paper,Xerox 203,USD,25.92,4,12.44
Not_Applicable,US-2014-142188,2014-09-12 00:00:00,2014-09-12 00:00:00,On time,JenniferFerguson,United States,Seattle,Washington,Phones,iOttie XL Car Mount,USD,79.96,5,-17.99
Not_Applicable,CA-2011-114125,2011-07-09 00:00:00,2011-07-13 00:00:00,On time,GaryHansen,United States,Los Angeles,California,Binders,Wilson Jones Leather-Like Binders with DublLock Round Rings,USD,41.9,6,14.14
Not_Applicable,CA-2012-157084,2012-12-19 00:00:00,2012-12-24 00:00:00,Delay,JamesGalang,United States,Los Angeles,California,Phones,ShoreTel ShorePhone IP 230 VoIP phone,USD,675.96,5,84.5
Not_Applicable,US-2013-125402,2013-09-26 00:00:00,2013-10-02 00:00:00,Delay,DanLawera,United States,Long Beach,California,Paper,"Ampad Evidence Wirebond Steno Books, 6"" x 9""",USD,10.9,5,5.12
Not_Applicable,US-2014-110996,2014-11-21 00:00:00,2014-11-26 00:00:00,Delay,KellyAndreada,United States,Ontario,California,Chairs,Novimex High-Tech Fabric Mesh Task Chair,USD,283.92,5,-46.14
Not_Applicable,CA-2013-163328,2013-11-05 00:00:00,2013-11-07 00:00:00,On time,TracyPoddar,United States,Eugene,Oregon,Supplies,Serrated Blade or Curved Handle Hand Letter Openers,USD,17.58,7,-4.18
Not_Applicable,CA-2014-130148,2014-09-25 00:00:00,2014-09-29 00:00:00,On time,NeilKnudson,United States,San Francisco,California,Supplies,Acme Value Line Scissors,USD,7.3,2,2.19
Not_Applicable,CA-2013-155033,2013-10-08 00:00:00,2013-10-13 00:00:00,Delay,CindyChapman,United States,Los Angeles,California,Paper,Astroparche Fine Business Paper,USD,10.56,2,5.07
Not_Applicable,US-2011-131275,2011-03-18 00:00:00,2011-03-24 00:00:00,Delay,SampleCompanyA,United States,Burbank,California,Machines,Swingline SM12-08 MicroCut Jam Free Shredder,USD,1279.97,4,415.99
Not_Applicable,CA-2014-128076,2014-02-03 00:00:00,2014-02-08 00:00:00,Delay,BillOverfelt,United States,San Diego,California,Binders,GBC Durable Plastic Covers,USD,30.96,2,10.06
Not_Applicable,CA-2014-138380,2014-12-22 00:00:00,2014-12-26 00:00:00,On time,YanaSorensen,United States,Oakland,California,Storage,Letter Size Cart,USD,1000.02,7,290.01
Not_Applicable,CA-2013-106397,2013-07-08 00:00:00,2013-07-14 00:00:00,Delay,MaxJones,United States,Orem,Utah,Art,Boston KS Multi-Size Manual Pencil Sharpener,USD,45.98,2,12.87
Not_Applicable,CA-2013-160717,2013-06-07 00:00:00,2013-06-12 00:00:00,Delay,MariaEtezadi,United States,Santa Barbara,California,Phones,Bose SoundLink Bluetooth Speaker,USD,477.6,3,161.19
Not_Applicable,CA-2011-116785,2011-04-26 00:00:00,2011-04-30 00:00:00,On time,MarcHarrigan,United States,Los Angeles,California,Art,Newell 347,USD,21.4,5,6.21
Not_Applicable,CA-2012-106978,2012-09-28 00:00:00,2012-10-04 00:00:00,Delay,ZuschussCarroll,United States,Aurora,Colorado,Envelopes,"#10 White Business Envelopes,4 1/8 x 9 1/2",USD,12.54,1,4.23
Not_Applicable,CA-2011-101931,2011-10-28 00:00:00,2011-10-31 00:00:00,On time,ToddSumrall,United States,Los Angeles,California,Binders,Avery Non-Stick Binders,USD,7.18,2,2.25
Not_Applicable,CA-2011-141901,2011-08-09 00:00:00,2011-08-14 00:00:00,Delay,GeneMcClure,United States,Fresno,California,Paper,Great White Multi-Use Recycled Paper (20Lb. and 84 Bright),USD,5.98,1,2.69
Not_Applicable,CA-2013-128811,2013-09-13 00:00:00,2013-09-17 00:00:00,On time,SarahFoster,United States,Seattle,Washington,Binders,GBC Instant Report Kit,USD,20.7,4,7.76
Not_Applicable,CA-2014-118731,2014-11-21 00:00:00,2014-11-23 00:00:00,On time,LizPelletier,United States,San Francisco,California,Furnishings,Coloredge Poster Frame,USD,42.6,3,16.61
Not_Applicable,CA-2013-135776,2013-12-24 00:00:00,2013-12-31 00:00:00,Delay,EdwardHooks,United States,Seattle,Washington,Envelopes,Staples,USD,61.96,2,30.36
Not_Applicable,CA-2014-104801,2014-02-14 00:00:00,2014-02-20 00:00:00,Delay,FredHarton,United States,Seattle,Washington,Accessories,Razer Tiamat Over Ear 7.1 Surround Sound PC Gaming Headset,USD,799.96,4,343.98
Not_Applicable,CA-2014-163692,2014-09-08 00:00:00,2014-09-10 00:00:00,On time,Deanpercer,United States,Phoenix,Arizona,Binders,Wilson Jones Leather-Like Binders with DublLock Round Rings,USD,7.86,3,-6.02
Not_Applicable,CA-2014-126067,2014-08-29 00:00:00,2014-09-04 00:00:00,Delay,KristinaNunn,United States,Seattle,Washington,Phones,Anker 24W Portable Micro USB Car Charger,USD,35.17,4,11.43
Not_Applicable,CA-2012-126347,2012-12-14 00:00:00,2012-12-19 00:00:00,Delay,AshleyJarboe,United States,Los Angeles,California,Accessories,Micro Innovations USB RF Wireless Keyboard with Mouse,USD,50.0,2,10.5
Not_Applicable,CA-2011-152345,2011-12-29 00:00:00,2012-01-03 00:00:00,Delay,ShuiTom,United States,Albuquerque,New Mexico,Phones,Mediabridge Sport Armband iPhone 5s,USD,23.98,3,-5.69
Not_Applicable,US-2014-109253,2014-08-22 00:00:00,2014-08-23 00:00:00,On time,PatrickRyan,United States,Oakland,California,Furnishings,Tenex Chairmats For Use with Hard Floors,USD,129.92,4,10.39
Not_Applicable,US-2014-152002,2014-06-12 00:00:00,2014-06-12 00:00:00,On time,DiannaVittorini,United States,Los Angeles,California,Paper,"White Dual Perf Computer Printout Paper, 2700 Sheets, 1 Part, Heavyweight, 20 lbs., 14 7/8 x 11",USD,122.97,3,60.26
Not_Applicable,CA-2013-145261,2013-12-19 00:00:00,2013-12-22 00:00:00,On time,AdrianHane,United States,Salem,Oregon,Labels,Avery White Multi-Purpose Labels,USD,15.94,4,5.18
Not_Applicable,CA-2011-138681,2011-12-20 00:00:00,2011-12-22 00:00:00,On time,CarolTriggs,United States,Tucson,Arizona,Accessories,Logitech 910-002974 M325 Wireless Mouse for Web Scrolling,USD,71.98,3,21.59
Not_Applicable,CA-2012-130890,2012-11-02 00:00:00,2012-11-06 00:00:00,On time,JasO'Carroll,United States,Los Angeles,California,Tables,"Bevis Round Bullnose 29"" High Table Top",USD,1038.84,5,51.94
Not_Applicable,CA-2012-160171,2012-10-19 00:00:00,2012-10-24 00:00:00,Delay,RobertMarley,United States,Los Angeles,California,Appliances,"Sanyo Counter Height Refrigerator with Crisper, 3.6 Cubic Foot, Stainless Steel/Black",USD,1640.7,5,459.4
Not_Applicable,CA-2011-112291,2011-04-03 00:00:00,2011-04-08 00:00:00,Delay,KatrinaEdelman,United States,Los Angeles,California,Envelopes,Staples,USD,11.16,2,5.58
Not_Applicable,US-2011-131275,2011-03-18 00:00:00,2011-03-24 00:00:00,Delay,SampleCompanyA,United States,Burbank,California,Furnishings,Eldon Cleatmat Chair Mats for Medium Pile Carpets,USD,111.0,2,14.43
Not_Applicable,US-2014-132059,2014-09-24 00:00:00,2014-09-30 00:00:00,Delay,ArthurPrichep,United States,Fort Collins,Colorado,Bookcases,"Atlantic Metals Mobile 5-Shelf Bookcases, Custom Colors",USD,180.59,2,-240.78
Not_Applicable,CA-2014-145219,2014-12-25 00:00:00,2014-12-26 00:00:00,On time,RobertMarley,United States,Los Angeles,California,Copiers,Hewlett Packard LaserJet 3310 Copier,USD,2879.95,6,1007.98
Not_Applicable,US-2013-101497,2013-09-30 00:00:00,2013-10-02 00:00:00,On time,PamelaStobb,United States,Los Angeles,California,Paper,Xerox 1887,USD,18.97,1,9.11
Not_Applicable,CA-2012-153416,2012-11-24 00:00:00,2012-11-29 00:00:00,Delay,TobySwindell,United States,Los Angeles,California,Storage,Fellowes Bankers Box Staxonsteel Drawer File/Stacking System,USD,454.86,7,54.58
Not_Applicable,CA-2014-118731,2014-11-21 00:00:00,2014-11-23 00:00:00,On time,LizPelletier,United States,San Francisco,California,Binders,"GBC Prepunched Paper, 19-Hole, for Binding Systems, 24-lb",USD,84.06,7,27.32
Not_Applicable,CA-2013-142405,2013-06-12 00:00:00,2013-06-16 00:00:00,On time,SanjitEngle,United States,Seattle,Washington,Accessories,Logitech G35 7.1-Channel Surround Sound Headset,USD,389.97,3,132.59
Not_Applicable,CA-2014-161333,2014-02-03 00:00:00,2014-02-08 00:00:00,Delay,JohnLee,United States,Los Angeles,California,Appliances,Harmony HEPA Quiet Air Purifiers,USD,46.8,4,16.38
Not_Applicable,US-2012-106873,2012-09-24 00:00:00,2012-09-29 00:00:00,Delay,KunstMiller,United States,Avondale,Arizona,Art,Dixon Ticonderoga Core-Lock Colored Pencils,USD,14.58,2,2.37
Not_Applicable,US-2014-116897,2014-05-28 00:00:00,2014-05-30 00:00:00,On time,JamesGalang,United States,Pocatello,Idaho,Storage,Fellowes Stor/Drawer Steel Plus Storage Drawers,USD,477.15,5,28.63
Not_Applicable,CA-2011-150490,2011-08-05 00:00:00,2011-08-11 00:00:00,Delay,SoniaSunley,United States,San Francisco,California,Storage,Akro Stacking Bins,USD,15.78,2,0.63
Not_Applicable,TRN-2026-1002,2026-03-15 00:00:00,2026-03-17 00:00:00,On time,Trainer_Account,United States,Boston,Massachusetts,Sports & Outdoors,"Wilson NFL Golf Ball, 12 Count",USD,55.23,2,2.81
Not_Applicable,CA-2013-144092,2013-11-06 00:00:00,2013-11-08 00:00:00,On time,LoganHaushalter,United States,San Jose,California,Accessories,KeyTronic E03601U1 - Keyboard - Beige,USD,72.0,4,12.96
Not_Applicable,CA-2014-100013,2014-11-07 00:00:00,2014-11-12 00:00:00,Delay,ZuschussCarroll,United States,Los Angeles,California,Furnishings,Dax Clear Box Frame,USD,8.73,1,2.97
Not_Applicable,US-2014-123281,2014-04-03 00:00:00,2014-04-08 00:00:00,Delay,JamieFrazer,United States,Los Angeles,California,Furnishings,Westinghouse Clip-On Gooseneck Lamps,USD,25.11,3,6.53
Not_Applicable,CA-2012-132486,2012-10-23 00:00:00,2012-10-27 00:00:00,On time,JayFein,United States,San Diego,California,Envelopes,"Redi-Strip #10 Envelopes, 4 1/8 x 9 1/2",USD,11.8,4,5.66
Not_Applicable,CA-2014-142622,2014-10-31 00:00:00,2014-11-03 00:00:00,On time,JimKarlsson,United States,Seattle,Washington,Chairs,Global Super Steno Chair,USD,614.27,8,-23.04
Not_Applicable,US-2014-142573,2014-07-19 00:00:00,2014-07-24 00:00:00,Delay,MarisLaWare,United States,Phoenix,Arizona,Paper,Riverleaf Stik-Withit Designer Note Cubes,USD,16.1,2,5.23
Not_Applicable,CA-2012-106257,2012-04-13 00:00:00,2012-04-17 00:00:00,On time,EugeneBarchas,United States,Los Angeles,California,Phones,Polycom CX600 IP Phone VoIP phone,USD,479.92,2,41.99
Not_Applicable,CA-2014-126067,2014-08-29 00:00:00,2014-09-04 00:00:00,Delay,KristinaNunn,United States,Seattle,Washington,Tables,"Hon Practical Foundations 30 x 60 Training Table, Light Gray/Charcoal",USD,1137.75,5,250.31
Not_Applicable,CA-2013-133935,2013-09-19 00:00:00,2013-09-23 00:00:00,On time,JaneWaco,United States,San Diego,California,Paper,Xerox 1945,USD,368.91,9,180.77
Not_Applicable,US-2014-142188,2014-09-12 00:00:00,2014-09-12 00:00:00,On time,JenniferFerguson,United States,Seattle,Washington,Paper,Xerox 1894,USD,71.28,11,34.21
Not_Applicable,CA-2011-126683,2011-09-29 00:00:00,2011-10-01 00:00:00,On time,PaulProst,United States,Seattle,Washington,Furnishings,Longer-Life Soft White Bulbs,USD,6.16,2,2.96
Not_Applicable,CA-2013-144148,2013-08-01 00:00:00,2013-08-06 00:00:00,Delay,AnnaHäberlin,United States,San Francisco,California,Tables,Laminate Occasional Tables,USD,863.13,7,-32.37
Not_Applicable,CA-2011-109918,2011-09-07 00:00:00,2011-09-12 00:00:00,Delay,LisaRyan,United States,Santa Clara,California,Supplies,"Acme Design Line 8"" Stainless Steel Bent Scissors w/Champagne Handles, 3-1/8"" Cut",USD,27.36,4,7.39
Not_Applicable,CA-2013-126732,2013-09-03 00:00:00,2013-09-07 00:00:00,On time,LenaRadford,United States,Los Angeles,California,Phones,Cisco Unified IP Phone 7945G VoIP phone,USD,1091.17,4,68.2
Not_Applicable,CA-2011-110527,2011-08-09 00:00:00,2011-08-16 00:00:00,Delay,EmilyDucich,United States,San Diego,California,Labels,Avery 494,USD,20.88,8,9.6
Not_Applicable,CA-2011-144666,2011-11-09 00:00:00,2011-11-11 00:00:00,On time,JeremyPistek,United States,San Francisco,California,Storage,"Decoflex Hanging Personal Folder File, Blue",USD,92.52,6,24.98
Not_Applicable,CA-2013-135776,2013-12-24 00:00:00,2013-12-31 00:00:00,Delay,EdwardHooks,United States,Seattle,Washington,Storage,SAFCO Boltless Steel Shelving,USD,227.28,2,2.27
Not_Applicable,CA-2013-100965,2013-07-08 00:00:00,2013-07-12 00:00:00,On time,RaymondMesse,United States,San Jose,California,Furnishings,"Howard Miller 11-1/2"" Diameter Grantwood Wall Clock",USD,215.65,5,73.32
Not_Applicable,US-2014-116897,2014-05-28 00:00:00,2014-05-30 00:00:00,On time,JamesGalang,United States,Pocatello,Idaho,Furnishings,"Eldon 400 Class Desk Accessories, Black Carbon",USD,35.0,4,14.7
Not_Applicable,CA-2012-144806,2012-12-06 00:00:00,2012-12-11 00:00:00,Delay,GaryHwang,United States,Tucson,Arizona,Storage,"Belkin 19"" Vented Equipment Shelf, Black",USD,247.1,6,-58.69
Not_Applicable,CA-2012-107741,2012-03-08 00:00:00,2012-03-10 00:00:00,On time,FredChung,United States,Pueblo,Colorado,Art,"Dixon Prang Watercolor Pencils, 10-Color Set with Brush",USD,3.41,1,0.89
Not_Applicable,CA-2014-130841,2014-07-29 00:00:00,2014-08-02 00:00:00,On time,MattHagelstein,United States,San Francisco,California,Phones,Wilson Electronics DB Pro Signal Booster,USD,1145.6,4,100.24
Not_Applicable,CA-2011-144071,2011-12-08 00:00:00,2011-12-15 00:00:00,Delay,DennyJoy,United States,San Francisco,California,Furnishings,Luxo Economy Swing Arm Lamp,USD,39.88,2,11.17
Not_Applicable,CA-2014-115175,2014-08-08 00:00:00,2014-08-13 00:00:00,Delay,MattCollins,United States,San Jose,California,Paper,Xerox 1891,USD,244.55,5,114.94
Not_Applicable,CA-2011-123323,2011-11-07 00:00:00,2011-11-12 00:00:00,Delay,LenaHernandez,United States,San Francisco,California,Binders,Wilson Jones Legal Size Ring Binders,USD,123.14,7,46.18
Not_Applicable,US-2013-156986,2013-03-21 00:00:00,2013-03-25 00:00:00,On time,ZuschussCarroll,United States,Salem,Oregon,Phones,i.Sound Portable Power - 8000 mAh,USD,84.78,2,-20.14
Not_Applicable,CA-2013-153598,2013-12-04 00:00:00,2013-12-07 00:00:00,On time,NeomaMurray,United States,Los Angeles,California,Furnishings,3M Polarizing Light Filter Sleeves,USD,111.9,6,51.47
Not_Applicable,CA-2013-167416,2013-05-13 00:00:00,2013-05-18 00:00:00,Delay,JillMatthias,United States,Seattle,Washington,Envelopes,"Manila Recycled Extra-Heavyweight Clasp Envelopes, 6"" x 9""",USD,54.9,5,26.9
Not_Applicable,CA-2014-140053,2014-07-04 00:00:00,2014-07-11 00:00:00,Delay,ChristinaAnderson,United States,Farmington,New Mexico,Furnishings,"Tenex Traditional Chairmats for Medium Pile Carpet, Standard Lip, 36"" x 48""",USD,545.85,9,114.63
Not_Applicable,CA-2011-133830,2011-12-05 00:00:00,2011-12-10 00:00:00,Delay,RobLucas,United States,Los Angeles,California,Fasteners,Advantus Plastic Paper Clips,USD,15.0,3,7.2
Not_Applicable,CA-2014-105130,2014-11-22 00:00:00,2014-11-26 00:00:00,On time,PatrickJones,United States,San Francisco,California,Binders,Canvas Sectional Post Binders,USD,40.74,2,14.77
Not_Applicable,CA-2014-109393,2014-07-01 00:00:00,2014-07-03 00:00:00,On time,JohnCastell,United States,Los Angeles,California,Bookcases,"Sauder Facets Collection Library, Sky Alder Finish",USD,436.0,3,5.13
Not_Applicable,CA-2011-162278,2011-10-26 00:00:00,2011-10-30 00:00:00,On time,AngeleHood,United States,Seattle,Washington,Phones,Vtech CS6719,USD,383.96,5,38.4
Not_Applicable,CA-2012-111038,2012-12-01 00:00:00,2012-12-06 00:00:00,Delay,LindsayCastell,United States,San Diego,California,Chairs,GuestStacker Chair with Chrome Finish Legs,USD,2676.67,9,267.67
Not_Applicable,CA-2014-127432,2014-01-23 00:00:00,2014-01-28 00:00:00,Delay,AlanDominguez,United States,Great Falls,Montana,Storage,Advantus Rolling Storage Box,USD,51.45,3,13.89
Not_Applicable,CA-2012-145065,2012-12-12 00:00:00,2012-12-15 00:00:00,On time,DennisKane,United States,San Diego,California,Fasteners,Staples,USD,7.86,2,3.62
Not_Applicable,US-2014-146416,2014-10-21 00:00:00,2014-10-23 00:00:00,On time,JustinEllison,United States,Woodland,California,Labels,Avery 510,USD,3.75,1,1.8
Not_Applicable,CA-2013-131639,2013-12-18 00:00:00,2013-12-24 00:00:00,Delay,NoelStaavos,United States,Carlsbad,New Mexico,Binders,Ibico Plastic and Wire Spiral Binding Combs,USD,13.49,2,4.38
Not_Applicable,CA-2013-114972,2013-11-04 00:00:00,2013-11-07 00:00:00,On time,PhillipFlathmann,United States,Los Angeles,California,Labels,Avery 50,USD,87.71,7,41.22
Not_Applicable,CA-2014-152310,2014-08-13 00:00:00,2014-08-20 00:00:00,Delay,DanaKaydos,United States,Seattle,Washington,Binders,Avery Legal 4-Ring Binder,USD,100.7,6,37.76
Not_Applicable,CA-2013-155474,2013-07-09 00:00:00,2013-07-15 00:00:00,Delay,ChrisCortes,United States,Seattle,Washington,Binders,"Fellowes Twister Kit, Gray/Clear, 3/pkg",USD,19.3,3,6.03
Not_Applicable,CA-2013-160941,2013-07-22 00:00:00,2013-07-27 00:00:00,Delay,DamalaKotsonis,United States,Roseville,California,Envelopes,Ames Color-File Green Diamond Border X-ray Mailers,USD,419.9,5,197.35
Not_Applicable,US-2014-142188,2014-09-12 00:00:00,2014-09-12 00:00:00,On time,JenniferFerguson,United States,Seattle,Washington,Paper,Xerox 225,USD,19.44,3,9.33
Not_Applicable,CA-2013-147137,2013-07-05 00:00:00,2013-07-07 00:00:00,On time,AnnaAndreadi,United States,San Francisco,California,Bookcases,"Atlantic Metals Mobile 5-Shelf Bookcases, Custom Colors",USD,1279.17,5,225.74
Not_Applicable,CA-2014-128370,2014-09-11 00:00:00,2014-09-11 00:00:00,On time,FrankHawley,United States,Los Angeles,California,Binders,Avery Non-Stick Binders,USD,7.18,2,2.25
Not_Applicable,CA-2014-131807,2014-10-06 00:00:00,2014-10-11 00:00:00,Delay,GregGuthrie,United States,Chico,California,Furnishings,DAX Clear Channel Poster Frame,USD,72.9,5,26.97
Not_Applicable,CA-2014-124401,2014-09-08 00:00:00,2014-09-13 00:00:00,Delay,RubenDartt,United States,Portland,Oregon,Accessories,Logitech Wireless Marathon Mouse M705,USD,279.94,7,80.48
Not_Applicable,CA-2012-155040,2012-11-10 00:00:00,2012-11-15 00:00:00,Delay,AlanHwang,United States,Brentwood,California,Accessories,Microsoft Sculpt Comfort Mouse,USD,79.9,2,35.16
Not_Applicable,CA-2012-110744,2012-09-07 00:00:00,2012-09-12 00:00:00,Delay,HelenAndreada,United States,Pasadena,California,Storage,Safco Industrial Wire Shelving,USD,671.93,7,20.16
Not_Applicable,CA-2012-137526,2012-01-13 00:00:00,2012-01-17 00:00:00,On time,PhilipBrown,United States,Los Angeles,California,Binders,Binding Machine Supplies,USD,70.01,3,24.5
Not_Applicable,CA-2014-133207,2014-11-28 00:00:00,2014-12-04 00:00:00,Delay,DougO'Connell,United States,Los Angeles,California,Phones,Griffin GC17055 Auxiliary Audio Cable,USD,57.57,4,5.76
Not_Applicable,CA-2011-141838,2011-03-26 00:00:00,2011-03-31 00:00:00,Delay,DamalaKotsonis,United States,San Francisco,California,Phones,Griffin GC17055 Auxiliary Audio Cable,USD,28.78,2,2.88
Not_Applicable,CA-2014-147452,2014-10-01 00:00:00,2014-10-04 00:00:00,On time,CariSayre,United States,Seattle,Washington,Paper,Xerox 1882,USD,167.94,3,82.29
Not_Applicable,US-2014-125717,2014-09-29 00:00:00,2014-10-02 00:00:00,On time,DarrinSayre,United States,Aurora,Colorado,Furnishings,Dana Halogen Swing-Arm Architect Lamp,USD,32.78,1,3.28
Not_Applicable,CA-2014-124436,2014-03-20 00:00:00,2014-03-23 00:00:00,On time,SueAnnReed,United States,Fresno,California,Tables,Chromcraft Round Conference Tables,USD,697.16,5,8.71
Not_Applicable,CA-2011-104563,2011-03-07 00:00:00,2011-03-12 00:00:00,Delay,CraigMolinari,United States,Seattle,Washington,Storage,"Contico 72""H Heavy-Duty Storage System",USD,204.9,5,0.0
Not_Applicable,CA-2014-101245,2014-11-28 00:00:00,2014-12-04 00:00:00,Delay,LindsayWilliams,United States,San Francisco,California,Paper,Tops White Computer Printout Paper,USD,244.55,5,114.94
Not_Applicable,CA-2012-137603,2012-09-19 00:00:00,2012-09-24 00:00:00,Delay,MarcHarrigan,United States,Santa Fe,New Mexico,Art,Newell 323,USD,8.4,5,2.18
Not_Applicable,CA-2012-157770,2012-12-13 00:00:00,2012-12-15 00:00:00,On time,RobDowd,United States,Temecula,California,Accessories,Logitech K350 2.4Ghz Wireless Keyboard,USD,248.85,5,27.37
Not_Applicable,CA-2013-151092,2013-08-07 00:00:00,2013-08-14 00:00:00,Delay,VivekGonzalez,United States,Los Angeles,California,Phones,Panasonic KX-TG6844B Expandable Digital Cordless Telephone,USD,211.17,4,18.48
Not_Applicable,CA-2013-106278,2013-09-03 00:00:00,2013-09-06 00:00:00,On time,BeckyMartin,United States,Des Moines,Washington,Envelopes,"Inter-Office Recycled Envelopes, Brown Kraft, Button-String,10"" x 13"" , 100/Box",USD,65.94,3,30.99
Not_Applicable,CA-2014-117632,2014-05-13 00:00:00,2014-05-19 00:00:00,Delay,CharlesSheldon,United States,San Francisco,California,Tables,"Lesro Sheffield Collection Coffee Table, End Table, Center Table, Corner Table",USD,285.48,5,-10.71
Not_Applicable,CA-2013-107104,2013-11-27 00:00:00,2013-12-01 00:00:00,On time,MaribethSchnelling,United States,Los Angeles,California,Art,Newell 31,USD,37.17,9,10.41
Not_Applicable,CA-2014-111577,2014-10-17 00:00:00,2014-10-22 00:00:00,Delay,AnthonyJacobs,United States,Scottsdale,Arizona,Paper,Green Bar Computer Printout Paper,USD,307.78,7,111.57
Not_Applicable,CA-2014-129357,2014-05-15 00:00:00,2014-05-20 00:00:00,Delay,KenBlack,United States,Seattle,Washington,Paper,Xerox 1917,USD,440.19,9,206.89
Not_Applicable,CA-2011-141726,2011-07-20 00:00:00,2011-07-22 00:00:00,On time,CharlesCrestani,United States,San Diego,California,Paper,Xerox 189,USD,104.85,1,50.33
Not_Applicable,CA-2011-123855,2011-06-18 00:00:00,2011-06-23 00:00:00,Delay,MickCrebagga,United States,Los Angeles,California,Phones,Plantronics Cordless Phone Headset with In-line Volume - M214C,USD,139.8,5,12.23
Not_Applicable,CA-2014-119011,2014-08-21 00:00:00,2014-08-26 00:00:00,Delay,LisaRyan,United States,San Francisco,California,Phones,Plantronics Encore H101 Dual Earpieces Headset,USD,107.88,3,10.79
Not_Applicable,CA-2012-105725,2012-02-18 00:00:00,2012-02-24 00:00:00,Delay,GuyThornton,United States,Long Beach,California,Tables,Hon 61000 Series Interactive Training Tables,USD,35.54,1,-0.89
Not_Applicable,US-2013-155768,2013-12-02 00:00:00,2013-12-02 00:00:00,On time,LaurelBeltran,United States,Oxnard,California,Storage,"Sauder Facets Collection Locker/File Cabinet, Sky Alder Finish",USD,1112.94,3,222.59
Not_Applicable,CA-2014-138870,2014-06-20 00:00:00,2014-06-24 00:00:00,On time,GeorgeAshbrook,United States,San Francisco,California,Paper,Xerox 1907,USD,24.56,2,11.54
Not_Applicable,CA-2014-111388,2014-09-03 00:00:00,2014-09-03 00:00:00,On time,StephanieUlpright,United States,Seattle,Washington,Chairs,"Global Leather Task Chair, Black",USD,215.98,3,-2.7
Not_Applicable,US-2014-109316,2014-06-09 00:00:00,2014-06-11 00:00:00,On time,MaureenGastineau,United States,Los Angeles,California,Bookcases,"Riverside Palais Royal Lawyers Bookcase, Royale Cherry Finish",USD,1497.67,2,140.96
Not_Applicable,CA-2014-116498,2014-05-31 00:00:00,2014-06-04 00:00:00,On time,KellyAndreada,United States,San Diego,California,Art,"Dixon My First Ticonderoga Pencil, #2",USD,35.1,6,10.18
Not_Applicable,CA-2012-155586,2012-12-12 00:00:00,2012-12-16 00:00:00,On time,XylonaPreis,United States,Chico,California,Paper,"Black Print Carbonless Snap-Off Rapid Letter, 8 1/2"" x 7""",USD,36.44,4,16.4
Not_Applicable,CA-2014-119011,2014-08-21 00:00:00,2014-08-26 00:00:00,Delay,LisaRyan,United States,San Francisco,California,Supplies,Acme Kleencut Forged Steel Scissors,USD,17.22,3,5.17
Not_Applicable,CA-2011-143917,2011-07-25 00:00:00,2011-07-27 00:00:00,On time,KenLonsdale,United States,San Francisco,California,Storage,"Fellowes Personal Hanging Folder Files, Navy",USD,53.72,4,15.04
Not_Applicable,CA-2014-108070,2014-04-17 00:00:00,2014-04-21 00:00:00,On time,JoelEaton,United States,San Jose,California,Storage,"Belkin 19"" Vented Equipment Shelf, Black",USD,205.92,4,2.06
Not_Applicable,US-2013-163881,2013-11-25 00:00:00,2013-12-01 00:00:00,Delay,SungPak,United States,Los Angeles,California,Accessories,Logitech G500s Laser Gaming Mouse with Adjustable Weight Tuning,USD,559.92,8,190.37
Not_Applicable,CA-2014-144589,2014-01-21 00:00:00,2014-01-26 00:00:00,Delay,TamaraManning,United States,San Francisco,California,Phones,Panasonic KX-TG9541B DECT 6.0 Digital 2-Line Expandable Cordless Phone With Digital Answering System,USD,359.98,3,130.49
Not_Applicable,CA-2011-135993,2011-05-28 00:00:00,2011-06-02 00:00:00,Delay,PatrickJones,United States,Seattle,Washington,Accessories,Imation 30456 USB Flash Drive 8GB,USD,27.6,4,2.21
Not_Applicable,CA-2014-158246,2014-11-10 00:00:00,2014-11-12 00:00:00,On time,JenniferBraxton,United States,Sunnyvale,California,Chairs,"Global Leather Task Chair, Black",USD,215.98,3,-2.7
Not_Applicable,CA-2011-124709,2011-07-27 00:00:00,2011-07-29 00:00:00,On time,GiuliettaWeimer,United States,San Francisco,California,Accessories,WD My Passport Ultra 2TB Portable External Hard Drive,USD,238.0,2,38.08
Not_Applicable,CA-2014-150987,2014-04-09 00:00:00,2014-04-13 00:00:00,On time,AdrianHane,United States,San Francisco,California,Paper,Xerox 1891,USD,244.55,5,114.94
Not_Applicable,CA-2011-131947,2011-09-17 00:00:00,2011-09-22 00:00:00,Delay,JosephAirdo,United States,Springfield,Oregon,Accessories,"Verbatim 25 GB 6x Blu-ray Single Layer Recordable Disc, 3/Pack",USD,55.92,10,16.78
Not_Applicable,CA-2013-104633,2013-06-13 00:00:00,2013-06-17 00:00:00,On time,ErinAshbrook,United States,Pasadena,California,Paper,Xerox 228,USD,12.96,2,6.22
Not_Applicable,CA-2013-134775,2013-10-29 00:00:00,2013-10-30 00:00:00,On time,AlejandroSavely,United States,San Francisco,California,Paper,Southworth Structures Collection,USD,50.96,7,25.48
Not_Applicable,CA-2012-149384,2012-07-10 00:00:00,2012-07-10 00:00:00,On time,EricHoffmann,United States,Tempe,Arizona,Binders,Accohide Poly Flexible Ring Binders,USD,3.37,3,-2.24
Not_Applicable,CA-2014-112515,2014-09-18 00:00:00,2014-09-22 00:00:00,On time,AlanSchoenberger,United States,Provo,Utah,Bookcases,"Global Adaptabilites Bookcase, Cherry/Storm Gray Finish",USD,1292.94,3,77.58
Not_Applicable,CA-2012-144652,2012-11-20 00:00:00,2012-11-26 00:00:00,Delay,SkyeNorling,United States,Los Angeles,California,Art,Newell 333,USD,19.46,7,5.06
Not_Applicable,US-2013-128678,2013-09-16 00:00:00,2013-09-21 00:00:00,Delay,RobBeeghly,United States,Seattle,Washington,Paper,"TOPS ""Important Message"" Pads, Canary, 4-1/4 x 5-1/2, 50 Sheets per Pad",USD,21.4,5,10.06
Not_Applicable,CA-2011-164721,2011-11-25 00:00:00,2011-11-27 00:00:00,On time,LaurelWorkman,United States,Brentwood,California,Paper,"Wirebound Message Books, Four 2 3/4 x 5 White Forms per Page",USD,26.76,4,12.31
Not_Applicable,CA-2011-129364,2011-12-08 00:00:00,2011-12-13 00:00:00,Delay,TimBrockman,United States,Salem,Oregon,Labels,Avery 499,USD,27.89,7,9.06
Not_Applicable,CA-2013-129238,2013-01-31 00:00:00,2013-02-04 00:00:00,On time,SampleCompanyA,United States,Los Angeles,California,Paper,Staples,USD,56.7,5,27.78
Not_Applicable,US-2012-129007,2012-09-13 00:00:00,2012-09-15 00:00:00,On time,KenDana,United States,Anaheim,California,Binders,"Acco Data Flex Cable Posts For Top & Bottom Load Binders, 6"" Capacity",USD,25.03,3,7.82
Not_Applicable,CA-2011-124702,2011-11-18 00:00:00,2011-11-25 00:00:00,Delay,MayaHerman,United States,Seattle,Washington,Tables,"Lesro Round Back Collection Coffee Table, End Table",USD,730.2,4,94.93
Not_Applicable,US-2014-163657,2014-09-03 00:00:00,2014-09-07 00:00:00,On time,JanetLee,United States,Los Angeles,California,Binders,Acco Translucent Poly Ring Binders,USD,18.72,5,6.55
Not_Applicable,CA-2012-137113,2012-12-01 00:00:00,2012-12-05 00:00:00,On time,TamaraWillingham,United States,Seattle,Washington,Paper,Xerox 219,USD,32.4,5,15.55
Not_Applicable,US-2013-164189,2013-03-25 00:00:00,2013-03-29 00:00:00,On time,DanReichenbach,United States,Gresham,Oregon,Phones,BlackBerry Q10,USD,403.17,4,25.2
Not_Applicable,CA-2014-150609,2014-05-01 00:00:00,2014-05-05 00:00:00,On time,NickZandusky,United States,Los Angeles,California,Binders,Fellowes Black Plastic Comb Bindings,USD,23.24,5,7.55
Not_Applicable,CA-2012-101924,2012-09-04 00:00:00,2012-09-09 00:00:00,Delay,KenBlack,United States,Medford,Oregon,Binders,"Acco Flexible ACCOHIDE Square Ring Data Binder, Dark Blue, 11 1/2"" X 14"" 7/8""",USD,9.76,2,-6.83
Not_Applicable,CA-2013-129868,2013-12-27 00:00:00,2014-01-01 00:00:00,Delay,MikeCaudle,United States,Los Angeles,California,Chairs,"Global Armless Task Chair, Royal Blue",USD,146.35,3,-5.49
Not_Applicable,CA-2013-109365,2013-11-04 00:00:00,2013-11-09 00:00:00,Delay,XylonaPreis,United States,Los Angeles,California,Binders,"Avery Durable Plastic 1"" Binders",USD,43.58,12,15.8
Not_Applicable,CA-2011-157623,2011-03-14 00:00:00,2011-03-18 00:00:00,On time,DeanKatz,United States,Huntington Beach,California,Art,Avery Hi-Liter Fluorescent Desk Style Markers,USD,3.38,1,1.25
Not_Applicable,CA-2014-109701,2014-12-03 00:00:00,2014-12-04 00:00:00,On time,AliceMcCarthy,United States,Los Angeles,California,Paper,"Wirebound Message Book, 4 per Page",USD,10.86,2,5.32
Not_Applicable,CA-2014-133487,2014-05-07 00:00:00,2014-05-10 00:00:00,On time,TrudySchmidt,United States,Rancho Cucamonga,California,Appliances,Eureka The Boss Cordless Rechargeable Stick Vac,USD,152.94,3,41.29
Not_Applicable,CA-2014-161956,2014-08-28 00:00:00,2014-08-30 00:00:00,On time,DanReichenbach,United States,Inglewood,California,Paper,White Computer Printout Paper by Universal,USD,116.28,3,56.98
Not_Applicable,CA-2013-162733,2013-05-12 00:00:00,2013-05-13 00:00:00,On time,TedTrevino,United States,Los Angeles,California,Paper,Xerox 1920,USD,5.98,1,2.69
Not_Applicable,CA-2013-136301,2013-03-14 00:00:00,2013-03-16 00:00:00,On time,EdwardHooks,United States,San Francisco,California,Supplies,High Speed Automatic Electric Letter Opener,USD,4912.59,3,196.5
Not_Applicable,CA-2014-166856,2014-09-19 00:00:00,2014-09-23 00:00:00,On time,TonySayre,United States,Clovis,New Mexico,Binders,Wilson Jones Easy Flow II Sheet Lifters,USD,10.08,7,3.53
Not_Applicable,CA-2013-109827,2013-12-26 00:00:00,2014-01-02 00:00:00,Delay,LaurelWorkman,United States,Phoenix,Arizona,Chairs,"Global Stack Chair with Arms, Black",USD,47.97,2,4.2
Not_Applicable,CA-2013-163328,2013-11-05 00:00:00,2013-11-07 00:00:00,On time,TracyPoddar,United States,Eugene,Oregon,Chairs,Global Enterprise Series Seating High-Back Swivel/Tilt Chairs,USD,650.35,3,-97.55
Not_Applicable,CA-2012-144806,2012-12-06 00:00:00,2012-12-11 00:00:00,Delay,GaryHwang,United States,Tucson,Arizona,Furnishings,"Howard Miller 13"" Diameter Pewter Finish Round Wall Clock",USD,206.11,6,48.95
Not_Applicable,CA-2014-139437,2014-07-04 00:00:00,2014-07-09 00:00:00,Delay,RobDowd,United States,Los Angeles,California,Storage,Rogers Deluxe File Chest,USD,87.92,4,0.88
Not_Applicable,CA-2014-118864,2014-06-16 00:00:00,2014-06-20 00:00:00,On time,KristenHastings,United States,Los Angeles,California,Phones,Panasonic KX T7736-B Digital phone,USD,119.96,1,7.5
Not_Applicable,CA-2014-123491,2014-10-31 00:00:00,2014-11-06 00:00:00,Delay,JamieKunitz,United States,San Francisco,California,Phones,Geemarc AmpliPOWER60,USD,148.48,2,16.7
Not_Applicable,CA-2014-144484,2014-09-12 00:00:00,2014-09-12 00:00:00,On time,CassandraBrandow,United States,San Francisco,California,Furnishings,"6"" Cubicle Wall Clock, Black",USD,32.36,4,11.65
Not_Applicable,CA-2012-114237,2012-03-13 00:00:00,2012-03-15 00:00:00,On time,MarcCrier,United States,Seattle,Washington,Bookcases,"Safco Value Mate Series Steel Bookcases, Baked Enamel Finish on Steel, Gray",USD,141.96,2,39.75
Not_Applicable,CA-2014-107244,2014-09-08 00:00:00,2014-09-12 00:00:00,On time,AllenGoldenen,United States,Los Angeles,California,Furnishings,"C-Line Magnetic Cubicle Keepers, Clear Polypropylene",USD,19.76,4,8.3
Not_Applicable,US-2014-130687,2014-09-08 00:00:00,2014-09-11 00:00:00,On time,PhillipFlathmann,United States,Edmonds,Washington,Phones,Konftel 250 Conference phone - Charcoal black,USD,455.71,2,34.18
Not_Applicable,CA-2012-122371,2012-09-26 00:00:00,2012-10-01 00:00:00,Delay,BryanSpruell,United States,San Diego,California,Storage,"Sortfiler Multipurpose Personal File Organizer, Black",USD,64.17,3,18.61
Not_Applicable,CA-2014-159597,2014-11-10 00:00:00,2014-11-15 00:00:00,Delay,MattCollister,United States,Coachella,California,Storage,"Safco Wire Cube Shelving System, For Use as 4 or 5 14"" Cubes, Black",USD,63.56,2,3.18
Not_Applicable,CA-2014-160514,2014-11-13 00:00:00,2014-11-17 00:00:00,On time,DavidBremer,United States,Santa Clara,California,Paper,Xerox 4200 Series MultiUse Premium Copy Paper (20Lb. and 84 Bright),USD,10.56,2,4.75
Not_Applicable,CA-2011-103310,2011-05-10 00:00:00,2011-05-15 00:00:00,Delay,GregMatthias,United States,San Jose,California,Chairs,Hon Pagoda Stacking Chairs,USD,256.78,1,32.1
Not_Applicable,CA-2014-135909,2014-10-14 00:00:00,2014-10-21 00:00:00,Delay,JaneWaco,United States,Sacramento,California,Binders,Fellowes PB500 Electric Punch Plastic Comb Binding Machine with Manual Bind,USD,5083.96,5,1906.49
Not_Applicable,CA-2013-125850,2013-01-22 00:00:00,2013-01-28 00:00:00,Delay,FrankPreis,United States,San Diego,California,Labels,Avery 475,USD,44.4,3,22.2
Not_Applicable,US-2012-164448,2012-10-31 00:00:00,2012-11-04 00:00:00,On time,DamalaKotsonis,United States,Salinas,California,Binders,"Acco Four Pocket Poly Ring Binder with Label Holder, Smoke, 1""",USD,29.8,5,9.31
Not_Applicable,CA-2013-119018,2013-11-05 00:00:00,2013-11-09 00:00:00,On time,CarlWeiss,United States,Los Angeles,California,Binders,Tuff Stuff Recycled Round Ring Binders,USD,7.71,2,2.8
Not_Applicable,CA-2014-105410,2014-03-20 00:00:00,2014-03-23 00:00:00,On time,NatalieDeCherney,United States,San Francisco,California,Binders,"ACCOHIDE 3-Ring Binder, Blue, 1""",USD,19.82,6,6.69
Not_Applicable,US-2013-135720,2013-12-12 00:00:00,2013-12-14 00:00:00,On time,FredMcMath,United States,Aurora,Colorado,Phones,Jabra SPEAK 410,USD,300.77,4,30.08
Not_Applicable,CA-2011-138737,2011-12-07 00:00:00,2011-12-10 00:00:00,On time,FrankPreis,United States,Los Angeles,California,Art,Newell 32,USD,8.64,3,2.42
Not_Applicable,CA-2013-167507,2013-12-23 00:00:00,2013-12-29 00:00:00,Delay,SueAnnReed,United States,Redmond,Oregon,Furnishings,"Seth Thomas 14"" Day/Date Wall Clock",USD,22.78,1,4.84
Not_Applicable,CA-2011-139192,2011-05-27 00:00:00,2011-06-01 00:00:00,Delay,LenaCreighton,United States,San Francisco,California,Phones,Plantronics HL10 Handset Lifter,USD,1113.5,12,125.27
Not_Applicable,CA-2013-112109,2013-07-09 00:00:00,2013-07-13 00:00:00,On time,JoeElijah,United States,Broomfield,Colorado,Binders,GBC Twin Loop Wire Binding Elements,USD,19.97,2,-13.31
Not_Applicable,CA-2014-131954,2014-01-22 00:00:00,2014-01-26 00:00:00,On time,DarrinSayre,United States,Seattle,Washington,Binders,Acco Translucent Poly Ring Binders,USD,18.72,5,6.55
Not_Applicable,CA-2014-130841,2014-07-29 00:00:00,2014-08-02 00:00:00,On time,MattHagelstein,United States,San Francisco,California,Binders,Zipper Ring Binder Pockets,USD,9.98,4,3.62
Not_Applicable,CA-2013-169663,2013-03-11 00:00:00,2013-03-14 00:00:00,On time,RickHuthwaite,United States,Los Angeles,California,Machines,Okidata MB760 Printer,USD,3357.6,3,377.73
Not_Applicable,CA-2014-153822,2014-09-20 00:00:00,2014-09-26 00:00:00,Delay,AdrianBarton,United States,Phoenix,Arizona,Accessories,Sony Micro Vault Click 16 GB USB 2.0 Flash Drive,USD,89.58,2,4.48
Not_Applicable,CA-2011-153479,2011-10-04 00:00:00,2011-10-08 00:00:00,On time,DavidFlashing,United States,Vallejo,California,Binders,GBC Recycled Regency Composition Covers,USD,95.65,2,31.09
Not_Applicable,US-2011-135972,2011-09-21 00:00:00,2011-09-23 00:00:00,On time,JackGarza,United States,Des Moines,Washington,Copiers,Canon PC1080F Personal Copier,USD,1799.97,3,701.99
Not_Applicable,CA-2013-129868,2013-12-27 00:00:00,2014-01-01 00:00:00,Delay,MikeCaudle,United States,Los Angeles,California,Phones,Mitel 5320 IP Phone VoIP phone,USD,302.38,2,30.24
Not_Applicable,US-2014-163790,2014-11-03 00:00:00,2014-11-05 00:00:00,On time,NancyLomonaco,United States,Danville,California,Fasteners,"Super Bands, 12/Pack",USD,5.58,3,0.17
Not_Applicable,US-2012-139675,2012-03-13 00:00:00,2012-03-18 00:00:00,Delay,NicoleFjeld,United States,Chico,California,Furnishings,Dana Halogen Swing-Arm Architect Lamp,USD,327.76,8,91.77
Not_Applicable,CA-2014-167003,2014-05-24 00:00:00,2014-05-30 00:00:00,Delay,VivekSundaresam,United States,Los Angeles,California,Tables,"Lesro Sheffield Collection Coffee Table, End Table, Center Table, Corner Table",USD,171.29,3,-6.42
Not_Applicable,US-2012-128090,2012-08-16 00:00:00,2012-08-22 00:00:00,Delay,JohnMurray,United States,Phoenix,Arizona,Labels,Avery 488,USD,5.04,2,1.76
Not_Applicable,CA-2012-144806,2012-12-06 00:00:00,2012-12-11 00:00:00,Delay,GaryHwang,United States,Tucson,Arizona,Art,"BOSTON Model 1800 Electric Pencil Sharpeners, Putty/Woodgrain",USD,86.3,6,9.71
Not_Applicable,CA-2012-150770,2012-05-03 00:00:00,2012-05-06 00:00:00,On time,LenaCacioppo,United States,San Francisco,California,Binders,Ibico Recycled Linen-Style Covers,USD,62.5,2,21.87
Not_Applicable,CA-2014-164707,2014-02-19 00:00:00,2014-02-22 00:00:00,On time,CynthiaVoltz,United States,Los Angeles,California,Phones,iHome FM Clock Radio with Lightning Dock,USD,167.98,3,10.5
Not_Applicable,CA-2014-102099,2014-12-19 00:00:00,2014-12-20 00:00:00,On time,EmilyPhan,United States,Los Angeles,California,Paper,Xerox 1996,USD,12.96,2,6.22
Not_Applicable,US-2013-103674,2013-12-07 00:00:00,2013-12-11 00:00:00,On time,AnnePryor,United States,Los Angeles,California,Phones,Avaya 5410 Digital phone,USD,271.96,5,27.2
Not_Applicable,CA-2012-154200,2012-06-18 00:00:00,2012-06-22 00:00:00,On time,BruceGeld,United States,San Diego,California,Art,"BOSTON Ranger #55 Pencil Sharpener, Black",USD,51.98,2,15.07
Not_Applicable,CA-2011-110849,2011-04-18 00:00:00,2011-04-23 00:00:00,Delay,JohnLee,United States,Los Angeles,California,Machines,Ativa MDM8000 8-Sheet Micro-Cut Shredder,USD,287.97,4,97.19
Not_Applicable,CA-2014-155985,2014-03-24 00:00:00,2014-03-26 00:00:00,On time,BillEplett,United States,San Francisco,California,Furnishings,DAX Natural Wood-Tone Poster Frame,USD,211.84,8,76.26
Not_Applicable,CA-2013-137729,2013-05-06 00:00:00,2013-05-10 00:00:00,On time,BarryFranz,United States,Los Angeles,California,Storage,"Perma STOR-ALL Hanging File Box, 13 1/8""W x 12 1/4""D x 10 1/2""H",USD,5.98,1,1.02
Not_Applicable,CA-2014-113530,2014-05-20 00:00:00,2014-05-22 00:00:00,On time,BeckyCastell,United States,San Francisco,California,Art,Newell 314,USD,5.58,1,1.4
Not_Applicable,US-2011-140116,2011-03-10 00:00:00,2011-03-17 00:00:00,Delay,KeanThornton,United States,Denver,Colorado,Storage,Tennsco 6- and 18-Compartment Lockers,USD,636.41,3,-15.91
Not_Applicable,CA-2014-129294,2014-03-17 00:00:00,2014-03-22 00:00:00,Delay,KenDana,United States,Los Angeles,California,Binders,"XtraLife ClearVue Slant-D Ring Binder, White, 3""",USD,70.46,6,22.9
Not_Applicable,CA-2014-117212,2014-02-27 00:00:00,2014-03-01 00:00:00,On time,BradleyTalbott,United States,Los Angeles,California,Paper,Xerox 1924,USD,23.12,4,11.33
Not_Applicable,CA-2013-109869,2013-04-23 00:00:00,2013-04-30 00:00:00,Delay,TanjaNorvell,United States,Phoenix,Arizona,Binders,Poly Designer Cover & Back,USD,28.49,5,-20.89
Not_Applicable,CA-2012-104948,2012-11-13 00:00:00,2012-11-17 00:00:00,On time,KeithHerrera,United States,San Bernardino,California,Bookcases,O'Sullivan Living Dimensions 3-Shelf Bookcases,USD,683.33,4,-40.2
Not_Applicable,CA-2012-158491,2012-06-04 00:00:00,2012-06-09 00:00:00,Delay,BeckyPak,United States,Los Angeles,California,Accessories,Logitech Wireless Anywhere Mouse MX for PC and Mac,USD,119.98,2,35.99
Not_Applicable,CA-2013-165330,2013-12-12 00:00:00,2013-12-12 00:00:00,On time,WilliamBrown,United States,Anaheim,California,Storage,Rogers Profile Extra Capacity Storage Tub,USD,50.22,3,2.01
Not_Applicable,US-2014-112347,2014-12-03 00:00:00,2014-12-07 00:00:00,On time,BillStewart,United States,Denver,Colorado,Storage,Letter Size Cart,USD,114.29,1,12.86
Not_Applicable,CA-2013-114727,2013-07-19 00:00:00,2013-07-25 00:00:00,Delay,LindaSouthworth,United States,Denver,Colorado,Storage,"Fellowes Strictly Business Drawer File, Letter/Legal Size",USD,338.04,3,-33.8
Not_Applicable,CA-2014-121489,2014-08-22 00:00:00,2014-08-26 00:00:00,On time,CandaceMcMahon,United States,Seattle,Washington,Chairs,"Padded Folding Chairs, Black, 4/Carton",USD,388.7,6,38.87
Not_Applicable,CA-2014-157833,2014-06-18 00:00:00,2014-06-21 00:00:00,On time,KatherineDucich,United States,San Francisco,California,Binders,Trimflex Flexible Post Binders,USD,51.31,3,17.96
Not_Applicable,CA-2013-113726,2013-11-25 00:00:00,2013-12-02 00:00:00,Delay,SteveCarroll,United States,Seattle,Washington,Furnishings,Howard Miller Distant Time Traveler Alarm Clock,USD,82.26,3,33.73
Not_Applicable,CA-2011-106376,2011-12-05 00:00:00,2011-12-10 00:00:00,Delay,BrendanSweed,United States,Gilbert,Arizona,Phones,netTALK DUO VoIP Telephone Service,USD,167.97,4,62.99
Not_Applicable,CA-2014-105914,2014-10-03 00:00:00,2014-10-09 00:00:00,Delay,PaulVanHugh,United States,Los Angeles,California,Binders,"Performers Binder/Pad Holder, Black",USD,112.12,5,42.05
Not_Applicable,CA-2011-140662,2011-11-17 00:00:00,2011-11-19 00:00:00,On time,ThomasSeio,United States,San Francisco,California,Accessories,Case Logic 2.4GHz Wireless Keyboard,USD,99.98,2,8.0
Not_Applicable,CA-2012-146038,2012-02-09 00:00:00,2012-02-16 00:00:00,Delay,SarahJordon,United States,Los Angeles,California,Chairs,"Global Deluxe Stacking Chair, Gray",USD,203.92,5,22.94
Not_Applicable,CA-2012-151841,2012-04-27 00:00:00,2012-05-02 00:00:00,Delay,TonyChapman,United States,Aurora,Colorado,Supplies,Acme Value Line Scissors,USD,5.84,2,0.73
Not_Applicable,CA-2011-126361,2011-08-04 00:00:00,2011-08-09 00:00:00,Delay,ValerieDominguez,United States,Pleasant Grove,Utah,Art,Newell 329,USD,16.4,5,4.26
Not_Applicable,CA-2011-103310,2011-05-10 00:00:00,2011-05-15 00:00:00,Delay,GregMatthias,United States,San Jose,California,Supplies,Acme Design Stainless Steel Bent Scissors,USD,41.04,6,11.08
Not_Applicable,CA-2012-153388,2012-08-01 00:00:00,2012-08-07 00:00:00,Delay,PaulineChand,United States,Los Angeles,California,Tables,Hon 2111 Invitation Series Corner Table,USD,1004.98,6,-175.87
Not_Applicable,CA-2013-145583,2013-10-14 00:00:00,2013-10-20 00:00:00,Delay,LenaCreighton,United States,Roseville,California,Supplies,Fiskars Softgrip Scissors,USD,65.88,6,18.45
Not_Applicable,CA-2011-111451,2011-12-26 00:00:00,2011-12-28 00:00:00,On time,KellyLampkin,United States,Colorado Springs,Colorado,Binders,Ibico Laser Imprintable Binding System Covers,USD,78.6,5,-62.88
Not_Applicable,CA-2013-106656,2013-09-24 00:00:00,2013-09-27 00:00:00,On time,DarrinVanHuff,United States,San Diego,California,Labels,Avery 51,USD,18.9,3,8.69
Not_Applicable,CA-2014-168228,2014-04-28 00:00:00,2014-04-30 00:00:00,On time,ArthurPrichep,United States,Los Angeles,California,Art,"Boston School Pro Electric Pencil Sharpener, 1670",USD,123.92,4,33.46
Not_Applicable,CA-2013-103107,2013-07-05 00:00:00,2013-07-05 00:00:00,On time,RickBensley,United States,Seattle,Washington,Phones,Avaya 4621SW VoIP phone,USD,177.48,3,19.97
Not_Applicable,CA-2012-164833,2012-06-04 00:00:00,2012-06-04 00:00:00,On time,LaurenLeatherbury,United States,Seattle,Washington,Art,"Binney & Smith Crayola Metallic Colored Pencils, 8-Color Set",USD,9.26,2,3.06
Not_Applicable,CA-2013-105760,2013-06-20 00:00:00,2013-06-21 00:00:00,On time,KarenCarlisle,United States,San Francisco,California,Paper,"Message Book, Standard Line ""While You Were Out"", 5 1/2"" X 4"", 200 Sets/Book",USD,17.12,2,8.05
Not_Applicable,US-2014-116652,2014-09-16 00:00:00,2014-09-20 00:00:00,On time,RickDuston,United States,San Francisco,California,Binders,Cardinal Poly Pocket Divider Pockets for Ring Binders,USD,2.69,1,0.84
Not_Applicable,US-2012-131359,2012-10-30 00:00:00,2012-11-02 00:00:00,On time,FrankAtkinson,United States,Denver,Colorado,Copiers,Sharp 1540cs Digital Laser Copier,USD,439.99,1,165.0
Not_Applicable,CA-2013-148908,2013-11-06 00:00:00,2013-11-09 00:00:00,On time,JosephHolt,United States,San Francisco,California,Binders,GBC Twin Loop Wire Binding Elements,USD,53.25,2,19.97
Not_Applicable,US-2014-107979,2014-06-09 00:00:00,2014-06-14 00:00:00,Delay,FrankOlsen,United States,Glendale,Arizona,Storage,Rogers Deluxe File Chest,USD,35.17,2,-8.35
Not_Applicable,CA-2014-117646,2014-08-22 00:00:00,2014-08-26 00:00:00,On time,SungChung,United States,Louisville,Colorado,Furnishings,"DAX Charcoal/Nickel-Tone Document Frame, 5 x 7",USD,22.75,3,7.11
Not_Applicable,CA-2013-106306,2013-03-09 00:00:00,2013-03-09 00:00:00,On time,PatrickGardner,United States,Glendale,Arizona,Binders,"GBC Standard Recycled Report Covers, Clear Plastic Sheets",USD,9.7,3,-7.11
Not_Applicable,CA-2013-147137,2013-07-05 00:00:00,2013-07-07 00:00:00,On time,AnnaAndreadi,United States,San Francisco,California,Storage,Eldon Shelf Savers Cubes and Bins,USD,27.92,4,0.56
Not_Applicable,CA-2013-100993,2013-02-05 00:00:00,2013-02-10 00:00:00,Delay,AnnieZypern,United States,San Diego,California,Phones,Anker Astro 15000mAh USB Portable Charger,USD,159.97,4,-31.99
Not_Applicable,CA-2014-168109,2014-07-04 00:00:00,2014-07-04 00:00:00,On time,JimKriz,United States,Seattle,Washington,Accessories,Plantronics Savi W720 Multi-Device Wireless Headset System,USD,1687.8,4,742.63
Not_Applicable,CA-2014-126536,2014-10-13 00:00:00,2014-10-15 00:00:00,On time,NeilKnudson,United States,San Francisco,California,Accessories,Maxell 4.7GB DVD-R 5/Pack,USD,0.99,1,0.44
Not_Applicable,CA-2014-156776,2014-08-08 00:00:00,2014-08-12 00:00:00,On time,JeremyLonsdale,United States,Westminster,California,Appliances,3.6 Cubic Foot Counter Height Office Refrigerator,USD,1473.1,5,412.47
Not_Applicable,CA-2013-157707,2013-10-11 00:00:00,2013-10-13 00:00:00,On time,CoreyCatlett,United States,Denver,Colorado,Bookcases,"Bush Westfield Collection Bookcases, Dark Cherry Finish, Fully Assembled",USD,90.88,3,-190.85
Not_Applicable,US-2013-114230,2013-11-28 00:00:00,2013-12-02 00:00:00,On time,ChrisMcAfee,United States,Phoenix,Arizona,Storage,Eldon Simplefile Box Office,USD,39.81,4,3.98
Not_Applicable,CA-2013-145261,2013-12-19 00:00:00,2013-12-22 00:00:00,On time,AdrianHane,United States,Salem,Oregon,Tables,"Iceberg OfficeWorks 42"" Round Tables",USD,377.45,5,-264.22
Not_Applicable,TRN-2026-1001,2026-03-15 00:00:00,2026-03-17 00:00:00,On time,Trainer_Account,United States,Boston,Massachusetts,Health & Household,Biofreeze Professional Pain Relief Gel,USD,19.11,1,10.02
Not_Applicable,CA-2012-123568,2012-11-08 00:00:00,2012-11-14 00:00:00,Delay,SanjitChand,United States,West Jordan,Utah,Binders,Deluxe Heavy-Duty Vinyl Round Ring Binder,USD,91.68,5,28.65
Not_Applicable,CA-2014-137498,2014-09-10 00:00:00,2014-09-15 00:00:00,Delay,LizCarlisle,United States,Los Angeles,California,Chairs,Novimex Fabric Task Chair,USD,243.92,5,-15.25
Not_Applicable,CA-2013-163937,2013-01-10 00:00:00,2013-01-13 00:00:00,On time,JoyBell-,United States,Longview,Washington,Furnishings,"DAX Value U-Channel Document Frames, Easel Back",USD,24.85,5,7.7
Not_Applicable,CA-2011-106439,2011-10-31 00:00:00,2011-11-04 00:00:00,On time,GregGuthrie,United States,Los Angeles,California,Chairs,Novimex Fabric Task Chair,USD,146.35,3,-9.15
Not_Applicable,CA-2014-118017,2014-12-04 00:00:00,2014-12-07 00:00:00,On time,LenaCacioppo,United States,Thornton,Colorado,Art,Newell 344,USD,13.34,6,1.0
Not_Applicable,US-2014-115301,2014-07-30 00:00:00,2014-08-03 00:00:00,On time,VivekGonzalez,United States,Seattle,Washington,Bookcases,"Bush Westfield Collection Bookcases, Medium Cherry Finish",USD,115.96,2,25.51
Not_Applicable,US-2011-164406,2011-08-15 00:00:00,2011-08-19 00:00:00,On time,BrianDahlen,United States,San Francisco,California,Binders,Avery Heavy-Duty EZD  Binder With Locking Rings,USD,17.86,4,6.25
Not_Applicable,CA-2014-165008,2014-09-16 00:00:00,2014-09-18 00:00:00,On time,DougO'Connell,United States,Salt Lake City,Utah,Binders,"Avery Trapezoid Ring Binder, 3"" Capacity, Black, 1040 sheets",USD,295.06,9,106.96
Not_Applicable,CA-2014-165155,2014-09-22 00:00:00,2014-09-24 00:00:00,On time,BrendanMurry,United States,Los Angeles,California,Storage,"Tenex Personal Filing Tote With Secure Closure Lid, Black/Frost",USD,15.51,1,3.88
Not_Applicable,CA-2014-142391,2014-09-25 00:00:00,2014-09-25 00:00:00,On time,PhilipBrown,United States,Seattle,Washington,Furnishings,12-1/2 Diameter Round Wall Clock,USD,199.8,10,71.93
Not_Applicable,CA-2013-149279,2013-04-25 00:00:00,2013-04-29 00:00:00,On time,CraigLeslie,United States,Colorado Springs,Colorado,Chairs,SAFCO Arco Folding Chair,USD,1325.76,6,149.15
Not_Applicable,CA-2013-130680,2013-06-25 00:00:00,2013-06-30 00:00:00,Delay,BillDonatelli,United States,San Diego,California,Phones,Macally Suction Cup Mount,USD,38.24,4,-9.56
Not_Applicable,CA-2012-131534,2012-03-28 00:00:00,2012-04-02 00:00:00,Delay,AlanBarnes,United States,Los Angeles,California,Paper,Xerox 1977,USD,33.4,5,16.03
Not_Applicable,CA-2012-130204,2012-09-03 00:00:00,2012-09-09 00:00:00,Delay,DavidBremer,United States,San Francisco,California,Accessories,"TRENDnet 56K USB 2.0 Phone, Internet and Fax Modem",USD,129.45,5,46.6
Not_Applicable,US-2011-106334,2011-12-27 00:00:00,2012-01-02 00:00:00,Delay,JeremyFarry,United States,San Francisco,California,Chairs,Bevis Steel Folding Chairs,USD,230.28,3,23.03
Not_Applicable,US-2011-120313,2011-10-31 00:00:00,2011-11-02 00:00:00,On time,NancyLomonaco,United States,San Francisco,California,Phones,Motorola L804,USD,73.58,2,8.28
Not_Applicable,CA-2013-128412,2013-12-11 00:00:00,2013-12-18 00:00:00,Delay,ArthurPrichep,United States,Seattle,Washington,Appliances,Harmony HEPA Quiet Air Purifiers,USD,35.1,3,12.29
Not_Applicable,CA-2014-113670,2014-10-16 00:00:00,2014-10-18 00:00:00,On time,RolandSchwarz,United States,Los Angeles,California,Tables,Bush Advantage Collection Round Conference Table,USD,510.24,3,6.38
Not_Applicable,US-2013-100405,2013-08-27 00:00:00,2013-08-29 00:00:00,On time,TomStivers,United States,Los Angeles,California,Art,Newell Chalk Holder,USD,8.26,2,3.8
Not_Applicable,US-2014-162068,2014-12-29 00:00:00,2015-01-01 00:00:00,On time,PamelaCoakley,United States,Loveland,Colorado,Binders,Avery Reinforcements for Hole-Punch Pages,USD,1.19,2,-0.99
Not_Applicable,US-2012-120502,2012-04-13 00:00:00,2012-04-19 00:00:00,Delay,BillTyler,United States,Los Angeles,California,Appliances,3M Replacement Filter for Office Air Cleaner for 20' x 33' Room,USD,75.84,2,29.58
Not_Applicable,CA-2012-134117,2012-12-17 00:00:00,2012-12-19 00:00:00,On time,PaulGonzalez,United States,Los Angeles,California,Art,"Sanford Colorific Eraseable Coloring Pencils, 12 Count",USD,16.4,5,7.05
Not_Applicable,CA-2011-142769,2011-09-13 00:00:00,2011-09-13 00:00:00,On time,ResiPölking,United States,Seattle,Washington,Fasteners,OIC Thumb-Tacks,USD,5.7,5,2.68
Not_Applicable,CA-2014-165491,2014-03-21 00:00:00,2014-03-25 00:00:00,On time,HelenWasserman,United States,Seattle,Washington,Accessories,Imation Secure Drive + Hardware Encrypted USB flash drive - 16 GB,USD,265.93,7,63.82
Not_Applicable,CA-2013-135776,2013-12-24 00:00:00,2013-12-31 00:00:00,Delay,EdwardHooks,United States,Seattle,Washington,Paper,Xerox 1911,USD,47.9,1,22.99
Not_Applicable,CA-2013-140382,2013-06-24 00:00:00,2013-06-26 00:00:00,On time,RubenDartt,United States,San Francisco,California,Storage,Mobile Personal File Cube,USD,93.68,4,25.29
Not_Applicable,CA-2014-161893,2014-01-24 00:00:00,2014-01-28 00:00:00,On time,HaroldPawlan,United States,Tucson,Arizona,Accessories,Logitech Wireless Anywhere Mouse MX for PC and Mac,USD,95.98,2,12.0
Not_Applicable,CA-2014-115364,2014-06-27 00:00:00,2014-07-03 00:00:00,Delay,OlveraToch,United States,San Diego,California,Storage,Eldon Shelf Savers Cubes and Bins,USD,83.76,12,1.68
Not_Applicable,CA-2014-161809,2014-01-21 00:00:00,2014-01-27 00:00:00,Delay,TheaHendricks,United States,Los Angeles,California,Phones,RCA Visys Integrated PBX 8-Line Router,USD,160.78,3,10.05
Not_Applicable,CA-2014-127285,2014-10-31 00:00:00,2014-11-07 00:00:00,Delay,MichelleMoray,United States,Seattle,Washington,Binders,"GBC Velobind Prepunched Cover Sets, Regency Series",USD,88.75,3,27.74
Not_Applicable,CA-2013-128811,2013-09-13 00:00:00,2013-09-17 00:00:00,On time,SarahFoster,United States,Seattle,Washington,Fasteners,OIC Bulk Pack Metal Binder Clips,USD,10.47,3,4.82
Not_Applicable,CA-2014-107125,2014-11-28 00:00:00,2014-12-03 00:00:00,Delay,BillDonatelli,United States,Los Angeles,California,Furnishings,Eldon 200 Class Desk Accessories,USD,18.84,3,6.03
Not_Applicable,CA-2013-134803,2013-05-29 00:00:00,2013-06-04 00:00:00,Delay,ClayLudtke,United States,Los Angeles,California,Machines,Okidata C331dn Printer,USD,558.4,2,41.88
Not_Applicable,CA-2012-125416,2012-11-02 00:00:00,2012-11-02 00:00:00,On time,KellyCollister,United States,Seattle,Washington,Accessories,Logitech K350 2.4Ghz Wireless Keyboard,USD,447.93,9,49.27
Not_Applicable,US-2011-103338,2011-03-11 00:00:00,2011-03-15 00:00:00,On time,RichardBierner,United States,Roseville,California,Art,Economy #2 Pencils,USD,7.98,3,2.07
Not_Applicable,CA-2012-121797,2012-01-30 00:00:00,2012-02-06 00:00:00,Delay,CharlesCrestani,United States,Los Angeles,California,Furnishings,"Computer Room Manger, 14""",USD,227.36,7,81.85
Not_Applicable,CA-2012-135580,2012-12-30 00:00:00,2013-01-03 00:00:00,On time,ClayLudtke,United States,Los Angeles,California,Paper,Xerox 1929,USD,68.52,3,31.52
Not_Applicable,US-2013-106313,2013-08-23 00:00:00,2013-08-27 00:00:00,On time,DeirdreGreer,United States,Seattle,Washington,Paper,Xerox 202,USD,19.44,3,9.33
Not_Applicable,CA-2012-139290,2012-10-26 00:00:00,2012-10-30 00:00:00,On time,MaribethYedwab,United States,Rancho Cucamonga,California,Labels,Avery 507,USD,5.76,2,2.65
Not_Applicable,CA-2014-102379,2014-12-03 00:00:00,2014-12-07 00:00:00,On time,BrendaBowman,United States,Oakland,California,Art,Panasonic KP-380BK Classic Electric Pencil Sharpener,USD,179.9,5,44.98
Not_Applicable,CA-2014-145765,2014-05-29 00:00:00,2014-06-03 00:00:00,Delay,CandaceMcMahon,United States,Phoenix,Arizona,Phones,Panasonic KX TS208W Corded phone,USD,195.96,5,19.6
Not_Applicable,CA-2014-136623,2014-07-12 00:00:00,2014-07-17 00:00:00,Delay,TomStivers,United States,San Diego,California,Phones,Belkin iPhone and iPad Lightning Cable,USD,71.95,6,5.4
Not_Applicable,CA-2013-139010,2013-02-21 00:00:00,2013-02-26 00:00:00,Delay,MatthewClasen,United States,Los Angeles,California,Binders,Avery Heavy-Duty EZD  Binder With Locking Rings,USD,31.25,7,10.94
Not_Applicable,CA-2012-150875,2012-11-16 00:00:00,2012-11-20 00:00:00,On time,HeatherKirkland,United States,Boise,Idaho,Tables,Bretford CR4500 Series Slim Rectangular Table,USD,696.42,2,160.18
Not_Applicable,CA-2012-145485,2012-11-05 00:00:00,2012-11-05 00:00:00,On time,JustinMacKendrick,United States,San Francisco,California,Storage,Hanging Personal Folder File,USD,62.8,4,15.7
Not_Applicable,CA-2014-133823,2014-05-12 00:00:00,2014-05-13 00:00:00,On time,LizPelletier,United States,Seattle,Washington,Labels,Avery 50,USD,37.59,3,17.67
Not_Applicable,US-2014-129441,2014-09-08 00:00:00,2014-09-12 00:00:00,On time,JasperCacioppo,United States,Los Angeles,California,Furnishings,Tenex Chairmats For Use With Carpeted Floors,USD,47.94,3,2.4
Not_Applicable,CA-2013-134544,2013-03-18 00:00:00,2013-03-20 00:00:00,On time,AnnaChung,United States,San Francisco,California,Phones,i.Sound Portable Power - 8000 mAh,USD,84.78,2,-20.14
Not_Applicable,CA-2013-167983,2013-08-22 00:00:00,2013-08-25 00:00:00,On time,RachelPayne,United States,Seattle,Washington,Binders,Avery Durable Slant Ring Binders With Label Holder,USD,33.44,10,11.7
Not_Applicable,US-2014-110989,2014-11-04 00:00:00,2014-11-06 00:00:00,On time,EvaJacobs,United States,Seattle,Washington,Accessories,HP Standard 104 key PS/2 Keyboard,USD,43.5,3,10.88
Not_Applicable,CA-2011-100860,2011-03-26 00:00:00,2011-03-30 00:00:00,On time,CindyStewart,United States,Pomona,California,Labels,Smead Alpha-Z Color-Coded Name Labels First Letter Starter Set,USD,18.75,5,9.0
Not_Applicable,CA-2014-118017,2014-12-04 00:00:00,2014-12-07 00:00:00,On time,LenaCacioppo,United States,Thornton,Colorado,Accessories,Memorex Micro Travel Drive 16 GB,USD,76.75,6,10.55
Not_Applicable,CA-2014-116288,2014-03-13 00:00:00,2014-03-18 00:00:00,Delay,BillStewart,United States,San Francisco,California,Storage,Carina Double Wide Media Storage Towers in Natural & Black,USD,242.94,3,9.72
Not_Applicable,US-2014-109582,2014-09-13 00:00:00,2014-09-18 00:00:00,Delay,JohnMurray,United States,Los Angeles,California,Paper,"Eaton Premium Continuous-Feed Paper, 25% Cotton, Letter Size, White, 1000 Shts/Box",USD,166.44,3,79.89
Not_Applicable,TRN-2026-1045,2026-03-15 00:00:00,2026-03-17 00:00:00,On time,Trainer_Account,United States,Boston,Massachusetts,Sports & Outdoors,Hydro Flask Wide Mouth Bottle with Flex Cap,USD,51.01,1,18.63
Not_Applicable,CA-2014-130141,2014-10-23 00:00:00,2014-10-25 00:00:00,On time,HelenAbelman,United States,Fort Collins,Colorado,Chairs,Office Star - Ergonomic Mid Back Chair with 2-Way Adjustable Arms,USD,579.14,4,-28.96
Not_Applicable,CA-2013-138282,2013-05-20 00:00:00,2013-05-24 00:00:00,On time,AnnaHäberlin,United States,Los Angeles,California,Appliances,Staples,USD,87.84,8,23.72
Not_Applicable,CA-2013-160745,2013-12-12 00:00:00,2013-12-17 00:00:00,Delay,AnthonyRawles,United States,Vancouver,Washington,Accessories,First Data FD10 PIN Pad,USD,316.0,4,31.6
Not_Applicable,CA-2011-110184,2011-07-12 00:00:00,2011-07-16 00:00:00,On time,BenFerrer,United States,Los Angeles,California,Storage,Fellowes Super Stor/Drawer,USD,249.75,9,44.96
Not_Applicable,CA-2014-118017,2014-12-04 00:00:00,2014-12-07 00:00:00,On time,LenaCacioppo,United States,Thornton,Colorado,Paper,"Wirebound Four 2-3/4 x 5 Forms per Page, 400 Sets per Book",USD,10.32,2,3.74
Not_Applicable,CA-2012-130785,2012-09-05 00:00:00,2012-09-09 00:00:00,On time,ArthurGainer,United States,San Diego,California,Bookcases,"Sauder Camden County Barrister Bookcase, Planked Cherry Finish",USD,411.33,4,-4.84
Not_Applicable,CA-2011-131947,2011-09-17 00:00:00,2011-09-22 00:00:00,Delay,JosephAirdo,United States,Springfield,Oregon,Art,Newell 313,USD,5.25,2,0.46
Not_Applicable,CA-2014-125381,2014-04-26 00:00:00,2014-04-28 00:00:00,On time,SperosGoranitis,United States,San Francisco,California,Accessories,Sony 64GB Class 10 Micro SDHC R40 Memory Card,USD,107.97,3,22.67
Not_Applicable,CA-2014-122490,2014-11-14 00:00:00,2014-11-19 00:00:00,Delay,TedTrevino,United States,Seattle,Washington,Storage,Space Solutions HD Industrial Steel Shelving.,USD,344.91,3,10.35
Not_Applicable,CA-2011-158064,2011-04-21 00:00:00,2011-04-25 00:00:00,On time,AllenArmold,United States,Los Angeles,California,Binders,ACCOHIDE Binder by Acco,USD,16.52,5,5.58
Not_Applicable,CA-2013-165820,2013-09-27 00:00:00,2013-10-01 00:00:00,On time,DorothyWardle,United States,San Francisco,California,Paper,Xerox 1905,USD,12.96,2,6.22
Not_Applicable,CA-2012-115945,2012-06-25 00:00:00,2012-07-01 00:00:00,Delay,AlanBarnes,United States,Los Angeles,California,Art,Staples,USD,20.96,2,5.24
Not_Applicable,CA-2013-116722,2013-11-12 00:00:00,2013-11-17 00:00:00,Delay,LizPelletier,United States,San Francisco,California,Furnishings,Magnifier Swing Arm Lamp,USD,41.96,2,10.91
Not_Applicable,CA-2012-122826,2012-06-23 00:00:00,2012-06-25 00:00:00,On time,RickDuston,United States,Olympia,Washington,Phones,Pyle PRT45 Retro Home Telephone,USD,201.57,4,22.68
Not_Applicable,CA-2013-126102,2013-09-11 00:00:00,2013-09-13 00:00:00,On time,DiannaVittorini,United States,Los Angeles,California,Binders,Ibico EB-19 Dual Function Manual Binding System,USD,276.78,2,89.95
Not_Applicable,CA-2013-149762,2013-12-04 00:00:00,2013-12-08 00:00:00,On time,RogerDemir,United States,Morgan Hill,California,Art,Rogers Handheld Barrel Pencil Sharpener,USD,21.92,8,5.92
Not_Applicable,CA-2011-156349,2011-05-26 00:00:00,2011-05-30 00:00:00,On time,MarinaLichtenstein,United States,Los Angeles,California,Bookcases,Sauder Inglewood Library Bookcases,USD,290.67,2,27.36
Not_Applicable,CA-2011-140732,2011-11-11 00:00:00,2011-11-13 00:00:00,On time,MattAbelman,United States,Los Angeles,California,Phones,Mophie Juice Pack Helium for iPhone,USD,575.93,9,57.59
Not_Applicable,US-2013-123470,2013-08-16 00:00:00,2013-08-22 00:00:00,Delay,MaxEngle,United States,Aurora,Colorado,Appliances,Tripp Lite TLP810NET Broadband Surge for Modem/Fax,USD,122.33,3,12.23
Not_Applicable,CA-2013-149503,2013-12-10 00:00:00,2013-12-13 00:00:00,On time,StephaniePhelps,United States,Stockton,California,Binders,"Wilson Jones Elliptical Ring 3 1/2"" Capacity Binders, 800 sheets",USD,273.92,8,99.3
Not_Applicable,US-2014-110604,2014-05-16 00:00:00,2014-05-21 00:00:00,Delay,JasonFortune-,United States,Seattle,Washington,Chairs,SAFCO Optional Arm Kit for Workspace Cribbage Stacking Chair,USD,42.62,2,4.26
Not_Applicable,CA-2014-104647,2014-02-24 00:00:00,2014-03-02 00:00:00,Delay,ClytieKelty,United States,Los Angeles,California,Paper,"Ampad Phone Message Book, Recycled, 400 Message Capacity, 5 ¾” x 11”",USD,37.44,6,16.85
Not_Applicable,CA-2013-112942,2013-02-13 00:00:00,2013-02-18 00:00:00,Delay,RossDeVincentis,United States,Los Angeles,California,Paper,Tops Green Bar Computer Printout Paper,USD,146.82,3,73.41
Not_Applicable,CA-2013-114727,2013-07-19 00:00:00,2013-07-25 00:00:00,Delay,LindaSouthworth,United States,Denver,Colorado,Storage,"Sauder Facets Collection Locker/File Cabinet, Sky Alder Finish",USD,593.57,2,0.0
Not_Applicable,US-2012-128090,2012-08-16 00:00:00,2012-08-22 00:00:00,Delay,JohnMurray,United States,Phoenix,Arizona,Phones,Samsung Galaxy S4 Mini,USD,1879.96,5,211.5
Not_Applicable,CA-2013-130477,2013-04-09 00:00:00,2013-04-13 00:00:00,On time,LoganCurrie,United States,Los Angeles,California,Paper,Xerox 1923,USD,20.04,3,9.62
Not_Applicable,CA-2014-145429,2014-07-22 00:00:00,2014-07-26 00:00:00,On time,ShaunWeien,United States,San Diego,California,Chairs,Hon Olson Stacker Stools,USD,225.3,2,22.53
Not_Applicable,CA-2014-135909,2014-10-14 00:00:00,2014-10-21 00:00:00,Delay,JaneWaco,United States,Sacramento,California,Phones,Anker Astro Mini 3000mAh Ultra-Compact Portable Charger,USD,31.98,2,-8.0
Not_Applicable,CA-2014-161578,2014-12-17 00:00:00,2014-12-22 00:00:00,Delay,RickBensley,United States,Los Angeles,California,Paper,Xerox 1898,USD,13.36,2,6.41
Not_Applicable,CA-2013-130029,2013-07-04 00:00:00,2013-07-07 00:00:00,On time,GuyThornton,United States,Los Angeles,California,Fasteners,"Brites Rubber Bands, 1 1/2 oz. Box",USD,3.96,2,0.08
Not_Applicable,US-2013-116442,2013-12-16 00:00:00,2013-12-23 00:00:00,Delay,BenjaminPatterson,United States,Los Angeles,California,Furnishings,"Eldon Expressions Wood Desk Accessories, Oak",USD,14.76,2,4.28
Not_Applicable,US-2014-155425,2014-11-11 00:00:00,2014-11-12 00:00:00,On time,AnnBlume,United States,Tucson,Arizona,Binders,Cardinal EasyOpen D-Ring Binders,USD,38.39,14,-25.59
Not_Applicable,US-2011-163146,2011-05-16 00:00:00,2011-05-20 00:00:00,On time,CindyChapman,United States,San Francisco,California,Accessories,Imation Clip USB flash drive - 8 GB,USD,56.4,3,3.38
Not_Applicable,CA-2014-121258,2014-02-27 00:00:00,2014-03-04 00:00:00,Delay,DaveBrooks,United States,Costa Mesa,California,Furnishings,Tenex B1-RE Series Chair Mats for Low Pile Carpets,USD,91.96,2,15.63
Not_Applicable,CA-2013-107104,2013-11-27 00:00:00,2013-12-01 00:00:00,On time,MaribethSchnelling,United States,Los Angeles,California,Appliances,Belkin F9S820V06 8 Outlet Surge,USD,64.96,2,19.49
Not_Applicable,CA-2014-169859,2014-12-15 00:00:00,2014-12-19 00:00:00,On time,MikePelletier,United States,San Diego,California,Envelopes,"#10- 4 1/8"" x 9 1/2"" Recycled Envelopes",USD,43.7,5,20.54
Not_Applicable,CA-2014-145765,2014-05-29 00:00:00,2014-06-03 00:00:00,Delay,CandaceMcMahon,United States,Phoenix,Arizona,Accessories,Logitech Gaming G510s - Keyboard,USD,271.97,4,54.39
Not_Applicable,US-2012-136427,2012-06-20 00:00:00,2012-06-23 00:00:00,On time,JustinMacKendrick,United States,Aurora,Colorado,Phones,Griffin GC36547 PowerJolt SE Lightning Charger,USD,125.94,7,15.74
Not_Applicable,CA-2012-143364,2012-07-14 00:00:00,2012-07-19 00:00:00,Delay,TobyGnade,United States,Mesa,Arizona,Storage,SAFCO Boltless Steel Shelving,USD,272.74,3,-64.77
Not_Applicable,CA-2011-115812,2011-06-09 00:00:00,2011-06-14 00:00:00,Delay,BrosinaHoffman,United States,Los Angeles,California,Phones,Konftel 250 Conference phone - Charcoal black,USD,911.42,4,68.36
Not_Applicable,CA-2014-110842,2014-11-12 00:00:00,2014-11-17 00:00:00,Delay,GuyArmstrong,United States,Los Angeles,California,Appliances,Belkin 6 Outlet Metallic Surge Strip,USD,10.89,1,2.83
Not_Applicable,CA-2012-118871,2012-12-04 00:00:00,2012-12-09 00:00:00,Delay,HarryMarie,United States,Los Angeles,California,Phones,Jensen SMPS-640 - speaker phone,USD,110.35,3,8.28
Not_Applicable,CA-2014-101581,2014-10-23 00:00:00,2014-10-28 00:00:00,Delay,DavidWiener,United States,Redmond,Oregon,Tables,KI Conference Tables,USD,177.23,5,-120.51
Not_Applicable,US-2011-157021,2011-04-01 00:00:00,2011-04-06 00:00:00,Delay,KunstMiller,United States,Vallejo,California,Labels,Avery 490,USD,29.6,2,14.8
Not_Applicable,CA-2011-110849,2011-04-18 00:00:00,2011-04-23 00:00:00,Delay,JohnLee,United States,Los Angeles,California,Fasteners,"Advantus Push Pins, Aluminum Head",USD,11.62,2,3.6
Not_Applicable,US-2014-153948,2014-11-07 00:00:00,2014-11-07 00:00:00,On time,FrankMerwin,United States,San Francisco,California,Accessories,Kingston Digital DataTraveler 32GB USB 2.0,USD,16.95,1,1.02
Not_Applicable,CA-2013-145898,2013-09-27 00:00:00,2013-09-27 00:00:00,On time,ChuckMagee,United States,Redlands,California,Storage,Advantus Rolling Storage Box,USD,51.45,3,13.89
Not_Applicable,CA-2013-151372,2013-09-06 00:00:00,2013-09-07 00:00:00,On time,JosephHolt,United States,Redondo Beach,California,Fasteners,Advantus Push Pins,USD,4.36,2,1.79
Not_Applicable,CA-2011-131450,2011-08-08 00:00:00,2011-08-15 00:00:00,Delay,LenaRadford,United States,San Diego,California,Appliances,Fellowes Superior 10 Outlet Split Surge Protector,USD,76.12,2,22.07
Not_Applicable,CA-2011-162992,2011-12-19 00:00:00,2011-12-21 00:00:00,On time,BartPistole,United States,Los Angeles,California,Fasteners,Advantus T-Pin Paper Clips,USD,22.55,5,8.79
Not_Applicable,CA-2014-152737,2014-11-08 00:00:00,2014-11-13 00:00:00,Delay,TonySayre,United States,San Francisco,California,Accessories,Plantronics Audio 995 Wireless Stereo Headset,USD,439.8,4,145.13
Not_Applicable,CA-2014-163902,2014-03-03 00:00:00,2014-03-09 00:00:00,Delay,MaribethYedwab,United States,Los Angeles,California,Phones,Panasonic KX TS3282B Corded phone,USD,196.78,3,14.76
Not_Applicable,CA-2014-141117,2014-10-03 00:00:00,2014-10-09 00:00:00,Delay,JulianaKrohn,United States,Springfield,Oregon,Supplies,Acme Softgrip Scissors,USD,39.07,6,4.4
Not_Applicable,CA-2012-161830,2012-09-24 00:00:00,2012-09-26 00:00:00,On time,MaxEngle,United States,Seattle,Washington,Art,"BOSTON Model 1800 Electric Pencil Sharpeners, Putty/Woodgrain",USD,35.96,2,10.43
Not_Applicable,CA-2013-142958,2013-12-14 00:00:00,2013-12-21 00:00:00,Delay,RobWilliams,United States,Torrance,California,Binders,"Acco Pressboard Covers with Storage Hooks, 14 7/8"" x 11"", Dark Blue",USD,6.1,2,2.21
Not_Applicable,CA-2014-123001,2014-09-03 00:00:00,2014-09-09 00:00:00,Delay,AnthonyWitt,United States,Bakersfield,California,Art,"OIC #2 Pencils, Medium Soft",USD,9.4,5,2.73
Not_Applicable,CA-2014-131954,2014-01-22 00:00:00,2014-01-26 00:00:00,On time,DarrinSayre,United States,Seattle,Washington,Binders,Wilson Jones Leather-Like Binders with DublLock Round Rings,USD,27.94,4,9.43
Not_Applicable,US-2014-155999,2014-08-08 00:00:00,2014-08-14 00:00:00,Delay,JayKimmel,United States,San Diego,California,Binders,Avery Printable Repositionable Plastic Tabs,USD,13.76,2,4.64
Not_Applicable,CA-2012-152513,2012-07-04 00:00:00,2012-07-08 00:00:00,On time,JuliePrescott,United States,San Diego,California,Binders,Avery Premier Heavy-Duty Binder with Round Locking Rings,USD,22.85,2,7.43
Not_Applicable,CA-2012-137946,2012-09-01 00:00:00,2012-09-04 00:00:00,On time,DougBickford,United States,Los Angeles,California,Binders,Storex Dura Pro Binders,USD,4.75,1,1.6
Not_Applicable,CA-2014-139304,2014-01-30 00:00:00,2014-02-03 00:00:00,On time,VivekGonzalez,United States,San Francisco,California,Binders,Clear Mylar Reinforcing Strips,USD,119.62,8,40.37
Not_Applicable,CA-2011-142769,2011-09-13 00:00:00,2011-09-13 00:00:00,On time,ResiPölking,United States,Seattle,Washington,Supplies,Acme Value Line Scissors,USD,7.3,2,2.19
Not_Applicable,CA-2012-156146,2012-10-26 00:00:00,2012-10-30 00:00:00,On time,AndrewGjertsen,United States,Peoria,Arizona,Phones,Plantronics MX500i Earset,USD,68.72,2,-14.6
Not_Applicable,CA-2014-169859,2014-12-15 00:00:00,2014-12-19 00:00:00,On time,MikePelletier,United States,San Diego,California,Furnishings,"Eldon 400 Class Desk Accessories, Black Carbon",USD,26.25,3,11.03
Not_Applicable,CA-2014-144750,2014-08-22 00:00:00,2014-08-22 00:00:00,On time,DionisLloyd,United States,Chandler,Arizona,Paper,Xerox 1941,USD,83.88,1,29.36
Not_Applicable,CA-2013-100244,2013-09-21 00:00:00,2013-09-25 00:00:00,On time,GregMaxwell,United States,San Francisco,California,Paper,Xerox 1944,USD,77.52,2,37.98
Not_Applicable,CA-2014-129294,2014-03-17 00:00:00,2014-03-22 00:00:00,Delay,KenDana,United States,Los Angeles,California,Storage,"Dual Level, Single-Width Filing Carts",USD,310.12,2,80.63
Not_Applicable,US-2011-132745,2011-10-01 00:00:00,2011-10-05 00:00:00,On time,NeilFranzösisch,United States,Reno,Nevada,Fasteners,Sterling Rubber Bands by Alliance,USD,4.71,1,0.0
Not_Applicable,CA-2012-148964,2012-05-26 00:00:00,2012-05-31 00:00:00,Delay,RubenDartt,United States,Bellevue,Washington,Furnishings,"DAX Metal Frame, Desktop, Stepped-Edge",USD,20.24,1,7.89
Not_Applicable,CA-2014-146626,2014-12-30 00:00:00,2015-01-06 00:00:00,Delay,BenPeterman,United States,Anaheim,California,Furnishings,Nu-Dell Executive Frame,USD,101.12,8,37.41
Not_Applicable,US-2011-119137,2011-07-23 00:00:00,2011-07-27 00:00:00,On time,ArthurGainer,United States,Tucson,Arizona,Binders,Wilson Jones Custom Binder Spines & Labels,USD,8.16,5,-5.71
Not_Applicable,CA-2012-138485,2012-02-27 00:00:00,2012-03-01 00:00:00,On time,NoraPaige,United States,Seattle,Washington,Accessories,Microsoft Natural Keyboard Elite,USD,538.92,9,80.84
Not_Applicable,CA-2014-140151,2014-03-24 00:00:00,2014-03-26 00:00:00,On time,RaymondBuch,United States,Seattle,Washington,Storage,Acco Perma 4000 Stacking Storage Drawers,USD,32.48,2,4.87
Not_Applicable,CA-2014-115931,2014-12-23 00:00:00,2014-12-27 00:00:00,On time,JimMitchum,United States,Carlsbad,New Mexico,Labels,Avery 517,USD,18.45,5,8.67
Not_Applicable,CA-2013-165330,2013-12-12 00:00:00,2013-12-12 00:00:00,On time,WilliamBrown,United States,Anaheim,California,Binders,"Black Avery Memo-Size 3-Ring Binder, 5 1/2"" x 8 1/2""",USD,5.87,2,2.13
Not_Applicable,CA-2014-148264,2014-12-09 00:00:00,2014-12-10 00:00:00,On time,LukeFoster,United States,Inglewood,California,Storage,Akro-Mils 12-Gallon Tote,USD,29.79,3,8.64
Not_Applicable,CA-2014-124716,2014-03-28 00:00:00,2014-04-01 00:00:00,On time,BrendanDodson,United States,Fresno,California,Paper,Xerox 1913,USD,110.96,2,53.26
Not_Applicable,US-2011-117163,2011-01-28 00:00:00,2011-02-03 00:00:00,Delay,EdJacobs,United States,San Diego,California,Art,Dixon Ticonderoga Core-Lock Colored Pencils,USD,36.44,4,12.03
Not_Applicable,CA-2013-112578,2013-12-30 00:00:00,2014-01-03 00:00:00,On time,FrankOlsen,United States,Sacramento,California,Supplies,Fiskars Spring-Action Scissors,USD,27.96,2,7.27
Not_Applicable,CA-2014-109701,2014-12-03 00:00:00,2014-12-04 00:00:00,On time,AliceMcCarthy,United States,Los Angeles,California,Art,Prang Dustless Chalk Sticks,USD,10.08,6,5.04
Not_Applicable,CA-2011-104472,2011-06-02 00:00:00,2011-06-07 00:00:00,Delay,ChristineKargatis,United States,Orem,Utah,Furnishings,Aluminum Document Frame,USD,73.32,6,22.0
Not_Applicable,CA-2014-130106,2014-05-23 00:00:00,2014-05-27 00:00:00,On time,VickyFreymann,United States,San Francisco,California,Art,Newell 350,USD,9.84,3,2.85
Not_Applicable,CA-2011-153969,2011-09-21 00:00:00,2011-09-25 00:00:00,On time,HerbertFlentye,United States,San Francisco,California,Envelopes,Staples,USD,15.56,2,7.31
Not_Applicable,CA-2011-155264,2011-10-19 00:00:00,2011-10-22 00:00:00,On time,RachelPayne,United States,San Francisco,California,Binders,Accohide Poly Flexible Ring Binders,USD,2.99,1,1.12
Not_Applicable,CA-2013-138968,2013-03-16 00:00:00,2013-03-17 00:00:00,On time,FredChung,United States,San Francisco,California,Chairs,Global Comet Stacking Arm Chair,USD,1352.03,4,84.5
Not_Applicable,CA-2014-118017,2014-12-04 00:00:00,2014-12-07 00:00:00,On time,LenaCacioppo,United States,Thornton,Colorado,Furnishings,DAX Two-Tone Silver Metal Document Frame,USD,16.19,1,4.66
Not_Applicable,CA-2014-140186,2014-09-30 00:00:00,2014-10-03 00:00:00,On time,PatrickGardner,United States,Bakersfield,California,Fasteners,Advantus Plastic Paper Clips,USD,35.0,7,16.8
Not_Applicable,CA-2013-100244,2013-09-21 00:00:00,2013-09-25 00:00:00,On time,GregMaxwell,United States,San Francisco,California,Paper,Strathmore Photo Frame Cards,USD,65.79,9,30.26
Not_Applicable,CA-2014-156776,2014-08-08 00:00:00,2014-08-12 00:00:00,On time,JeremyLonsdale,United States,Westminster,California,Binders,Cardinal Holdit Business Card Pockets,USD,11.95,3,4.18
Not_Applicable,CA-2014-116946,2014-12-20 00:00:00,2014-12-24 00:00:00,On time,TonySayre,United States,Parker,Colorado,Bookcases,O'Sullivan 2-Shelf Heavy-Duty Bookcases,USD,102.02,7,-183.63
Not_Applicable,CA-2011-126760,2011-07-26 00:00:00,2011-08-02 00:00:00,Delay,KunstMiller,United States,North Las Vegas,Nevada,Accessories,Logitech Illuminated Ultrathin Keyboard with Backlighting,USD,170.97,3,70.1
Not_Applicable,CA-2013-153661,2013-01-30 00:00:00,2013-01-31 00:00:00,On time,StevenCartwright,United States,San Francisco,California,Binders,GBC Wire Binding Strips,USD,50.78,2,17.77
Not_Applicable,CA-2011-154599,2011-04-12 00:00:00,2011-04-17 00:00:00,Delay,KeanNguyen,United States,Redondo Beach,California,Phones,AT&T 1080 Corded phone,USD,438.37,4,38.36
Not_Applicable,CA-2014-125990,2014-10-20 00:00:00,2014-10-24 00:00:00,On time,JoySmith,United States,San Francisco,California,Binders,JM Magazine Binder,USD,39.62,3,13.87
Not_Applicable,CA-2011-154599,2011-04-12 00:00:00,2011-04-17 00:00:00,Delay,KeanNguyen,United States,Redondo Beach,California,Bookcases,O'Sullivan Living Dimensions 2-Shelf Bookcases,USD,308.5,3,-18.15
Not_Applicable,CA-2012-106978,2012-09-28 00:00:00,2012-10-04 00:00:00,Delay,ZuschussCarroll,United States,Aurora,Colorado,Fasteners,Staples,USD,4.51,3,0.85
Not_Applicable,CA-2014-148264,2014-12-09 00:00:00,2014-12-10 00:00:00,On time,LukeFoster,United States,Inglewood,California,Paper,Xerox 1968,USD,60.12,9,28.86
Not_Applicable,CA-2012-137113,2012-12-01 00:00:00,2012-12-05 00:00:00,On time,TamaraWillingham,United States,Seattle,Washington,Storage,Tennsco Industrial Shelving,USD,146.73,3,2.93
Not_Applicable,CA-2014-148446,2014-12-11 00:00:00,2014-12-15 00:00:00,On time,MichaelChen,United States,North Las Vegas,Nevada,Tables,Bretford “Just In Time” Height-Adjustable Multi-Task Work Tables,USD,1669.6,4,116.87
Not_Applicable,CA-2014-151225,2014-10-28 00:00:00,2014-10-30 00:00:00,On time,JimMitchum,United States,Los Angeles,California,Phones,Griffin GC17055 Auxiliary Audio Cable,USD,71.96,5,7.2
Not_Applicable,CA-2014-134915,2014-11-13 00:00:00,2014-11-13 00:00:00,On time,EugeneMoren,United States,Glendale,Arizona,Paper,Xerox 1978,USD,23.12,5,8.38
Not_Applicable,CA-2011-113320,2011-12-12 00:00:00,2011-12-15 00:00:00,On time,LoganHaushalter,United States,Oakland,California,Furnishings,Longer-Life Soft White Bulbs,USD,9.24,3,4.44
Not_Applicable,CA-2014-101322,2014-12-29 00:00:00,2015-01-01 00:00:00,On time,JasonGross,United States,Long Beach,California,Chairs,Novimex Turbo Task Chair,USD,340.7,6,-34.07
Not_Applicable,CA-2013-100300,2013-06-25 00:00:00,2013-06-27 00:00:00,On time,MaxJones,United States,San Diego,California,Paper,Xerox 189,USD,104.85,1,50.33
Not_Applicable,CA-2012-150770,2012-05-03 00:00:00,2012-05-06 00:00:00,On time,LenaCacioppo,United States,San Francisco,California,Binders,GBC Linen Binding Covers,USD,49.57,2,17.35
Not_Applicable,US-2012-163279,2012-03-22 00:00:00,2012-03-26 00:00:00,On time,JustinDeggeller,United States,San Diego,California,Phones,ClearOne CHATAttach 160 - speaker phone,USD,1487.98,3,186.0
Not_Applicable,CA-2011-120838,2011-03-23 00:00:00,2011-03-26 00:00:00,On time,PatrickO'Donnell,United States,Los Angeles,California,Storage,Economy Rollaway Files,USD,330.4,2,85.9
Not_Applicable,CA-2013-115917,2013-05-21 00:00:00,2013-05-26 00:00:00,Delay,RickBensley,United States,Vallejo,California,Binders,Wilson Jones Turn Tabs Binder Tool for Ring Binders,USD,15.42,4,5.01
Not_Applicable,CA-2011-143336,2011-08-27 00:00:00,2011-09-01 00:00:00,Delay,ZuschussDonatelli,United States,San Francisco,California,Binders,"Wilson Jones Hanging View Binder, White, 1""",USD,22.72,4,7.38
Not_Applicable,US-2011-164406,2011-08-15 00:00:00,2011-08-19 00:00:00,On time,BrianDahlen,United States,San Francisco,California,Binders,GBC Durable Plastic Covers,USD,46.44,3,15.09
Not_Applicable,CA-2011-126361,2011-08-04 00:00:00,2011-08-09 00:00:00,Delay,ValerieDominguez,United States,Pleasant Grove,Utah,Storage,"Safco Wire Cube Shelving System, For Use as 4 or 5 14"" Cubes, Black",USD,158.9,5,7.95
Not_Applicable,CA-2012-138674,2012-11-14 00:00:00,2012-11-17 00:00:00,On time,KenBlack,United States,Springfield,Oregon,Accessories,Imation Secure Drive + Hardware Encrypted USB flash drive - 16 GB,USD,91.18,3,4.56
Not_Applicable,US-2014-116897,2014-05-28 00:00:00,2014-05-30 00:00:00,On time,JamesGalang,United States,Pocatello,Idaho,Phones,Nokia Lumia 925,USD,302.38,3,22.68
Not_Applicable,CA-2013-131289,2013-12-09 00:00:00,2013-12-15 00:00:00,Delay,StefaniaPerrino,United States,San Francisco,California,Tables,Hon 94000 Series Round Tables,USD,1421.66,6,-195.48
Not_Applicable,CA-2011-106726,2011-12-06 00:00:00,2011-12-08 00:00:00,On time,RolandSchwarz,United States,Los Angeles,California,Storage,Standard Rollaway File with Lock,USD,1261.33,7,327.95
Not_Applicable,CA-2014-122490,2014-11-14 00:00:00,2014-11-19 00:00:00,Delay,TedTrevino,United States,Seattle,Washington,Binders,GBC DocuBind P50 Personal Binding Machine,USD,563.02,11,190.02
Not_Applicable,CA-2014-109701,2014-12-03 00:00:00,2014-12-04 00:00:00,On time,AliceMcCarthy,United States,Los Angeles,California,Binders,Satellite Sectional Post Binders,USD,69.46,2,22.57
Not_Applicable,CA-2013-167241,2013-08-16 00:00:00,2013-08-23 00:00:00,Delay,BillDonatelli,United States,Los Angeles,California,Paper,"Rediform S.O.S. 1-Up Phone Message Bk, 4-1/4x3-1/16 Bk, 1 Form/Pg, 40 Messages/Bk, 3/Pk",USD,37.52,4,18.01
Not_Applicable,CA-2011-108189,2011-10-02 00:00:00,2011-10-05 00:00:00,On time,ErinSmith,United States,Tempe,Arizona,Accessories,Kingston Digital DataTraveler 16GB USB 2.0,USD,7.16,1,-0.09
Not_Applicable,CA-2013-151323,2013-10-24 00:00:00,2013-10-29 00:00:00,Delay,AlejandroBallentine,United States,Seattle,Washington,Fasteners,Advantus SlideClip Paper Clips,USD,17.05,5,8.18
Not_Applicable,US-2012-103996,2012-03-29 00:00:00,2012-03-31 00:00:00,On time,RichardBierner,United States,San Diego,California,Furnishings,G.E. Longer-Life Indoor Recessed Floodlight Bulbs,USD,19.92,3,9.56
Not_Applicable,CA-2012-137708,2012-11-22 00:00:00,2012-11-25 00:00:00,On time,NathanGelder,United States,Los Angeles,California,Paper,Xerox 1887,USD,37.94,2,18.21
Not_Applicable,CA-2012-126725,2012-11-17 00:00:00,2012-11-21 00:00:00,On time,BrianStugart,United States,San Diego,California,Furnishings,Advantus Panel Wall Certificate Holder - 8.5x11,USD,36.6,3,15.37
Not_Applicable,CA-2011-168984,2011-11-26 00:00:00,2011-12-02 00:00:00,Delay,NatalieWebber,United States,Tigard,Oregon,Storage,Office Impressions Heavy Duty Welded Shelving & Multimedia Storage Drawers,USD,669.08,5,-167.27
Not_Applicable,CA-2014-122504,2014-11-08 00:00:00,2014-11-13 00:00:00,Delay,DeborahBrumfield,United States,Brentwood,California,Accessories,Anker Ultra-Slim Mini Bluetooth 3.0 Wireless Keyboard,USD,59.97,3,13.79
Not_Applicable,CA-2013-152121,2013-11-28 00:00:00,2013-11-30 00:00:00,On time,CraigCarreira,United States,Scottsdale,Arizona,Phones,Motorola Moto X,USD,271.99,1,23.8
Not_Applicable,CA-2013-155446,2013-12-17 00:00:00,2013-12-24 00:00:00,Delay,TanjaNorvell,United States,San Diego,California,Accessories,Imation USB 2.0 Swivel Flash Drive USB flash drive - 4 GB - Pink,USD,21.21,7,4.45
Not_Applicable,US-2012-119312,2012-10-02 00:00:00,2012-10-07 00:00:00,Delay,ChristopherSchild,United States,Los Angeles,California,Storage,Eldon ProFile File 'N Store Portable File Tub Letter/Legal Size Black,USD,270.34,14,75.7
Not_Applicable,CA-2012-167745,2012-09-18 00:00:00,2012-09-23 00:00:00,Delay,GeorgeBell,United States,Los Angeles,California,Art,"Quartet Omega Colored Chalk, 12/Pack",USD,11.68,2,5.49
Not_Applicable,CA-2013-100993,2013-02-05 00:00:00,2013-02-10 00:00:00,Delay,AnnieZypern,United States,San Diego,California,Labels,Avery 508,USD,14.73,3,7.22
Not_Applicable,CA-2011-153619,2011-11-03 00:00:00,2011-11-03 00:00:00,On time,TracyCollins,United States,Los Angeles,California,Art,Prang Dustless Chalk Sticks,USD,6.72,4,3.36
Not_Applicable,US-2014-132444,2014-11-19 00:00:00,2014-11-22 00:00:00,On time,ChristinaDeMoss,United States,Seattle,Washington,Fasteners,Binder Clips by OIC,USD,2.96,2,1.42
Not_Applicable,US-2013-147340,2013-09-25 00:00:00,2013-09-25 00:00:00,On time,EdwardBecker,United States,San Francisco,California,Furnishings,Nu-Dell Executive Frame,USD,63.2,5,23.38
Not_Applicable,CA-2011-155264,2011-10-19 00:00:00,2011-10-22 00:00:00,On time,RachelPayne,United States,San Francisco,California,Paper,Xerox 1917,USD,146.73,3,68.96
Not_Applicable,CA-2013-148201,2013-08-27 00:00:00,2013-08-30 00:00:00,On time,CharlesCrestani,United States,Seattle,Washington,Paper,Xerox 1931,USD,6.48,1,3.11
Not_Applicable,US-2012-129007,2012-09-13 00:00:00,2012-09-15 00:00:00,On time,KenDana,United States,Anaheim,California,Paper,Xerox 1915,USD,209.7,2,100.66
Not_Applicable,CA-2013-104689,2013-12-02 00:00:00,2013-12-06 00:00:00,On time,FredHopkins,United States,Los Angeles,California,Art,"Sanford Colorific Colored Pencils, 12/Box",USD,23.04,8,6.91
Not_Applicable,CA-2012-154340,2012-11-29 00:00:00,2012-11-30 00:00:00,On time,EileenKiefer,United States,Santa Ana,California,Art,"Boston Electric Pencil Sharpener, Model 1818, Charcoal Black",USD,56.3,2,15.76
Not_Applicable,CA-2014-102974,2014-09-20 00:00:00,2014-09-25 00:00:00,Delay,DavePoirier,United States,Los Angeles,California,Accessories,Microsoft Natural Ergonomic Keyboard 4000,USD,149.95,5,31.49
Not_Applicable,CA-2012-168564,2012-08-08 00:00:00,2012-08-08 00:00:00,On time,ThomasThornton,United States,San Francisco,California,Binders,"ACCOHIDE 3-Ring Binder, Blue, 1""",USD,6.61,2,2.23
Not_Applicable,CA-2012-125234,2012-11-27 00:00:00,2012-12-01 00:00:00,On time,SteveNguyen,United States,Los Angeles,California,Accessories,Sony 64GB Class 10 Micro SDHC R40 Memory Card,USD,107.97,3,22.67
Not_Applicable,CA-2014-142328,2014-12-08 00:00:00,2014-12-15 00:00:00,Delay,TracyCollins,United States,San Francisco,California,Paper,"REDIFORM Incoming/Outgoing Call Register, 11"" X 8 1/2"", 100 Messages",USD,50.04,6,25.02
Not_Applicable,CA-2014-142636,2014-11-04 00:00:00,2014-11-08 00:00:00,On time,KimberlyCarter,United States,Seattle,Washington,Chairs,Global Deluxe Office Fabric Chairs,USD,307.14,4,26.87
Not_Applicable,US-2014-125717,2014-09-29 00:00:00,2014-10-02 00:00:00,On time,DarrinSayre,United States,Aurora,Colorado,Storage,"Gould Plastics 18-Pocket Panel Bin, 34w x 5-1/4d x 20-1/2h",USD,147.18,2,-29.44
Not_Applicable,CA-2014-100202,2014-01-01 00:00:00,2014-01-06 00:00:00,Delay,BrianDeCherney,United States,Anaheim,California,Phones,Adtran 1202752G1,USD,302.38,3,22.68
Not_Applicable,CA-2012-131534,2012-03-28 00:00:00,2012-04-02 00:00:00,Delay,AlanBarnes,United States,Los Angeles,California,Accessories,Imation Bio 8GB USB Flash Drive Imation Corp,USD,166.24,1,24.94
Not_Applicable,CA-2013-137729,2013-05-06 00:00:00,2013-05-10 00:00:00,On time,BarryFranz,United States,Los Angeles,California,Phones,Cisco Small Business SPA 502G VoIP phone,USD,246.17,3,21.54
Not_Applicable,US-2013-125402,2013-09-26 00:00:00,2013-10-02 00:00:00,Delay,DanLawera,United States,Long Beach,California,Copiers,Canon PC-428 Personal Copier,USD,479.98,3,161.99
Not_Applicable,CA-2014-117212,2014-02-27 00:00:00,2014-03-01 00:00:00,On time,BradleyTalbott,United States,Los Angeles,California,Phones,Toshiba IPT2010-SD IP Telephone,USD,889.54,8,66.72
Not_Applicable,CA-2011-129924,2011-07-12 00:00:00,2011-07-17 00:00:00,Delay,AlyssaCrouse,United States,San Francisco,California,Tables,Hon 5100 Series Wood Tables,USD,698.35,3,-17.46
Not_Applicable,CA-2013-139934,2013-12-19 00:00:00,2013-12-21 00:00:00,On time,AndyYotov,United States,San Francisco,California,Phones,I Need's 3d Hello Kitty Hybrid Silicone Case Cover for HTC One X 4g with 3d Hello Kitty Stylus Pen Green/pink,USD,66.98,7,6.7
Not_Applicable,CA-2012-130785,2012-09-05 00:00:00,2012-09-09 00:00:00,On time,ArthurGainer,United States,San Diego,California,Bookcases,"Sauder Camden County Collection Libraries, Planked Cherry Finish",USD,293.2,3,-20.7
Not_Applicable,CA-2014-167640,2014-03-07 00:00:00,2014-03-11 00:00:00,On time,FrankCarlisle,United States,San Francisco,California,Labels,Avery 49,USD,11.52,4,5.64
Not_Applicable,CA-2011-126480,2011-09-20 00:00:00,2011-09-24 00:00:00,On time,HenryGoldwyn,United States,San Diego,California,Paper,Xerox 1900,USD,8.56,2,3.85
Not_Applicable,CA-2014-143686,2014-05-15 00:00:00,2014-05-15 00:00:00,On time,PaulineJohnson,United States,Santa Ana,California,Accessories,Razer Tiamat Over Ear 7.1 Surround Sound PC Gaming Headset,USD,1399.93,7,601.97
Not_Applicable,CA-2013-159009,2013-09-24 00:00:00,2013-09-28 00:00:00,On time,DavePoirier,United States,Seattle,Washington,Binders,"ACCOHIDE 3-Ring Binder, Blue, 1""",USD,13.22,4,4.46
Not_Applicable,US-2013-157490,2013-10-07 00:00:00,2013-10-08 00:00:00,On time,LaurelBeltran,United States,Pueblo,Colorado,Machines,Zebra GK420t Direct Thermal/Thermal Transfer Printer,USD,703.71,6,-938.28
Not_Applicable,CA-2014-163671,2014-12-25 00:00:00,2014-12-31 00:00:00,Delay,DavePoirier,United States,Meridian,Idaho,Binders,GBC Instant Index System for Binding Systems,USD,21.31,3,7.99
Not_Applicable,CA-2013-157707,2013-10-11 00:00:00,2013-10-13 00:00:00,On time,CoreyCatlett,United States,Denver,Colorado,Phones,iOttie HLCRIO102 Car Mount,USD,15.99,1,-3.0
Not_Applicable,US-2014-135230,2014-09-02 00:00:00,2014-09-08 00:00:00,Delay,ChristineKargatis,United States,Seattle,Washington,Art,Staples,USD,7.58,1,2.96
Not_Applicable,CA-2014-112431,2014-10-13 00:00:00,2014-10-15 00:00:00,On time,RobertWaldorf,United States,Los Angeles,California,Art,Newell 343,USD,5.88,2,1.59
Not_Applicable,CA-2014-100825,2014-09-10 00:00:00,2014-09-15 00:00:00,Delay,KeithDawkins,United States,Los Angeles,California,Storage,Fellowes Bases and Tops For Staxonsteel/High-Stak Systems,USD,99.87,3,23.97
Not_Applicable,CA-2014-114804,2014-10-18 00:00:00,2014-10-20 00:00:00,On time,BarryFranzösisch,United States,Modesto,California,Phones,Panasonic KX-TG6844B Expandable Digital Cordless Telephone,USD,52.79,1,4.62
Not_Applicable,CA-2012-142993,2012-10-12 00:00:00,2012-10-17 00:00:00,Delay,KellyAndreada,United States,Seattle,Washington,Storage,"Contico 72""H Heavy-Duty Storage System",USD,81.96,2,0.0
Not_Applicable,US-2014-135013,2014-07-25 00:00:00,2014-07-25 00:00:00,On time,HaroldRyan,United States,Huntington Beach,California,Copiers,Hewlett Packard LaserJet 3310 Copier,USD,2399.96,5,839.99
Not_Applicable,CA-2014-161956,2014-08-28 00:00:00,2014-08-30 00:00:00,On time,DanReichenbach,United States,Inglewood,California,Appliances,APC 7 Outlet Network SurgeArrest Surge Protector,USD,321.92,4,96.58
Not_Applicable,CA-2014-156776,2014-08-08 00:00:00,2014-08-12 00:00:00,On time,JeremyLonsdale,United States,Westminster,California,Furnishings,"Howard Miller 13-3/4"" Diameter Brushed Chrome Round Wall Clock",USD,51.75,1,15.53
Not_Applicable,CA-2014-154074,2014-09-01 00:00:00,2014-09-03 00:00:00,On time,BartWatters,United States,Spokane,Washington,Chairs,Hon 4700 Series Mobuis Mid-Back Task Chairs with Adjustable Arms,USD,569.57,2,7.12
Not_Applicable,CA-2012-121188,2012-08-28 00:00:00,2012-09-04 00:00:00,Delay,CassandraBrandow,United States,Los Angeles,California,Binders,GBC Wire Binding Combs,USD,41.36,5,13.96
Not_Applicable,CA-2013-141586,2013-10-18 00:00:00,2013-10-21 00:00:00,On time,NeilKnudson,United States,San Francisco,California,Binders,"Avery Durable Plastic 1"" Binders",USD,18.16,5,6.58
Not_Applicable,CA-2014-100384,2014-06-25 00:00:00,2014-07-02 00:00:00,Delay,NicoleHansen,United States,Pomona,California,Art,Boston Heavy-Duty Trimline Electric Pencil Sharpeners,USD,385.6,8,111.82
Not_Applicable,CA-2012-145457,2012-03-24 00:00:00,2012-03-27 00:00:00,On time,CathyPrescott,United States,Covington,Washington,Furnishings,"Eldon Expressions Punched Metal & Wood Desk Accessories, Black & Cherry",USD,46.9,5,13.13
Not_Applicable,CA-2012-107468,2012-12-18 00:00:00,2012-12-22 00:00:00,On time,MichaelKennedy,United States,Louisville,Colorado,Art,Newell 320,USD,6.85,2,0.6
Not_Applicable,CA-2013-147123,2013-12-11 00:00:00,2013-12-13 00:00:00,On time,SanjitJacobs,United States,Long Beach,California,Paper,"Wirebound Message Books, Four 2 3/4 x 5 White Forms per Page",USD,80.28,12,36.93
Not_Applicable,CA-2013-149279,2013-04-25 00:00:00,2013-04-29 00:00:00,On time,CraigLeslie,United States,Colorado Springs,Colorado,Binders,Wilson Jones Impact Binders,USD,3.11,2,-2.18
Not_Applicable,CA-2014-121412,2014-09-24 00:00:00,2014-09-28 00:00:00,On time,BrookeGillingham,United States,Louisville,Colorado,Furnishings,Aluminum Document Frame,USD,29.33,3,3.67
Not_Applicable,US-2013-148957,2013-09-18 00:00:00,2013-09-24 00:00:00,Delay,ChuckClark,United States,Redmond,Washington,Labels,Avery 481,USD,12.32,4,5.91
Not_Applicable,CA-2013-125850,2013-01-22 00:00:00,2013-01-28 00:00:00,Delay,FrankPreis,United States,San Diego,California,Labels,Avery 476,USD,20.65,5,9.5
Not_Applicable,CA-2014-119011,2014-08-21 00:00:00,2014-08-26 00:00:00,Delay,LisaRyan,United States,San Francisco,California,Storage,"Companion Letter/Legal File, Black",USD,226.56,6,63.44
Not_Applicable,CA-2012-168564,2012-08-08 00:00:00,2012-08-08 00:00:00,On time,ThomasThornton,United States,San Francisco,California,Chairs,Global Ergonomic Managers Chair,USD,144.78,1,10.86
Not_Applicable,CA-2014-126242,2014-11-20 00:00:00,2014-11-25 00:00:00,Delay,MickCrebagga,United States,Los Angeles,California,Storage,"File Shuttle II and Handi-File, Black",USD,305.01,9,76.25
Not_Applicable,CA-2014-101805,2014-12-02 00:00:00,2014-12-07 00:00:00,Delay,SallyHughsby,United States,Seattle,Washington,Furnishings,Eldon Wave Desk Accessories,USD,70.68,12,31.1
Not_Applicable,CA-2011-155264,2011-10-19 00:00:00,2011-10-22 00:00:00,On time,RachelPayne,United States,San Francisco,California,Phones,Panasonic KX TS208W Corded phone,USD,117.58,3,11.76
Not_Applicable,CA-2013-160479,2013-09-16 00:00:00,2013-09-21 00:00:00,Delay,AngeleHood,United States,Seattle,Washington,Art,SANFORD Major Accent Highlighters,USD,35.4,5,13.45
Not_Applicable,CA-2012-164882,2012-10-31 00:00:00,2012-10-31 00:00:00,On time,SandraGlassco,United States,Redlands,California,Chairs,"Global Fabric Manager's Chair, Dark Gray",USD,323.14,4,20.2
Not_Applicable,CA-2011-118962,2011-08-05 00:00:00,2011-08-09 00:00:00,On time,ChadSievert,United States,Los Angeles,California,Paper,"Adams Phone Message Book, Professional, 400 Message Capacity, 5 3/6” x 11”",USD,20.94,3,9.84
Not_Applicable,CA-2013-125206,2013-01-03 00:00:00,2013-01-05 00:00:00,On time,LenaRadford,United States,Los Angeles,California,Storage,Recycled Steel Personal File for Hanging File Folders,USD,114.46,2,28.62
Not_Applicable,CA-2013-126732,2013-09-03 00:00:00,2013-09-07 00:00:00,On time,LenaRadford,United States,Los Angeles,California,Art,Blackstonian Pencils,USD,18.69,7,5.23
Not_Applicable,CA-2013-123358,2013-04-11 00:00:00,2013-04-18 00:00:00,Delay,BrianThompson,United States,San Francisco,California,Storage,Rogers Profile Extra Capacity Storage Tub,USD,150.66,9,6.03
Not_Applicable,TRN-2026-1048,2026-03-15 00:00:00,2026-03-17 00:00:00,On time,Trainer_Account,United States,Boston,Massachusetts,Health & Household,"Lumify Redness Reliever Eye Drops, 0.25 fl oz",USD,60.54,3,6.51
Not_Applicable,CA-2014-135076,2014-04-14 00:00:00,2014-04-18 00:00:00,On time,YanaSorensen,United States,Hesperia,California,Chairs,"Global Wood Trimmed Manager's Task Chair, Khaki",USD,436.7,6,-38.21
Not_Applicable,CA-2014-135909,2014-10-14 00:00:00,2014-10-21 00:00:00,Delay,JaneWaco,United States,Sacramento,California,Accessories,Logitech Media Keyboard K200,USD,209.94,6,39.89
Not_Applicable,US-2011-144078,2011-11-25 00:00:00,2011-11-29 00:00:00,On time,RichardBierner,United States,Los Angeles,California,Art,Staples,USD,7.44,3,2.6
Not_Applicable,CA-2011-166471,2011-08-09 00:00:00,2011-08-13 00:00:00,On time,MatthewGrinstein,United States,Seattle,Washington,Phones,Jawbone MINI JAMBOX Wireless Bluetooth Speaker,USD,219.17,2,-43.83
Not_Applicable,CA-2011-123295,2011-07-18 00:00:00,2011-07-18 00:00:00,On time,AdrianHane,United States,Tucson,Arizona,Chairs,Office Star - Ergonomically Designed Knee Chair,USD,259.14,4,-25.91
Not_Applicable,CA-2013-145261,2013-12-19 00:00:00,2013-12-22 00:00:00,On time,AdrianHane,United States,Salem,Oregon,Accessories,Sony Micro Vault Click 8 GB USB 2.0 Flash Drive,USD,112.78,3,-8.46
Not_Applicable,US-2012-139759,2012-08-25 00:00:00,2012-08-30 00:00:00,Delay,NancyLomonaco,United States,Los Angeles,California,Appliances,Fellowes Advanced Computer Series Surge Protectors,USD,105.96,4,29.67
Not_Applicable,CA-2012-130204,2012-09-03 00:00:00,2012-09-09 00:00:00,Delay,DavidBremer,United States,San Francisco,California,Accessories,Kingston Digital DataTraveler 16GB USB 2.0,USD,17.9,2,3.4
Not_Applicable,CA-2011-158372,2011-11-10 00:00:00,2011-11-16 00:00:00,Delay,RubenDartt,United States,San Diego,California,Furnishings,"Eldon Expressions Punched Metal & Wood Desk Accessories, Pewter & Cherry",USD,53.2,5,14.9
Not_Applicable,CA-2014-121398,2014-12-26 00:00:00,2014-12-30 00:00:00,On time,FredHopkins,United States,Los Angeles,California,Storage,"Tennsco Stur-D-Stor Boltless Shelving, 5 Shelves, 24"" Deep, Sand",USD,270.62,2,2.71
Not_Applicable,US-2014-125717,2014-09-29 00:00:00,2014-10-02 00:00:00,On time,DarrinSayre,United States,Aurora,Colorado,Accessories,Lenovo 17-Key USB Numeric Keypad,USD,54.38,2,1.36
Not_Applicable,US-2011-107993,2011-11-25 00:00:00,2011-11-30 00:00:00,Delay,SanjitEngle,United States,Springfield,Oregon,Art,Dixon Ticonderoga Core-Lock Colored Pencils,USD,51.02,7,8.29
Not_Applicable,CA-2014-158071,2014-06-11 00:00:00,2014-06-16 00:00:00,Delay,BillDonatelli,United States,Seattle,Washington,Labels,Avery 512,USD,11.56,4,5.43
Not_Applicable,CA-2011-153969,2011-09-21 00:00:00,2011-09-25 00:00:00,On time,HerbertFlentye,United States,San Francisco,California,Paper,"Wirebound Four 2-3/4 x 5 Forms per Page, 400 Sets per Book",USD,19.35,3,9.48
Not_Applicable,US-2013-163881,2013-11-25 00:00:00,2013-12-01 00:00:00,Delay,SungPak,United States,Los Angeles,California,Chairs,Global Leather Executive Chair,USD,1684.75,6,210.59
Not_Applicable,CA-2012-150714,2012-10-26 00:00:00,2012-11-01 00:00:00,Delay,KristenHastings,United States,Springfield,Oregon,Paper,Xerox 1914,USD,131.9,3,47.82
Not_Applicable,US-2013-111528,2013-12-31 00:00:00,2013-12-31 00:00:00,On time,JuliePrescott,United States,Los Angeles,California,Storage,Iceberg Mobile Mega Data/Printer Cart ,USD,481.32,4,125.14
Not_Applicable,CA-2013-133795,2013-12-19 00:00:00,2013-12-25 00:00:00,Delay,JeremyEllison,United States,San Diego,California,Accessories,Logitech P710e Mobile Speakerphone,USD,772.47,3,146.77
Not_Applicable,US-2013-113985,2013-12-03 00:00:00,2013-12-08 00:00:00,Delay,KeithDawkins,United States,San Jose,California,Appliances,"Holmes Cool Mist Humidifier for the Whole House with 8-Gallon Output per Day, Extended Life Filter",USD,59.7,3,26.87
Not_Applicable,CA-2011-140039,2011-09-13 00:00:00,2011-09-17 00:00:00,On time,OdellaNelson,United States,Tempe,Arizona,Storage,Eldon File Chest Portable File,USD,79.4,5,5.96
Not_Applicable,CA-2012-129896,2012-06-15 00:00:00,2012-06-20 00:00:00,Delay,PeterFuller,United States,Gilbert,Arizona,Storage,"Belkin 19"" Vented Equipment Shelf, Black",USD,82.37,2,-19.56
Not_Applicable,CA-2011-121762,2011-02-15 00:00:00,2011-02-19 00:00:00,On time,MarinaLichtenstein,United States,Seattle,Washington,Accessories,Logitech G600 MMO Gaming Mouse,USD,239.97,3,86.39
Not_Applicable,US-2011-144078,2011-11-25 00:00:00,2011-11-29 00:00:00,On time,RichardBierner,United States,Los Angeles,California,Phones,Logitech Mobile Speakerphone P710e - speaker phone,USD,539.92,5,47.24
Not_Applicable,CA-2012-164497,2012-11-28 00:00:00,2012-11-30 00:00:00,On time,AshleyJarboe,United States,San Francisco,California,Appliances,"Holmes Visible Mist Ultrasonic Humidifier with 2.3-Gallon Output per Day, Replacement Filter",USD,45.28,4,15.4
Not_Applicable,CA-2012-150714,2012-10-26 00:00:00,2012-11-01 00:00:00,Delay,KristenHastings,United States,Springfield,Oregon,Labels,Avery 477,USD,146.54,6,47.63
Not_Applicable,CA-2014-145772,2014-06-04 00:00:00,2014-06-08 00:00:00,On time,SaphhiraShifley,United States,Los Angeles,California,Paper,Xerox 1947,USD,11.96,2,5.38
Not_Applicable,CA-2014-142909,2014-12-23 00:00:00,2014-12-26 00:00:00,On time,AlexGrayson,United States,Mesa,Arizona,Tables,"Lesro Round Back Collection Coffee Table, End Table",USD,182.55,2,-135.09
Not_Applicable,CA-2014-137498,2014-09-10 00:00:00,2014-09-15 00:00:00,Delay,LizCarlisle,United States,Los Angeles,California,Paper,Astroparche Fine Business Paper,USD,47.52,9,22.81
Not_Applicable,CA-2011-110786,2011-12-29 00:00:00,2012-01-02 00:00:00,On time,AnthonyJohnson,United States,San Francisco,California,Furnishings,Stacking Trays by OIC,USD,24.9,5,8.22
Not_Applicable,CA-2011-168305,2011-11-01 00:00:00,2011-11-08 00:00:00,Delay,PaulLucas,United States,Los Angeles,California,Paper,Staples,USD,21.4,5,9.63
Not_Applicable,US-2012-164448,2012-10-31 00:00:00,2012-11-04 00:00:00,On time,DamalaKotsonis,United States,Salinas,California,Envelopes,"Redi-Strip #10 Envelopes, 4 1/8 x 9 1/2",USD,14.75,5,7.08
Not_Applicable,US-2013-157308,2013-08-18 00:00:00,2013-08-22 00:00:00,On time,NeomaMurray,United States,Seattle,Washington,Binders,"Acco Pressboard Covers with Storage Hooks, 14 7/8"" x 11"", Light Blue",USD,15.71,4,5.7
Not_Applicable,CA-2013-110499,2013-04-08 00:00:00,2013-04-10 00:00:00,On time,YosephCarroll,United States,San Francisco,California,Copiers,Hewlett Packard 610 Color Digital Copier / Printer,USD,1199.98,3,374.99
Not_Applicable,CA-2013-124583,2013-09-02 00:00:00,2013-09-04 00:00:00,On time,LaurelBeltran,United States,Huntington Beach,California,Envelopes,Globe Weis Peel & Seel First Class Envelopes,USD,12.78,1,5.75
Not_Applicable,CA-2014-161956,2014-08-28 00:00:00,2014-08-30 00:00:00,On time,DanReichenbach,United States,Inglewood,California,Supplies,Acme Preferred Stainless Steel Scissors,USD,28.4,5,8.24
Not_Applicable,CA-2013-134775,2013-10-29 00:00:00,2013-10-30 00:00:00,On time,AlejandroSavely,United States,San Francisco,California,Binders,"Square Ring Data Binders, Rigid 75 Pt. Covers, 11"" x 14-7/8""",USD,49.54,3,17.34
Not_Applicable,CA-2013-148852,2013-05-27 00:00:00,2013-06-01 00:00:00,Delay,StewartVisinsky,United States,Santa Ana,California,Fasteners,"Alliance Big Bands Rubber Bands, 12/Pack",USD,5.94,3,0.0
Not_Applicable,CA-2012-142419,2012-07-11 00:00:00,2012-07-13 00:00:00,On time,ShahidCollister,United States,Seattle,Washington,Paper,Xerox 1896,USD,29.97,3,13.49
Not_Applicable,CA-2012-137113,2012-12-01 00:00:00,2012-12-05 00:00:00,On time,TamaraWillingham,United States,Seattle,Washington,Paper,"Xerox Color Copier Paper, 11"" x 17"", Ream",USD,114.2,5,52.53
Not_Applicable,CA-2014-127432,2014-01-23 00:00:00,2014-01-28 00:00:00,Delay,AlanDominguez,United States,Great Falls,Montana,Paper,Great White Multi-Use Recycled Paper (20Lb. and 84 Bright),USD,11.96,2,5.38
Not_Applicable,US-2012-140200,2012-07-26 00:00:00,2012-07-28 00:00:00,On time,CynthiaArntzen,United States,Mesa,Arizona,Tables,Bevis Boat-Shaped Conference Table,USD,393.17,3,-204.45
Not_Applicable,US-2014-142573,2014-07-19 00:00:00,2014-07-24 00:00:00,Delay,MarisLaWare,United States,Phoenix,Arizona,Tables,"Chromcraft 48"" x 96"" Racetrack Double Pedestal Table",USD,801.6,5,-448.9
Not_Applicable,CA-2011-134313,2011-11-01 00:00:00,2011-11-07 00:00:00,Delay,RussellApplegate,United States,Denver,Colorado,Art,Model L Table or Wall-Mount Pencil Sharpener,USD,43.18,3,4.32
Not_Applicable,CA-2014-129294,2014-03-17 00:00:00,2014-03-22 00:00:00,Delay,KenDana,United States,Los Angeles,California,Binders,Pressboard Hanging Data Binders for Unburst Sheets,USD,19.68,5,6.89
Not_Applicable,CA-2013-116722,2013-11-12 00:00:00,2013-11-17 00:00:00,Delay,LizPelletier,United States,San Francisco,California,Binders,Avery Poly Binder Pockets,USD,31.5,11,11.03
Not_Applicable,CA-2011-113271,2011-07-09 00:00:00,2011-07-14 00:00:00,Delay,DarrinSayre,United States,San Francisco,California,Paper,Xerox 1967,USD,32.4,5,15.55
Not_Applicable,US-2014-147886,2014-03-29 00:00:00,2014-04-01 00:00:00,On time,DaveHallsten,United States,Fairfield,California,Furnishings,Stackable Trays,USD,21.56,7,6.9
Not_Applicable,CA-2011-151295,2011-11-12 00:00:00,2011-11-16 00:00:00,On time,JosephAirdo,United States,Los Angeles,California,Paper,Xerox 1974,USD,11.96,2,5.86
Not_Applicable,US-2014-140907,2014-12-11 00:00:00,2014-12-13 00:00:00,On time,BenPeterman,United States,Seattle,Washington,Storage,Fellowes Bankers Box Staxonsteel Drawer File/Stacking System,USD,324.9,5,38.99
Not_Applicable,CA-2014-102750,2014-09-05 00:00:00,2014-09-09 00:00:00,On time,GregMaxwell,United States,Los Angeles,California,Tables,Chromcraft Bull-Nose Wood Oval Conference Tables & Bases,USD,1322.35,3,-99.18
Not_Applicable,CA-2014-151008,2014-09-08 00:00:00,2014-09-09 00:00:00,On time,JustinMacKendrick,United States,Draper,Utah,Phones,Motorla HX550 Universal Bluetooth Headset,USD,126.56,4,47.46
Not_Applicable,US-2011-112991,2011-12-10 00:00:00,2011-12-14 00:00:00,On time,SallyHughsby,United States,Caldwell,Idaho,Paper,Xerox 1931,USD,25.92,4,12.44
Not_Applicable,US-2013-169040,2013-12-07 00:00:00,2013-12-13 00:00:00,Delay,GregTran,United States,Seattle,Washington,Phones,Plantronics Calisto P620-M USB Wireless Speakerphone System,USD,156.79,1,13.72
Not_Applicable,CA-2012-154795,2012-12-20 00:00:00,2012-12-24 00:00:00,On time,GaryZandusky,United States,Bullhead City,Arizona,Envelopes,#6 3/4 Gummed Flap White Envelopes,USD,7.92,1,2.77
Not_Applicable,CA-2014-163874,2014-11-11 00:00:00,2014-11-13 00:00:00,On time,NickCrebassa,United States,Seattle,Washington,Binders,GBC Imprintable Covers,USD,26.35,3,9.55
Not_Applicable,CA-2011-150581,2011-04-08 00:00:00,2011-04-12 00:00:00,On time,NathanMautz,United States,Concord,California,Accessories,Logitech Wireless Headset h800,USD,399.96,4,139.99
Not_Applicable,US-2012-113593,2012-04-18 00:00:00,2012-04-20 00:00:00,On time,NathanCano,United States,Santa Maria,California,Storage,Advantus Rolling Drawer Organizers,USD,115.44,3,30.01
Not_Applicable,CA-2013-138478,2013-10-22 00:00:00,2013-10-27 00:00:00,Delay,DennisPardue,United States,North Las Vegas,Nevada,Art,Panasonic KP-150 Electric Pencil Sharpener,USD,113.22,3,29.44
Not_Applicable,CA-2014-161956,2014-08-28 00:00:00,2014-08-30 00:00:00,On time,DanReichenbach,United States,Inglewood,California,Furnishings,"GE 48"" Fluorescent Tube, Cool White Energy Saver, 34 Watts, 30/Box",USD,198.46,2,99.23
Not_Applicable,CA-2012-147501,2012-08-02 00:00:00,2012-08-06 00:00:00,On time,Corey-Lock,United States,Seattle,Washington,Machines,Okidata C331dn Printer,USD,558.4,2,41.88
Not_Applicable,CA-2011-166954,2011-04-25 00:00:00,2011-04-30 00:00:00,Delay,BethThompson,United States,San Gabriel,California,Chairs,GuestStacker Chair with Chrome Finish Legs,USD,1487.04,5,148.7
Not_Applicable,TRN-2026-1000,2026-03-15 00:00:00,2026-03-17 00:00:00,On time,Trainer_Account,United States,Boston,Massachusetts,Health & Household,Lansinoh Breastfeeding Saline Wipes,USD,94.85,3,16.29
Not_Applicable,TRN-2026-1033,2026-03-15 00:00:00,2026-03-17 00:00:00,On time,Trainer_Account,United States,Boston,Massachusetts,Electronics,"Tile Mate (2022) 1-Pack, Bluetooth Tracker",USD,61.54,1,7.82
Not_Applicable,US-2011-160780,2011-06-21 00:00:00,2011-06-21 00:00:00,On time,StewartVisinsky,United States,Pueblo,Colorado,Binders,"Wilson Jones 1"" Hanging DublLock Ring Binders",USD,11.09,7,-8.13
Not_Applicable,CA-2014-100601,2014-11-17 00:00:00,2014-11-21 00:00:00,On time,JayKimmel,United States,Fresno,California,Storage,Eldon Shelf Savers Cubes and Bins,USD,48.86,7,0.98
Not_Applicable,US-2014-105998,2014-11-04 00:00:00,2014-11-06 00:00:00,On time,ClayRozendal,United States,San Diego,California,Accessories,Microsoft Sculpt Comfort Mouse,USD,199.75,5,87.89
Not_Applicable,CA-2014-103611,2014-09-13 00:00:00,2014-09-16 00:00:00,On time,JessicaMyrick,United States,Los Angeles,California,Furnishings,"Eldon Image Series Desk Accessories, Burgundy",USD,8.36,2,3.01
Not_Applicable,CA-2011-106264,2011-12-26 00:00:00,2011-12-30 00:00:00,On time,ClytieKelty,United States,San Diego,California,Furnishings,"Eldon Regeneration Recycled Desk Accessories, Smoke",USD,3.48,2,1.11
Not_Applicable,CA-2014-101182,2014-09-05 00:00:00,2014-09-06 00:00:00,On time,KatrinaBavinger,United States,Apple Valley,California,Phones,invisibleSHIELD by ZAGG Smudge-Free Screen Protector,USD,43.18,3,15.11
Not_Applicable,CA-2011-150490,2011-08-05 00:00:00,2011-08-11 00:00:00,Delay,SoniaSunley,United States,San Francisco,California,Accessories,Logitech Desktop MK120 Mouse and keyboard Combo,USD,16.36,1,1.64
Not_Applicable,US-2013-105578,2013-05-31 00:00:00,2013-06-05 00:00:00,Delay,MaribethYedwab,United States,Parker,Colorado,Binders,Storex Flexible Poly Binders with Double Pockets,USD,2.38,3,-1.9
Not_Applicable,CA-2014-163902,2014-03-03 00:00:00,2014-03-09 00:00:00,Delay,MaribethYedwab,United States,Los Angeles,California,Accessories,Logitech G13 Programmable Gameboard with LCD Display,USD,479.94,6,52.79
Not_Applicable,CA-2014-153822,2014-09-20 00:00:00,2014-09-26 00:00:00,Delay,AdrianBarton,United States,Phoenix,Arizona,Storage,Akro Stacking Bins,USD,12.62,2,-2.52
Not_Applicable,US-2013-113985,2013-12-03 00:00:00,2013-12-08 00:00:00,Delay,KeithDawkins,United States,San Jose,California,Binders,Satellite Sectional Post Binders,USD,104.18,3,33.86
Not_Applicable,CA-2013-125738,2013-10-16 00:00:00,2013-10-22 00:00:00,Delay,PatrickBzostek,United States,Salt Lake City,Utah,Paper,Xerox 1986,USD,60.12,9,28.86
Not_Applicable,CA-2014-145772,2014-06-04 00:00:00,2014-06-08 00:00:00,On time,SaphhiraShifley,United States,Los Angeles,California,Binders,UniKeep View Case Binders,USD,3.91,1,1.27
Not_Applicable,CA-2012-152527,2012-10-17 00:00:00,2012-10-17 00:00:00,On time,CharlotteMelton,United States,Los Angeles,California,Storage,"Eldon Base for stackable storage shelf, platinum",USD,77.88,2,3.89
Not_Applicable,CA-2012-135272,2012-12-07 00:00:00,2012-12-12 00:00:00,Delay,MelanieSeite,United States,Los Angeles,California,Furnishings,12-1/2 Diameter Round Wall Clock,USD,79.92,4,28.77
Not_Applicable,US-2014-107888,2014-11-17 00:00:00,2014-11-20 00:00:00,On time,ChrisCortes,United States,Seattle,Washington,Furnishings,"Tenex ""The Solids"" Textured Chair Mats",USD,139.92,2,23.79
Not_Applicable,CA-2014-112725,2014-01-31 00:00:00,2014-02-07 00:00:00,Delay,EugeneHildebrand,United States,San Francisco,California,Chairs,Novimex Swivel Fabric Task Chair,USD,120.78,1,-13.59
Not_Applicable,CA-2012-144267,2012-08-21 00:00:00,2012-08-23 00:00:00,On time,NickZandusky,United States,San Francisco,California,Paper,Xerox 1927,USD,4.28,1,1.93
Not_Applicable,US-2014-109253,2014-08-22 00:00:00,2014-08-23 00:00:00,On time,PatrickRyan,United States,Oakland,California,Labels,"Avery Address/Shipping Labels for Typewriters, 4"" x 2""",USD,51.75,5,24.84
Not_Applicable,CA-2014-139080,2014-01-24 00:00:00,2014-01-29 00:00:00,Delay,ChrisSelesnick,United States,Seattle,Washington,Paper,Xerox 212,USD,25.92,4,12.44
Not_Applicable,US-2014-140907,2014-12-11 00:00:00,2014-12-13 00:00:00,On time,BenPeterman,United States,Seattle,Washington,Art,Col-Erase Pencils with Erasers,USD,18.24,3,5.29
Not_Applicable,US-2011-102071,2011-05-09 00:00:00,2011-05-15 00:00:00,Delay,PatrickGardner,United States,San Francisco,California,Accessories,Sony Micro Vault Click 16 GB USB 2.0 Flash Drive,USD,167.97,3,40.31
Not_Applicable,US-2011-133130,2011-09-27 00:00:00,2011-10-01 00:00:00,On time,TheaHendricks,United States,San Diego,California,Chairs,DMI Arturo Collection Mission-style Design Wood Chair,USD,603.92,5,45.29
Not_Applicable,US-2013-146794,2013-09-27 00:00:00,2013-10-02 00:00:00,Delay,SallyHughsby,United States,Hesperia,California,Bookcases,Bestar Classic Bookcase,USD,424.96,5,20.0
Not_Applicable,CA-2011-154781,2011-11-21 00:00:00,2011-11-26 00:00:00,Delay,SteveCarroll,United States,San Francisco,California,Accessories,Kensington Expert Mouse Optical USB Trackball for PC or Mac,USD,94.99,1,28.5
Not_Applicable,CA-2013-131289,2013-12-09 00:00:00,2013-12-15 00:00:00,Delay,StefaniaPerrino,United States,San Francisco,California,Paper,Xerox 204,USD,45.36,7,21.77
Not_Applicable,CA-2012-129917,2012-10-02 00:00:00,2012-10-03 00:00:00,On time,HenryMacAllister,United States,Los Angeles,California,Phones,HTC One Mini,USD,503.96,5,50.4
Not_Applicable,US-2012-158589,2012-11-20 00:00:00,2012-11-24 00:00:00,On time,KellyWilliams,United States,San Francisco,California,Furnishings,Dana Swing-Arm Lamps,USD,32.04,3,8.01
Not_Applicable,US-2013-114776,2013-12-07 00:00:00,2013-12-08 00:00:00,On time,GregGuthrie,United States,Antioch,California,Paper,Xerox 216,USD,19.44,3,9.33
Not_Applicable,CA-2014-101308,2014-10-03 00:00:00,2014-10-08 00:00:00,Delay,FrankGastineau,United States,Seattle,Washington,Phones,i.Sound Portable Power - 8000 mAh,USD,84.78,2,-20.14
Not_Applicable,CA-2012-111514,2012-08-31 00:00:00,2012-09-02 00:00:00,On time,ScottCohen,United States,San Francisco,California,Machines,Lexmark S315 Color Inkjet Printer,USD,239.98,3,80.99
Not_Applicable,CA-2013-169957,2013-09-27 00:00:00,2013-10-01 00:00:00,On time,SteveNguyen,United States,Covington,Washington,Paper,Universal Premium White Copier/Laser Paper (20Lb. and 87 Bright),USD,29.9,5,14.65
Not_Applicable,CA-2012-112116,2012-03-16 00:00:00,2012-03-18 00:00:00,On time,JeremyEllison,United States,Seattle,Washington,Tables,KI Adjustable-Height Table,USD,171.96,2,44.71
Not_Applicable,US-2013-150035,2013-12-02 00:00:00,2013-12-06 00:00:00,On time,CarlLudwig,United States,San Francisco,California,Furnishings,Westinghouse Clip-On Gooseneck Lamps,USD,16.74,2,4.35
Not_Applicable,CA-2011-126683,2011-09-29 00:00:00,2011-10-01 00:00:00,On time,PaulProst,United States,Seattle,Washington,Tables,"Bevis Oval Conference Table, Walnut",USD,2348.82,9,399.3
Not_Applicable,CA-2011-125829,2011-11-04 00:00:00,2011-11-11 00:00:00,Delay,WilliamBrown,United States,Los Angeles,California,Machines,Hewlett-Packard Deskjet D4360 Printer,USD,447.97,4,139.99
Not_Applicable,CA-2013-114972,2013-11-04 00:00:00,2013-11-07 00:00:00,On time,PhillipFlathmann,United States,Los Angeles,California,Chairs,Global Deluxe High-Back Office Chair in Storm,USD,217.58,2,-29.92
Not_Applicable,TRN-2026-1044,2026-03-15 00:00:00,2026-03-17 00:00:00,On time,Trainer_Account,United States,Boston,Massachusetts,Health & Household,Vicks SpeedRead Digital Thermometer,USD,11.99,3,18.66
Not_Applicable,CA-2013-164399,2013-11-13 00:00:00,2013-11-16 00:00:00,On time,DiannaWilson,United States,San Diego,California,Phones,Panasonic KX TS3282W Corded phone,USD,203.98,3,25.5
Not_Applicable,CA-2014-145765,2014-05-29 00:00:00,2014-06-03 00:00:00,Delay,CandaceMcMahon,United States,Phoenix,Arizona,Paper,Xerox 230,USD,15.55,3,5.44
Not_Applicable,CA-2011-169460,2011-04-19 00:00:00,2011-04-21 00:00:00,On time,NicoleFjeld,United States,San Jose,California,Furnishings,"Executive Impressions 13"" Chairman Wall Clock",USD,76.14,3,26.65
Not_Applicable,US-2014-142188,2014-09-12 00:00:00,2014-09-12 00:00:00,On time,JenniferFerguson,United States,Seattle,Washington,Binders,Ibico Ibimaster 300 Manual Binding System,USD,1471.96,5,459.99
Not_Applicable,CA-2012-115511,2012-11-21 00:00:00,2012-11-25 00:00:00,On time,NatalieWebber,United States,Las Vegas,Nevada,Bookcases,"Hon Metal Bookcases, Putty",USD,141.96,2,41.17
Not_Applicable,US-2013-127334,2013-12-16 00:00:00,2013-12-22 00:00:00,Delay,MikePelletier,United States,Springfield,Oregon,Appliances,Belkin 5 Outlet SurgeMaster Power Centers,USD,87.17,2,8.72
Not_Applicable,CA-2012-105844,2012-10-25 00:00:00,2012-10-27 00:00:00,On time,JenniferFerguson,United States,Sparks,Nevada,Art,Newell 319,USD,79.36,4,23.81
Not_Applicable,CA-2012-155586,2012-12-12 00:00:00,2012-12-16 00:00:00,On time,XylonaPreis,United States,Chico,California,Envelopes,Peel & Seel Envelopes,USD,15.52,4,7.45
Not_Applicable,CA-2013-161095,2013-06-29 00:00:00,2013-06-29 00:00:00,On time,ChrisSelesnick,United States,Los Angeles,California,Binders,Recycled Pressboard Report Cover with Reinforced Top Hinge,USD,7.75,3,2.81
Not_Applicable,CA-2012-122287,2012-06-18 00:00:00,2012-06-23 00:00:00,Delay,SkyeNorling,United States,Peoria,Arizona,Paper,Xerox 1922,USD,11.95,3,4.33
Not_Applicable,CA-2014-160395,2014-01-01 00:00:00,2014-01-07 00:00:00,Delay,KellyLampkin,United States,Reno,Nevada,Binders,Lock-Up Easel 'Spel-Binder',USD,159.77,7,53.92
Not_Applicable,CA-2014-158120,2014-11-18 00:00:00,2014-11-22 00:00:00,On time,KatharineHarms,United States,Hillsboro,Oregon,Paper,"Wirebound Message Forms, Four 2 3/4 x 5 Forms per Page, Pink Paper",USD,19.61,3,6.62
Not_Applicable,US-2014-163790,2014-11-03 00:00:00,2014-11-05 00:00:00,On time,NancyLomonaco,United States,Danville,California,Binders,GBC Therma-A-Bind 250T Electric Binding System,USD,590.35,6,206.62
Not_Applicable,US-2013-114293,2013-11-22 00:00:00,2013-11-27 00:00:00,Delay,JustinHirsh,United States,Gresham,Oregon,Chairs,Novimex Fabric Task Chair,USD,195.14,4,-12.2
Not_Applicable,CA-2011-119144,2011-11-16 00:00:00,2011-11-18 00:00:00,On time,JustinDeggeller,United States,Los Angeles,California,Phones,OtterBox Commuter Series Case - Samsung Galaxy S4,USD,79.97,4,-17.99
Not_Applicable,CA-2014-110443,2014-11-22 00:00:00,2014-11-26 00:00:00,On time,ChlorisKastensmidt,United States,Renton,Washington,Machines,"3D Systems Cube Printer, 2nd Generation, White",USD,1039.99,1,104.0
Not_Applicable,CA-2011-148040,2011-03-22 00:00:00,2011-03-26 00:00:00,On time,BethFritzler,United States,Tucson,Arizona,Paper,Xerox 1951,USD,74.35,3,23.24
Not_Applicable,US-2013-131912,2013-10-30 00:00:00,2013-11-02 00:00:00,On time,LoganHaushalter,United States,Los Angeles,California,Binders,"XtraLife ClearVue Slant-D Ring Binder, White, 3""",USD,11.74,1,3.82
Not_Applicable,CA-2011-106439,2011-10-31 00:00:00,2011-11-04 00:00:00,On time,GregGuthrie,United States,Los Angeles,California,Storage,"Letter/Legal File Tote with Clear Snap-On Lid, Black Granite",USD,80.3,5,20.88
Not_Applicable,CA-2013-135265,2013-07-08 00:00:00,2013-07-10 00:00:00,On time,ChristopherConant,United States,Los Angeles,California,Copiers,Canon PC1060 Personal Laser Copier,USD,2799.96,5,944.99
Not_Applicable,CA-2011-151708,2011-08-08 00:00:00,2011-08-14 00:00:00,Delay,MariaBertelson,United States,Glendale,Arizona,Accessories,SanDisk Ultra 64 GB MicroSDHC Class 10 Memory Card,USD,95.98,3,-10.8
Not_Applicable,CA-2012-113110,2012-03-19 00:00:00,2012-03-23 00:00:00,On time,BerenikeKampe,United States,San Bernardino,California,Labels,Self-Adhesive Address Labels for Typewriters by Universal,USD,14.62,2,6.87
Not_Applicable,CA-2013-129868,2013-12-27 00:00:00,2014-01-01 00:00:00,Delay,MikeCaudle,United States,Los Angeles,California,Appliances,"Hoover Replacement Belts For Soft Guard & Commercial Ltweight Upright Vacs, 2/Pk",USD,7.9,2,2.05
Not_Applicable,CA-2011-110786,2011-12-29 00:00:00,2012-01-02 00:00:00,On time,AnthonyJohnson,United States,San Francisco,California,Machines,DYMO CardScan Personal V9 Business Card Scanner,USD,767.95,6,287.98
Not_Applicable,TRN-2026-1006,2026-03-15 00:00:00,2026-03-17 00:00:00,On time,Trainer_Account,United States,Boston,Massachusetts,Health & Household,"Tylenol Extra Strength Caplets with Acetaminophen, 100 ct",USD,70.9,1,14.71
Not_Applicable,CA-2013-130638,2013-05-17 00:00:00,2013-05-20 00:00:00,On time,SanjitChand,United States,Los Angeles,California,Labels,Avery 481,USD,27.72,9,13.31
Not_Applicable,CA-2011-141110,2011-11-26 00:00:00,2011-12-01 00:00:00,Delay,LukeSchmidt,United States,Fresno,California,Appliances,Fellowes Mighty 8 Compact Surge Protector,USD,40.54,2,11.35
Not_Applicable,CA-2013-133935,2013-09-19 00:00:00,2013-09-23 00:00:00,On time,JaneWaco,United States,San Diego,California,Chairs,"Global High-Back Leather Tilter, Burgundy",USD,885.53,9,-99.62
Not_Applicable,CA-2012-123141,2012-11-14 00:00:00,2012-11-19 00:00:00,Delay,GaryZandusky,United States,Rio Rancho,New Mexico,Chairs,SAFCO Arco Folding Chair,USD,883.84,4,99.43
Not_Applicable,CA-2011-127131,2011-11-24 00:00:00,2011-11-30 00:00:00,Delay,HaroldRyan,United States,Seattle,Washington,Binders,Peel & Stick Add-On Corner Pockets,USD,12.1,7,4.23
Not_Applicable,CA-2014-133648,2014-06-26 00:00:00,2014-07-03 00:00:00,Delay,MaxLudwig,United States,Springfield,Oregon,Fasteners,Plymouth Boxed Rubber Bands by Plymouth,USD,11.3,3,-2.12
Not_Applicable,CA-2011-168592,2011-09-08 00:00:00,2011-09-14 00:00:00,Delay,DennisPardue,United States,San Francisco,California,Appliances,"Holmes Replacement Filter for HEPA Air Cleaner, Medium Room",USD,56.65,5,24.36
Not_Applicable,CA-2011-159800,2011-11-28 00:00:00,2011-12-01 00:00:00,On time,SheriGordon,United States,San Francisco,California,Accessories,Micropad Numeric Keypads,USD,139.93,7,34.98
Not_Applicable,CA-2013-163328,2013-11-05 00:00:00,2013-11-07 00:00:00,On time,TracyPoddar,United States,Eugene,Oregon,Labels,"Dot Matrix Printer Tape Reel Labels, White, 5000/Box",USD,629.18,8,228.08
Not_Applicable,CA-2013-154508,2013-11-17 00:00:00,2013-11-21 00:00:00,On time,RubenDartt,United States,Carlsbad,New Mexico,Envelopes,Staples,USD,28.4,5,13.35
Not_Applicable,CA-2011-121762,2011-02-15 00:00:00,2011-02-19 00:00:00,On time,MarinaLichtenstein,United States,Seattle,Washington,Appliances,Belkin 8 Outlet Surge Protector,USD,81.96,2,22.95
Not_Applicable,CA-2011-103310,2011-05-10 00:00:00,2011-05-15 00:00:00,Delay,GregMatthias,United States,San Jose,California,Phones,Wilson Electronics DB Pro Signal Booster,USD,1432.0,5,125.3
Not_Applicable,CA-2014-141138,2014-11-11 00:00:00,2014-11-17 00:00:00,Delay,GaryHwang,United States,Modesto,California,Accessories,Memorex Mini Travel Drive 16 GB USB 2.0 Flash Drive,USD,111.79,7,43.6
Not_Applicable,CA-2012-134082,2012-12-11 00:00:00,2012-12-17 00:00:00,Delay,JimKriz,United States,San Bernardino,California,Binders,GBC Recycled Grain Textured Covers,USD,110.53,4,38.68
Not_Applicable,CA-2013-126732,2013-09-03 00:00:00,2013-09-07 00:00:00,On time,LenaRadford,United States,Los Angeles,California,Tables,Chromcraft Rectangular Conference Tables,USD,568.73,3,28.44
Not_Applicable,US-2013-162026,2013-10-09 00:00:00,2013-10-09 00:00:00,On time,JoelEaton,United States,Los Angeles,California,Paper,Xerox 1925,USD,61.96,2,27.88
Not_Applicable,CA-2013-116547,2013-01-10 00:00:00,2013-01-17 00:00:00,Delay,KenBlack,United States,Seattle,Washington,Furnishings,24-Hour Round Wall Clock,USD,79.92,4,34.37
Not_Applicable,US-2012-136987,2012-04-11 00:00:00,2012-04-14 00:00:00,On time,AndyReiter,United States,Los Angeles,California,Copiers,Canon PC-428 Personal Copier,USD,639.97,4,215.99
Not_Applicable,US-2014-125717,2014-09-29 00:00:00,2014-10-02 00:00:00,On time,DarrinSayre,United States,Aurora,Colorado,Appliances,Kensington 7 Outlet MasterPiece HOMEOFFICE Power Control Center,USD,209.79,2,26.22
Not_Applicable,CA-2014-156958,2014-12-06 00:00:00,2014-12-07 00:00:00,On time,PatrickBzostek,United States,Seattle,Washington,Furnishings,Eldon Radial Chair Mat for Low to Medium Pile Carpets,USD,199.9,5,39.98
Not_Applicable,CA-2012-164833,2012-06-04 00:00:00,2012-06-04 00:00:00,On time,LaurenLeatherbury,United States,Seattle,Washington,Labels,Avery 501,USD,7.38,2,3.47
Not_Applicable,CA-2014-103380,2014-11-22 00:00:00,2014-11-26 00:00:00,On time,BarryFranz,United States,Pasadena,California,Phones,Mitel MiVoice 5330e IP Phone,USD,659.98,3,49.5
Not_Applicable,CA-2014-131212,2014-12-06 00:00:00,2014-12-10 00:00:00,On time,AlanBarnes,United States,Bellevue,Washington,Binders,GBC Wire Binding Combs,USD,24.82,3,8.38
Not_Applicable,US-2013-122245,2013-09-26 00:00:00,2013-10-01 00:00:00,Delay,AdrianBarton,United States,Phoenix,Arizona,Tables,Bevis Boat-Shaped Conference Table,USD,393.17,3,-204.45
Not_Applicable,CA-2013-100244,2013-09-21 00:00:00,2013-09-25 00:00:00,On time,GregMaxwell,United States,San Francisco,California,Art,Newell 343,USD,11.76,4,3.18
Not_Applicable,CA-2012-120103,2012-12-24 00:00:00,2012-12-29 00:00:00,Delay,MaribethSchnelling,United States,Phoenix,Arizona,Paper,Computer Printout Paper with Letter-Trim Perforations,USD,106.23,7,37.18
Not_Applicable,CA-2013-161928,2013-06-28 00:00:00,2013-06-30 00:00:00,On time,AnnaChung,United States,San Francisco,California,Phones,Ooma Telo VoIP Home Phone System,USD,201.58,2,12.6
Not_Applicable,CA-2014-166933,2014-04-25 00:00:00,2014-04-29 00:00:00,On time,MichaelGranlund,United States,Santa Barbara,California,Fasteners,Colored Push Pins,USD,1.81,1,0.65
Not_Applicable,CA-2012-154886,2012-11-08 00:00:00,2012-11-12 00:00:00,On time,ShaunWeien,United States,San Francisco,California,Accessories,Microsoft Arc Touch Mouse,USD,119.9,2,43.16
Not_Applicable,CA-2014-133046,2014-07-28 00:00:00,2014-08-02 00:00:00,Delay,DennisKane,United States,Seattle,Washington,Paper,Xerox 227,USD,12.96,2,6.22
Not_Applicable,CA-2013-150350,2013-08-24 00:00:00,2013-08-31 00:00:00,Delay,MaxwellSchwartz,United States,Seattle,Washington,Chairs,Office Star Flex Back Scooter Chair with White Frame,USD,532.7,6,-39.95
Not_Applicable,US-2014-111241,2014-08-21 00:00:00,2014-08-23 00:00:00,On time,GeneMcClure,United States,Fresno,California,Binders,GBC Recycled Regency Composition Covers,USD,239.12,5,77.71
Not_Applicable,CA-2014-137463,2014-12-17 00:00:00,2014-12-21 00:00:00,On time,KalycaMeade,United States,Sunnyvale,California,Labels,Avery 475,USD,44.4,3,22.2
Not_Applicable,CA-2012-105347,2012-11-24 00:00:00,2012-11-28 00:00:00,On time,DarrenPowers,United States,Los Angeles,California,Art,Prang Colored Pencils,USD,14.7,5,6.62
Not_Applicable,CA-2014-128041,2014-09-02 00:00:00,2014-09-02 00:00:00,On time,RickWilson,United States,Seattle,Washington,Appliances,Honeywell Quietcare HEPA Air Cleaner,USD,314.6,4,103.82
Not_Applicable,US-2013-119046,2013-06-03 00:00:00,2013-06-07 00:00:00,On time,EdwardHooks,United States,Seattle,Washington,Binders,"Acco PRESSTEX Data Binder with Storage Hooks, Dark Blue, 14 7/8"" X 11""",USD,51.65,12,18.72
Not_Applicable,CA-2012-126137,2012-10-03 00:00:00,2012-10-08 00:00:00,Delay,BruceStewart,United States,Los Angeles,California,Bookcases,"Safco Value Mate Series Steel Bookcases, Baked Enamel Finish on Steel, Gray",USD,120.67,2,18.45
Not_Applicable,CA-2013-129868,2013-12-27 00:00:00,2014-01-01 00:00:00,Delay,MikeCaudle,United States,Los Angeles,California,Art,Model L Table or Wall-Mount Pencil Sharpener,USD,53.97,3,15.11
Not_Applicable,CA-2013-109365,2013-11-04 00:00:00,2013-11-09 00:00:00,Delay,XylonaPreis,United States,Los Angeles,California,Fasteners,Stockwell Push Pins,USD,15.26,7,5.04
Not_Applicable,CA-2014-130106,2014-05-23 00:00:00,2014-05-27 00:00:00,On time,VickyFreymann,United States,San Francisco,California,Art,Newell 333,USD,2.78,1,0.72
Not_Applicable,TRN-2026-1032,2026-03-15 00:00:00,2026-03-17 00:00:00,On time,Trainer_Account,United States,Boston,Massachusetts,Beauty & Personal Care,Dove Beauty Bar More Moisturizing Than Bar Soap,USD,41.45,1,4.75
Not_Applicable,US-2011-131275,2011-03-18 00:00:00,2011-03-24 00:00:00,Delay,SampleCompanyA,United States,Burbank,California,Storage,Tennsco 6- and 18-Compartment Lockers,USD,1856.19,7,334.11
Not_Applicable,CA-2012-166135,2012-10-01 00:00:00,2012-10-06 00:00:00,Delay,ShaunChance,United States,Aurora,Colorado,Storage,"Trav-L-File Heavy-Duty Shuttle II, Black",USD,139.42,4,17.43
Not_Applicable,CA-2011-168984,2011-11-26 00:00:00,2011-12-02 00:00:00,Delay,NatalieWebber,United States,Tigard,Oregon,Paper,Xerox 2,USD,15.55,3,5.44
Not_Applicable,CA-2013-134803,2013-05-29 00:00:00,2013-06-04 00:00:00,Delay,ClayLudtke,United States,Los Angeles,California,Accessories,Imation Clip USB flash drive - 8 GB,USD,131.6,7,7.9
Not_Applicable,CA-2013-105963,2013-11-16 00:00:00,2013-11-23 00:00:00,Delay,StewartCarmichael,United States,Los Angeles,California,Accessories,Imation 16GB Mini TravelDrive USB 2.0 Flash Drive,USD,99.39,3,40.75
Not_Applicable,CA-2014-134565,2014-06-12 00:00:00,2014-06-14 00:00:00,On time,TomBoeckenhauer,United States,Seattle,Washington,Paper,Xerox 1939,USD,37.94,2,18.21
Not_Applicable,CA-2012-120103,2012-12-24 00:00:00,2012-12-29 00:00:00,Delay,MaribethSchnelling,United States,Phoenix,Arizona,Furnishings,Magna Visual Magnetic Picture Hangers,USD,7.71,2,1.74
Not_Applicable,CA-2011-146591,2011-01-20 00:00:00,2011-01-21 00:00:00,On time,TobySwindell,United States,Scottsdale,Arizona,Envelopes,"Tyvek  Top-Opening Peel & Seel Envelopes, Plain White",USD,108.72,5,36.69
Not_Applicable,CA-2012-133445,2012-10-05 00:00:00,2012-10-09 00:00:00,On time,JeremyFarry,United States,Portland,Oregon,Chairs,Global Highback Leather Tilter in Burgundy,USD,291.17,4,-14.56
Not_Applicable,CA-2013-109365,2013-11-04 00:00:00,2013-11-09 00:00:00,Delay,XylonaPreis,United States,Los Angeles,California,Paper,Xerox 1892,USD,116.28,3,56.98
Not_Applicable,CA-2013-101385,2013-09-26 00:00:00,2013-10-02 00:00:00,Delay,JuliaWest,United States,San Francisco,California,Art,BIC Brite Liner Highlighters,USD,16.56,4,6.96
Not_Applicable,CA-2012-135580,2012-12-30 00:00:00,2013-01-03 00:00:00,On time,ClayLudtke,United States,Los Angeles,California,Phones,Cisco SPA 502G IP Phone,USD,287.88,3,35.99
Not_Applicable,CA-2012-104493,2012-10-02 00:00:00,2012-10-08 00:00:00,Delay,EdBraxton,United States,San Diego,California,Binders,GBC Personal VeloBind Strips,USD,57.5,6,20.13
Not_Applicable,TRN-2026-1008,2026-03-15 00:00:00,2026-03-17 00:00:00,On time,Trainer_Account,United States,Boston,Massachusetts,Health & Household,"Bausch + Lomb ReNu Advanced Multi-Purpose Solution, 2pk",USD,86.07,2,11.95
Not_Applicable,CA-2011-105172,2011-04-04 00:00:00,2011-04-09 00:00:00,Delay,PaulKnutson,United States,San Francisco,California,Labels,Avery 518,USD,18.9,6,9.07
Not_Applicable,US-2012-159499,2012-11-21 00:00:00,2012-11-23 00:00:00,On time,EudokiaMartin,United States,Phoenix,Arizona,Labels,Avery 506,USD,16.52,5,5.37
Not_Applicable,CA-2011-145254,2011-07-23 00:00:00,2011-07-27 00:00:00,On time,NickCrebassa,United States,San Francisco,California,Phones,VTech DS6151,USD,604.75,6,60.48
Not_Applicable,CA-2014-102407,2014-12-10 00:00:00,2014-12-14 00:00:00,On time,AlyssaTate,United States,Los Angeles,California,Tables,Bevis 36 x 72 Conference Tables,USD,896.33,9,22.41
Not_Applicable,CA-2011-141110,2011-11-26 00:00:00,2011-12-01 00:00:00,Delay,LukeSchmidt,United States,Fresno,California,Binders,Wilson Jones Easy Flow II Sheet Lifters,USD,4.32,3,1.51
Not_Applicable,US-2014-116652,2014-09-16 00:00:00,2014-09-20 00:00:00,On time,RickDuston,United States,San Francisco,California,Art,Peel-Off China Markers,USD,99.3,10,41.71
Not_Applicable,CA-2013-103709,2013-09-09 00:00:00,2013-09-16 00:00:00,Delay,LizPreis,United States,Visalia,California,Art,"Eberhard Faber 3 1/2"" Golf Pencils",USD,14.88,2,3.72
Not_Applicable,CA-2014-155873,2014-06-17 00:00:00,2014-06-22 00:00:00,Delay,AlejandroBallentine,United States,Carlsbad,New Mexico,Paper,Xerox 1885,USD,192.16,4,92.24
Not_Applicable,CA-2013-135776,2013-12-24 00:00:00,2013-12-31 00:00:00,Delay,EdwardHooks,United States,Seattle,Washington,Paper,Computer Printout Paper with Letter-Trim Perforations,USD,37.94,2,18.21
Not_Applicable,CA-2012-148376,2012-12-27 00:00:00,2012-12-31 00:00:00,On time,ArthurGainer,United States,Los Angeles,California,Labels,Avery 497,USD,21.56,7,10.35
Not_Applicable,CA-2012-129917,2012-10-02 00:00:00,2012-10-03 00:00:00,On time,HenryMacAllister,United States,Los Angeles,California,Binders,Pressboard Hanging Data Binders for Unburst Sheets,USD,11.81,3,4.13
Not_Applicable,CA-2013-158834,2013-03-14 00:00:00,2013-03-17 00:00:00,On time,TamaraWillingham,United States,Scottsdale,Arizona,Appliances,Belkin 7 Outlet SurgeMaster Surge Protector with Phone Protection,USD,157.92,5,17.77
Not_Applicable,CA-2012-121797,2012-01-30 00:00:00,2012-02-06 00:00:00,Delay,CharlesCrestani,United States,Los Angeles,California,Machines,Bady BDG101FRU Card Printer,USD,1919.98,3,216.0
Not_Applicable,US-2014-109253,2014-08-22 00:00:00,2014-08-23 00:00:00,On time,PatrickRyan,United States,Oakland,California,Art,Newell 336,USD,17.12,4,4.96
Not_Applicable,CA-2012-117611,2012-11-08 00:00:00,2012-11-10 00:00:00,On time,MariaZettner,United States,San Diego,California,Accessories,Logitech G19 Programmable Gaming Keyboard,USD,371.97,3,66.95
Not_Applicable,US-2013-126452,2013-08-22 00:00:00,2013-08-29 00:00:00,Delay,ScotCoram,United States,Los Angeles,California,Phones,Anker Astro Mini 3000mAh Ultra-Compact Portable Charger,USD,31.98,2,-8.0
Not_Applicable,CA-2013-110009,2013-09-09 00:00:00,2013-09-14 00:00:00,Delay,TobyRitter,United States,Seattle,Washington,Paper,"Ampad Gold Fibre Wirebound Steno Books, 6"" x 9"", Gregg Ruled",USD,30.87,7,14.2
Not_Applicable,CA-2011-125731,2011-09-10 00:00:00,2011-09-16 00:00:00,Delay,ClayLudtke,United States,Gresham,Oregon,Chairs,GuestStacker Chair with Chrome Finish Legs,USD,1487.04,5,148.7
Not_Applicable,CA-2011-117464,2011-07-22 00:00:00,2011-07-24 00:00:00,On time,NaresjPatel,United States,San Francisco,California,Tables,Safco Drafting Table,USD,170.35,3,19.16
Not_Applicable,CA-2013-153598,2013-12-04 00:00:00,2013-12-07 00:00:00,On time,NeomaMurray,United States,Los Angeles,California,Accessories,Logitech Z-906 Speaker sys - home theater - 5.1-CH,USD,1649.95,5,659.98
Not_Applicable,CA-2014-118122,2014-11-18 00:00:00,2014-11-25 00:00:00,Delay,GregGuthrie,United States,Seattle,Washington,Binders,"Cardinal Slant-D Ring Binder, Heavy Gauge Vinyl",USD,13.9,2,4.52
Not_Applicable,CA-2014-131303,2014-11-29 00:00:00,2014-12-03 00:00:00,On time,EmilyPhan,United States,San Diego,California,Labels,Round Specialty Laser Printer Labels,USD,62.65,5,29.45
Not_Applicable,CA-2013-103709,2013-09-09 00:00:00,2013-09-16 00:00:00,Delay,LizPreis,United States,Visalia,California,Storage,"Mini 13-1/2 Capacity Data Binder Rack, Pearl",USD,261.74,2,65.44
Not_Applicable,CA-2013-134222,2013-07-11 00:00:00,2013-07-12 00:00:00,On time,NickZandusky,United States,Yuma,Arizona,Binders,GBC Standard Therm-A-Bind Covers,USD,44.86,6,-35.88
Not_Applicable,CA-2011-128524,2011-11-11 00:00:00,2011-11-13 00:00:00,On time,MaryZewe,United States,Seattle,Washington,Binders,Fellowes PB500 Electric Punch Plastic Comb Binding Machine with Manual Bind,USD,2033.58,2,762.59
Not_Applicable,TRN-2026-1037,2026-03-15 00:00:00,2026-03-17 00:00:00,On time,Trainer_Account,United States,Boston,Massachusetts,Office Products,"Paper Mate Flair Felt Tip Pens, Medium Point",USD,84.73,1,19.59
Not_Applicable,CA-2014-166198,2014-04-22 00:00:00,2014-04-25 00:00:00,On time,JoniWasserman,United States,Seattle,Washington,Accessories,"Verbatim Slim CD and DVD Storage Cases, 50/Pack",USD,11.54,1,3.46
Not_Applicable,CA-2011-127866,2011-07-20 00:00:00,2011-07-23 00:00:00,On time,JonathanDoherty,United States,Riverside,California,Storage,"Hot File 7-Pocket, Floor Stand",USD,535.41,3,160.62
Not_Applicable,CA-2013-153661,2013-01-30 00:00:00,2013-01-31 00:00:00,On time,StevenCartwright,United States,San Francisco,California,Labels,Avery 512,USD,26.01,9,12.22
Not_Applicable,CA-2012-154795,2012-12-20 00:00:00,2012-12-24 00:00:00,On time,GaryZandusky,United States,Bullhead City,Arizona,Furnishings,Nu-Dell Float Frame 11 x 14 1/2,USD,14.37,2,3.95
Not_Applicable,US-2013-155768,2013-12-02 00:00:00,2013-12-02 00:00:00,On time,LaurelBeltran,United States,Oxnard,California,Furnishings,Tenex Chairmats For Use With Carpeted Floors,USD,31.96,2,1.6
Not_Applicable,CA-2011-132451,2011-09-26 00:00:00,2011-09-27 00:00:00,On time,KarenFerguson,United States,San Diego,California,Chairs,"Hon Deluxe Fabric Upholstered Stacking Chairs, Rounded Back",USD,585.55,3,73.19
Not_Applicable,CA-2011-163419,2011-11-11 00:00:00,2011-11-14 00:00:00,On time,TracyZic,United States,Louisville,Colorado,Phones,Samsung Galaxy S III - 16GB - pebble blue (T-Mobile),USD,559.98,2,56.0
Not_Applicable,CA-2013-157742,2013-12-30 00:00:00,2014-01-01 00:00:00,On time,KenLonsdale,United States,Springfield,Oregon,Envelopes,"Peel & Seel Recycled Catalog Envelopes, Brown",USD,27.79,3,10.42
Not_Applicable,CA-2013-118969,2013-10-03 00:00:00,2013-10-04 00:00:00,On time,LizPreis,United States,Phoenix,Arizona,Binders,"Premier Elliptical Ring Binder, Black",USD,54.79,6,-40.18
Not_Applicable,CA-2011-131310,2011-07-12 00:00:00,2011-07-18 00:00:00,Delay,ClayLudtke,United States,Seattle,Washington,Binders,Self-Adhesive Ring Binder Labels,USD,11.26,4,3.8
Not_Applicable,CA-2014-105921,2014-08-15 00:00:00,2014-08-22 00:00:00,Delay,JanetMartin,United States,Los Angeles,California,Tables,Chromcraft Round Conference Tables,USD,418.3,3,5.23
Not_Applicable,CA-2014-154116,2014-12-16 00:00:00,2014-12-20 00:00:00,On time,KhloeMiller,United States,Inglewood,California,Appliances,Hoover Commercial SteamVac,USD,54.32,4,16.3
Not_Applicable,CA-2013-109953,2013-07-15 00:00:00,2013-07-19 00:00:00,On time,RaymondBuch,United States,San Francisco,California,Furnishings,Deflect-O Glasstique Clear Desk Accessories,USD,30.8,4,10.16
Not_Applicable,US-2012-163279,2012-03-22 00:00:00,2012-03-26 00:00:00,On time,JustinDeggeller,United States,San Diego,California,Paper,Staples,USD,105.52,4,48.54
Not_Applicable,CA-2011-126522,2011-09-01 00:00:00,2011-09-05 00:00:00,On time,LarryTron,United States,Escondido,California,Art,"BOSTON Model 1800 Electric Pencil Sharpeners, Putty/Woodgrain",USD,53.94,3,15.64
Not_Applicable,US-2014-139647,2014-05-12 00:00:00,2014-05-14 00:00:00,On time,ToddSumrall,United States,Phoenix,Arizona,Bookcases,Bestar Classic Bookcase,USD,209.98,7,-356.96
Not_Applicable,CA-2013-129693,2013-11-27 00:00:00,2013-12-03 00:00:00,Delay,TamaraChand,United States,Seattle,Washington,Binders,Newell 3-Hole Punched Plastic Slotted Magazine Holders for Binders,USD,7.31,2,2.56
Not_Applicable,CA-2014-169929,2014-09-26 00:00:00,2014-09-29 00:00:00,On time,LukeSchmidt,United States,Helena,Montana,Storage,Iris Project Case,USD,39.9,5,10.37
Not_Applicable,CA-2012-132948,2012-03-27 00:00:00,2012-04-03 00:00:00,Delay,MarkVanHuff,United States,Seattle,Washington,Storage,Rogers Profile Extra Capacity Storage Tub,USD,83.7,5,3.35
Not_Applicable,CA-2014-155460,2014-04-14 00:00:00,2014-04-16 00:00:00,On time,RobWilliams,United States,Seattle,Washington,Binders,GBC DocuBind TL200 Manual Binding Machine,USD,895.92,5,302.37
Not_Applicable,CA-2011-160262,2011-06-09 00:00:00,2011-06-13 00:00:00,On time,ThomasSeio,United States,North Las Vegas,Nevada,Paper,Xerox 1909,USD,79.14,3,36.4
Not_Applicable,CA-2014-107174,2014-11-07 00:00:00,2014-11-14 00:00:00,Delay,AdamBellavance,United States,Seattle,Washington,Tables,Hon 5100 Series Wood Tables,USD,2036.86,7,366.63
Not_Applicable,CA-2011-124079,2011-12-13 00:00:00,2011-12-17 00:00:00,On time,RandyFerguson,United States,Phoenix,Arizona,Furnishings,"Electrix Incandescent Magnifying Lamp, Black",USD,87.96,3,7.7
Not_Applicable,US-2011-139640,2011-11-07 00:00:00,2011-11-11 00:00:00,On time,TroyBlackwell,United States,Portland,Oregon,Art,Panasonic KP-150 Electric Pencil Sharpener,USD,120.77,4,9.06
Not_Applicable,CA-2012-103716,2012-04-30 00:00:00,2012-05-06 00:00:00,Delay,KenBlack,United States,San Francisco,California,Art,Newell 324,USD,34.65,3,9.7
Not_Applicable,US-2013-168095,2013-07-16 00:00:00,2013-07-21 00:00:00,Delay,MarkCousins,United States,Portland,Oregon,Paper,Xerox 1909,USD,105.52,5,34.29
Not_Applicable,CA-2011-128237,2011-03-25 00:00:00,2011-03-30 00:00:00,Delay,ChristinaAnderson,United States,San Francisco,California,Accessories,Imation Swivel Flash Drive USB flash drive - 8 GB,USD,45.48,4,15.92
Not_Applicable,CA-2013-142405,2013-06-12 00:00:00,2013-06-16 00:00:00,On time,SanjitEngle,United States,Seattle,Washington,Labels,Avery 486,USD,14.62,2,6.87
Not_Applicable,CA-2013-114972,2013-11-04 00:00:00,2013-11-07 00:00:00,On time,PhillipFlathmann,United States,Los Angeles,California,Appliances,Honeywell Enviracaire Portable HEPA Air Cleaner for 16' x 20' Room,USD,1101.48,4,429.58
Not_Applicable,CA-2012-157028,2012-11-28 00:00:00,2012-12-03 00:00:00,Delay,MichelleArnett,United States,Las Cruces,New Mexico,Art,BIC Brite Liner Highlighters,USD,8.28,2,3.48
Not_Applicable,CA-2011-144666,2011-11-09 00:00:00,2011-11-11 00:00:00,On time,JeremyPistek,United States,San Francisco,California,Phones,Samsung Galaxy Note 3,USD,703.97,4,88.0
Not_Applicable,CA-2014-147956,2014-12-25 00:00:00,2015-01-01 00:00:00,Delay,AlanHwang,United States,Seattle,Washington,Storage,Office Impressions Heavy Duty Welded Shelving & Multimedia Storage Drawers,USD,1003.62,6,0.0
Not_Applicable,US-2013-112970,2013-11-15 00:00:00,2013-11-16 00:00:00,On time,TimBrockman,United States,Los Angeles,California,Art,Newell 35,USD,9.84,3,2.85
Not_Applicable,CA-2014-107517,2014-02-06 00:00:00,2014-02-10 00:00:00,On time,FredChung,United States,Torrance,California,Appliances,"Sanyo Counter Height Refrigerator with Crisper, 3.6 Cubic Foot, Stainless Steel/Black",USD,1640.7,5,459.4
Not_Applicable,CA-2012-169201,2012-09-28 00:00:00,2012-10-01 00:00:00,On time,HenryGoldwyn,United States,San Francisco,California,Appliances,Holmes Odor Grabber,USD,43.26,3,14.28
Not_Applicable,CA-2013-130484,2013-08-23 00:00:00,2013-08-28 00:00:00,Delay,SheriGordon,United States,Gresham,Oregon,Binders,GBC Imprintable Covers,USD,26.35,8,-18.45
Not_Applicable,CA-2013-108056,2013-09-30 00:00:00,2013-10-04 00:00:00,On time,ErinSmith,United States,Springfield,Oregon,Phones,Wilson Electronics DB Pro Signal Booster,USD,859.2,3,75.18
Not_Applicable,US-2013-163258,2013-12-30 00:00:00,2014-01-03 00:00:00,On time,PhillipFlathmann,United States,Los Angeles,California,Binders,Acco Translucent Poly Ring Binders,USD,11.23,3,3.93
Not_Applicable,CA-2014-166093,2014-08-18 00:00:00,2014-08-25 00:00:00,Delay,RickWilson,United States,Brentwood,California,Binders,GBC Recycled Grain Textured Covers,USD,221.06,8,77.37
Not_Applicable,CA-2011-113768,2011-05-13 00:00:00,2011-05-19 00:00:00,Delay,AaronHawkins,United States,Los Angeles,California,Paper,EcoTones Memo Sheets,USD,8.0,2,3.84
Not_Applicable,CA-2012-124058,2012-11-20 00:00:00,2012-11-24 00:00:00,On time,LenaCreighton,United States,Oakland,California,Phones,Gear Head AU3700S Headset,USD,72.74,7,-15.46
Not_Applicable,CA-2012-113110,2012-03-19 00:00:00,2012-03-23 00:00:00,On time,BerenikeKampe,United States,San Bernardino,California,Supplies,Acme Elite Stainless Steel Scissors,USD,33.36,4,8.67
Not_Applicable,US-2011-151925,2011-09-26 00:00:00,2011-10-01 00:00:00,Delay,KeanTakahito,United States,Los Angeles,California,Chairs,"Leather Task Chair, Black",USD,145.57,2,0.0
Not_Applicable,CA-2011-109134,2011-11-05 00:00:00,2011-11-10 00:00:00,Delay,DeanraEno,United States,Los Angeles,California,Furnishings,OIC Stacking Trays,USD,20.04,6,8.82
Not_Applicable,CA-2014-137876,2014-05-01 00:00:00,2014-05-06 00:00:00,Delay,DonJones,United States,San Francisco,California,Furnishings,"Seth Thomas 16"" Steel Case Clock",USD,64.96,2,21.44
Not_Applicable,CA-2012-149846,2012-05-22 00:00:00,2012-05-26 00:00:00,On time,SarahBrown,United States,Los Angeles,California,Storage,Pizazz Global Quick File,USD,104.79,7,29.34
Not_Applicable,CA-2011-152345,2011-12-29 00:00:00,2012-01-03 00:00:00,Delay,ShuiTom,United States,Albuquerque,New Mexico,Storage,Fellowes Bases and Tops For Staxonsteel/High-Stak Systems,USD,33.29,1,7.99
Not_Applicable,CA-2014-122770,2014-12-14 00:00:00,2014-12-19 00:00:00,Delay,EmilyPhan,United States,San Francisco,California,Furnishings,"Eldon Executive Woodline II Desk Accessories, Mahogany",USD,201.04,8,54.28
Not_Applicable,US-2013-115819,2013-04-20 00:00:00,2013-04-25 00:00:00,Delay,JasO'Carroll,United States,Los Angeles,California,Binders,Avery Binder Labels,USD,9.34,3,3.27
Not_Applicable,CA-2011-146969,2011-09-29 00:00:00,2011-10-03 00:00:00,On time,ArthurPrichep,United States,Los Angeles,California,Fasteners,Stockwell Push Pins,USD,8.72,4,2.88
Not_Applicable,US-2014-107888,2014-11-17 00:00:00,2014-11-20 00:00:00,On time,ChrisCortes,United States,Seattle,Washington,Storage,Fellowes Bases and Tops For Staxonsteel/High-Stak Systems,USD,33.29,1,7.99
Not_Applicable,CA-2011-133830,2011-12-05 00:00:00,2011-12-10 00:00:00,Delay,RobLucas,United States,Los Angeles,California,Art,Prang Colored Pencils,USD,26.46,9,11.91
Not_Applicable,CA-2012-142419,2012-07-11 00:00:00,2012-07-13 00:00:00,On time,ShahidCollister,United States,Seattle,Washington,Binders,"Wilson Jones Ledger-Size, Piano-Hinge Binder, 2"", Blue",USD,98.35,3,34.42
Not_Applicable,CA-2014-166856,2014-09-19 00:00:00,2014-09-23 00:00:00,On time,TonySayre,United States,Clovis,New Mexico,Accessories,Kingston Digital DataTraveler 64GB USB 2.0,USD,101.34,3,8.11
Not_Applicable,CA-2012-105312,2012-11-06 00:00:00,2012-11-09 00:00:00,On time,MegTillman,United States,Scottsdale,Arizona,Envelopes,"Redi-Strip #10 Envelopes, 4 1/8 x 9 1/2",USD,7.08,3,2.48
Not_Applicable,CA-2014-140151,2014-03-24 00:00:00,2014-03-26 00:00:00,On time,RaymondBuch,United States,Seattle,Washington,Paper,Xerox 1898,USD,20.04,3,9.62
Not_Applicable,CA-2011-102652,2011-04-06 00:00:00,2011-04-12 00:00:00,Delay,AndyYotov,United States,Los Angeles,California,Paper,Xerox 194,USD,55.48,1,26.63
Not_Applicable,CA-2012-164882,2012-10-31 00:00:00,2012-10-31 00:00:00,On time,SandraGlassco,United States,Redlands,California,Phones,Polycom SoundStation2 EX Conference phone,USD,1295.84,4,145.78
Not_Applicable,CA-2012-151680,2012-11-19 00:00:00,2012-11-21 00:00:00,On time,TonyChapman,United States,Seattle,Washington,Furnishings,"Tenex V2T-RE Standard Weight Series Chair Mat, 45"" x 53"", Lip 25"" x 12""",USD,141.96,2,22.71
Not_Applicable,CA-2014-167640,2014-03-07 00:00:00,2014-03-11 00:00:00,On time,FrankCarlisle,United States,San Francisco,California,Art,Fluorescent Highlighters by Dixon,USD,23.88,6,8.12
Not_Applicable,US-2013-143280,2013-02-22 00:00:00,2013-02-26 00:00:00,On time,TracyZic,United States,Los Angeles,California,Accessories,Memorex Mini Travel Drive 64 GB USB 2.0 Flash Drive,USD,36.24,1,15.22
Not_Applicable,CA-2012-151253,2012-04-22 00:00:00,2012-04-26 00:00:00,On time,AnnieZypern,United States,Los Angeles,California,Phones,"Logitech B530 USB Headset - headset - Full size, Binaural",USD,88.78,3,7.77
Not_Applicable,CA-2014-108854,2014-12-09 00:00:00,2014-12-15 00:00:00,Delay,DeniseMonton,United States,San Francisco,California,Storage,"SAFCO Mobile Desk Side File, Wire Frame",USD,42.76,1,11.12
Not_Applicable,CA-2011-111451,2011-12-26 00:00:00,2011-12-28 00:00:00,On time,KellyLampkin,United States,Colorado Springs,Colorado,Furnishings,"Howard Miller 13"" Diameter Goldtone Round Wall Clock",USD,300.42,8,78.86
Not_Applicable,CA-2012-100146,2012-05-14 00:00:00,2012-05-19 00:00:00,Delay,ClaudiaBergmann,United States,Camarillo,California,Chairs,"Global Leather and Oak Executive Chair, Black",USD,722.35,3,81.26
Not_Applicable,CA-2014-169859,2014-12-15 00:00:00,2014-12-19 00:00:00,On time,MikePelletier,United States,San Diego,California,Binders,"Wilson Jones Clip & Carry Folder Binder Tool for Ring Binders, Clear",USD,64.96,14,22.74
Not_Applicable,CA-2013-139010,2013-02-21 00:00:00,2013-02-26 00:00:00,Delay,MatthewClasen,United States,Los Angeles,California,Accessories,SanDisk Ultra 16 GB MicroSDHC Class 10 Memory Card,USD,12.99,1,0.78
Not_Applicable,CA-2014-112515,2014-09-18 00:00:00,2014-09-22 00:00:00,On time,AlanSchoenberger,United States,Provo,Utah,Labels,Avery 514,USD,14.4,5,7.06
Not_Applicable,CA-2013-166226,2013-11-19 00:00:00,2013-11-23 00:00:00,On time,TracyCollins,United States,Los Angeles,California,Appliances,Fellowes Command Center 5-outlet power strip,USD,67.84,1,18.32
Not_Applicable,CA-2014-166093,2014-08-18 00:00:00,2014-08-25 00:00:00,Delay,RickWilson,United States,Brentwood,California,Paper,Xerox 1962,USD,8.56,2,3.85
Not_Applicable,US-2011-154879,2011-05-06 00:00:00,2011-05-11 00:00:00,Delay,SteveNguyen,United States,Los Angeles,California,Labels,Staples,USD,5.78,2,2.72
Not_Applicable,TRN-2026-1030,2026-03-15 00:00:00,2026-03-17 00:00:00,On time,Trainer_Account,United States,Boston,Massachusetts,Health & Household,"Excedrin Migraine Relief Caplets, 100 ct",USD,79.48,2,10.21
Not_Applicable,CA-2014-102414,2014-05-16 00:00:00,2014-05-19 00:00:00,On time,JosephAirdo,United States,Phoenix,Arizona,Binders,Avery Durable Slant Ring Binders,USD,4.75,2,-3.17
Not_Applicable,CA-2012-115693,2012-12-10 00:00:00,2012-12-15 00:00:00,Delay,FrankCarlisle,United States,Los Angeles,California,Art,"Boston Electric Pencil Sharpener, Model 1818, Charcoal Black",USD,56.3,2,15.76
Not_Applicable,TRN-2026-1014,2026-03-15 00:00:00,2026-03-17 00:00:00,On time,Trainer_Account,United States,Boston,Massachusetts,Sports & Outdoors,"YETI Rambler 20 oz Tumbler, Stainless Steel",USD,98.27,1,1.6
Not_Applicable,CA-2013-112109,2013-07-09 00:00:00,2013-07-13 00:00:00,On time,JoeElijah,United States,Broomfield,Colorado,Chairs,SAFCO Arco Folding Chair,USD,662.88,3,74.57
Not_Applicable,CA-2012-107020,2012-07-10 00:00:00,2012-07-14 00:00:00,On time,MikeVittorini,United States,San Bernardino,California,Binders,Large Capacity Hanging Post Binders,USD,39.92,2,12.97
Not_Applicable,US-2013-167339,2013-01-21 00:00:00,2013-01-23 00:00:00,On time,TamaraDahlen,United States,San Diego,California,Chairs,Global Ergonomic Managers Chair,USD,1013.49,7,76.01
Not_Applicable,CA-2012-137302,2012-04-26 00:00:00,2012-05-01 00:00:00,Delay,BartWatters,United States,San Diego,California,Chairs,SAFCO Optional Arm Kit for Workspace Cribbage Stacking Chair,USD,63.94,3,6.39
Not_Applicable,CA-2011-140732,2011-11-11 00:00:00,2011-11-13 00:00:00,On time,MattAbelman,United States,Los Angeles,California,Paper,Xerox 1979,USD,123.92,4,55.76
Not_Applicable,CA-2013-134803,2013-05-29 00:00:00,2013-06-04 00:00:00,Delay,ClayLudtke,United States,Los Angeles,California,Paper,Xerox 1991,USD,182.72,8,84.05
Not_Applicable,CA-2011-166471,2011-08-09 00:00:00,2011-08-13 00:00:00,On time,MatthewGrinstein,United States,Seattle,Washington,Phones,Cisco Unified IP Phone 7945G VoIP phone,USD,1091.17,4,68.2
Not_Applicable,CA-2011-115889,2011-11-02 00:00:00,2011-11-06 00:00:00,On time,ShahidHopkins,United States,San Francisco,California,Storage,Adjustable Depth Letter/Legal Cart,USD,362.92,2,105.25
Not_Applicable,CA-2011-164469,2011-06-25 00:00:00,2011-06-27 00:00:00,On time,GraceKelly,United States,Salem,Oregon,Phones,Plantronics 81402,USD,263.96,5,19.8
Not_Applicable,CA-2013-137204,2013-04-29 00:00:00,2013-05-06 00:00:00,Delay,BillOverfelt,United States,Los Angeles,California,Chairs,"Global Stack Chair without Arms, Black",USD,41.57,2,2.6
Not_Applicable,CA-2014-149699,2014-12-23 00:00:00,2014-12-25 00:00:00,On time,ChadMcGuire,United States,Los Angeles,California,Accessories,Kensington Expert Mouse Optical USB Trackball for PC or Mac,USD,474.95,5,142.49
Not_Applicable,CA-2014-101182,2014-09-05 00:00:00,2014-09-06 00:00:00,On time,KatrinaBavinger,United States,Apple Valley,California,Paper,Xerox 220,USD,12.96,2,6.22
Not_Applicable,CA-2014-154102,2014-02-07 00:00:00,2014-02-14 00:00:00,Delay,SkyeNorling,United States,San Francisco,California,Paper,Xerox 1947,USD,29.9,5,13.46
Not_Applicable,CA-2012-135545,2012-11-24 00:00:00,2012-11-30 00:00:00,Delay,KunstMiller,United States,Los Angeles,California,Binders,"Acco PRESSTEX Data Binder with Storage Hooks, Dark Blue, 14 7/8"" X 11""",USD,25.82,6,9.36
Not_Applicable,US-2013-115819,2013-04-20 00:00:00,2013-04-25 00:00:00,Delay,JasO'Carroll,United States,Los Angeles,California,Art,Newell 307,USD,5.46,3,1.53
Not_Applicable,CA-2011-110849,2011-04-18 00:00:00,2011-04-23 00:00:00,Delay,JohnLee,United States,Los Angeles,California,Art,Newell 351,USD,13.12,4,3.8
Not_Applicable,US-2014-113201,2014-07-01 00:00:00,2014-07-06 00:00:00,Delay,ThomasThornton,United States,Los Angeles,California,Paper,Xerox 1919,USD,204.95,5,100.43
Not_Applicable,CA-2011-141726,2011-07-20 00:00:00,2011-07-22 00:00:00,On time,CharlesCrestani,United States,San Diego,California,Furnishings,Nu-Dell Leatherette Frames,USD,43.02,3,15.49
Not_Applicable,CA-2014-117646,2014-08-22 00:00:00,2014-08-26 00:00:00,On time,SungChung,United States,Louisville,Colorado,Storage,"Recycled Data-Pak for Archival Bound Computer Printouts, 12-1/2 x 12-1/2 x 16",USD,237.1,3,20.75
Not_Applicable,CA-2014-158120,2014-11-18 00:00:00,2014-11-22 00:00:00,On time,KatharineHarms,United States,Hillsboro,Oregon,Binders,Avery Reinforcements for Hole-Punch Pages,USD,4.16,7,-3.47
Not_Applicable,CA-2012-141012,2012-06-09 00:00:00,2012-06-11 00:00:00,On time,TrudyGlocke,United States,Pocatello,Idaho,Phones,Dexim XPower Skin Super-Thin Power Case for iPhone 5 - Black,USD,140.38,3,8.77
Not_Applicable,CA-2012-119508,2012-12-04 00:00:00,2012-12-09 00:00:00,Delay,TracyZic,United States,Lakewood,California,Furnishings,"Eldon Image Series Desk Accessories, Burgundy",USD,25.08,6,9.03
Not_Applicable,US-2012-107944,2012-03-23 00:00:00,2012-03-25 00:00:00,On time,AliceMcCarthy,United States,Los Angeles,California,Paper,"TOPS Carbonless Receipt Book, Four 2-3/4 x 7-1/4 Money Receipts per Page",USD,192.72,11,92.51
Not_Applicable,CA-2014-138870,2014-06-20 00:00:00,2014-06-24 00:00:00,On time,GeorgeAshbrook,United States,San Francisco,California,Furnishings,"DAX Copper Panel Document Frame, 5 x 7 Size",USD,50.32,4,21.13
Not_Applicable,CA-2014-122490,2014-11-14 00:00:00,2014-11-19 00:00:00,Delay,TedTrevino,United States,Seattle,Washington,Labels,Avery File Folder Labels,USD,8.64,3,4.23
Not_Applicable,US-2014-167318,2014-07-27 00:00:00,2014-08-02 00:00:00,Delay,GeorgeZrebassa,United States,Los Angeles,California,Chairs,"Global Airflow Leather Mesh Back Chair, Black",USD,362.35,3,45.29
Not_Applicable,CA-2012-150511,2012-09-18 00:00:00,2012-09-24 00:00:00,Delay,AdamBellavance,United States,Des Moines,Washington,Paper,"Wirebound Message Books, Four 2 3/4"" x 5"" Forms per Page, 600 Sets per Book",USD,18.54,2,8.71
Not_Applicable,CA-2011-136399,2011-12-16 00:00:00,2011-12-17 00:00:00,On time,ChadCunningham,United States,Los Angeles,California,Chairs,DMI Arturo Collection Mission-style Design Wood Chair,USD,241.57,2,18.12
Not_Applicable,US-2012-160563,2012-10-20 00:00:00,2012-10-24 00:00:00,On time,NoelStaavos,United States,San Francisco,California,Accessories,Logitech G602 Wireless Gaming Mouse,USD,239.97,3,86.39
Not_Applicable,CA-2014-117212,2014-02-27 00:00:00,2014-03-01 00:00:00,On time,BradleyTalbott,United States,Los Angeles,California,Paper,Xerox 1908,USD,223.92,4,109.72
Not_Applicable,CA-2013-138233,2013-11-10 00:00:00,2013-11-15 00:00:00,Delay,PhilipFox,United States,Oakland,California,Accessories,Logitech Wireless Gaming Headset G930,USD,479.97,3,177.59
Not_Applicable,US-2011-163797,2011-04-08 00:00:00,2011-04-13 00:00:00,Delay,PaulineChand,United States,Chandler,Arizona,Fasteners,"Alliance Super-Size Bands, Assorted Sizes",USD,49.79,8,-11.83
Not_Applicable,US-2011-165862,2011-07-13 00:00:00,2011-07-17 00:00:00,On time,GraceKelly,United States,Los Angeles,California,Tables,Bevis Round Conference Table Top & Single Column Base,USD,351.22,3,4.39
Not_Applicable,CA-2013-165330,2013-12-12 00:00:00,2013-12-12 00:00:00,On time,WilliamBrown,United States,Anaheim,California,Binders,Ibico Laser Imprintable Binding System Covers,USD,209.6,5,68.12
Not_Applicable,CA-2014-138149,2014-06-30 00:00:00,2014-07-01 00:00:00,On time,WilliamBrown,United States,Los Angeles,California,Art,Newell 328,USD,11.68,2,3.04
Not_Applicable,CA-2013-109953,2013-07-15 00:00:00,2013-07-19 00:00:00,On time,RaymondBuch,United States,San Francisco,California,Appliances,Holmes 99% HEPA Air Purifier,USD,151.62,7,50.03
Not_Applicable,CA-2011-146969,2011-09-29 00:00:00,2011-10-03 00:00:00,On time,ArthurPrichep,United States,Los Angeles,California,Machines,Star Micronics TSP800 TSP847IIU Receipt Printer,USD,686.32,2,223.05
Not_Applicable,US-2014-148054,2014-10-07 00:00:00,2014-10-12 00:00:00,Delay,NickZandusky,United States,Meridian,Idaho,Appliances,"Conquest 14 Commercial Heavy-Duty Upright Vacuum, Collection System, Accessory Kit",USD,227.84,4,66.07
Not_Applicable,US-2014-120117,2014-03-31 00:00:00,2014-03-31 00:00:00,On time,TomBoeckenhauer,United States,Los Angeles,California,Art,Manco Dry-Lighter Erasable Highlighter,USD,6.08,2,2.07
Not_Applicable,US-2013-103674,2013-12-07 00:00:00,2013-12-11 00:00:00,On time,AnnePryor,United States,Los Angeles,California,Phones,Cisco SPA301,USD,249.58,2,31.2
Not_Applicable,CA-2013-151372,2013-09-06 00:00:00,2013-09-07 00:00:00,On time,JosephHolt,United States,Redondo Beach,California,Paper,14-7/8 x 11 Blue Bar Computer Printout Paper,USD,96.08,2,46.12
Not_Applicable,CA-2014-163209,2014-05-04 00:00:00,2014-05-08 00:00:00,On time,MikeKennedy,United States,San Francisco,California,Art,Newell 350,USD,22.96,7,6.66
Not_Applicable,CA-2014-117457,2014-12-09 00:00:00,2014-12-13 00:00:00,On time,KeithHerrera,United States,San Francisco,California,Accessories,Sony 64GB Class 10 Micro SDHC R40 Memory Card,USD,179.95,5,37.79
Not_Applicable,CA-2013-163573,2013-11-25 00:00:00,2013-11-28 00:00:00,On time,AmyCox,United States,Seattle,Washington,Binders,Ibico Hi-Tech Manual Binding System,USD,1219.96,5,381.24
Not_Applicable,CA-2011-103940,2011-09-17 00:00:00,2011-09-21 00:00:00,On time,BradleyNguyen,United States,Seattle,Washington,Storage,Eldon ProFile File 'N Store Portable File Tub Letter/Legal Size Black,USD,57.93,3,16.22
Not_Applicable,CA-2014-161823,2014-09-04 00:00:00,2014-09-09 00:00:00,Delay,AleksandraGannaway,United States,San Francisco,California,Art,"Premium Writing Pencils, Soft, #2 by Central Association for the Blind",USD,5.96,2,1.67
Not_Applicable,CA-2014-140186,2014-09-30 00:00:00,2014-10-03 00:00:00,On time,PatrickGardner,United States,Bakersfield,California,Furnishings,"Howard Miller 13-3/4"" Diameter Brushed Chrome Round Wall Clock",USD,51.75,1,15.53
Not_Applicable,US-2014-131849,2014-06-07 00:00:00,2014-06-11 00:00:00,On time,GaryHansen,United States,San Francisco,California,Furnishings,"Eldon 300 Class Desk Accessories, Black",USD,4.95,1,2.18
Not_Applicable,CA-2013-155530,2013-12-18 00:00:00,2013-12-22 00:00:00,On time,CharlesMcCrossin,United States,San Francisco,California,Tables,Bretford “Just In Time” Height-Adjustable Multi-Task Work Tables,USD,2003.52,6,-325.57
Not_Applicable,CA-2011-111451,2011-12-26 00:00:00,2011-12-28 00:00:00,On time,KellyLampkin,United States,Colorado Springs,Colorado,Chairs,Global Deluxe Office Fabric Chairs,USD,230.35,3,20.16
Not_Applicable,CA-2013-105473,2013-04-17 00:00:00,2013-04-19 00:00:00,On time,BryanMills,United States,Seattle,Washington,Supplies,Stiletto Hand Letter Openers,USD,28.8,3,0.86
Not_Applicable,CA-2014-155460,2014-04-14 00:00:00,2014-04-16 00:00:00,On time,RobWilliams,United States,Seattle,Washington,Paper,Xerox 4200 Series MultiUse Premium Copy Paper (20Lb. and 84 Bright),USD,5.28,1,2.38
Not_Applicable,CA-2011-109218,2011-06-30 00:00:00,2011-07-03 00:00:00,On time,AnthonyRawles,United States,Los Angeles,California,Art,"BIC Brite Liner Highlighters, Chisel Tip",USD,32.4,5,10.37
Not_Applicable,CA-2011-142048,2011-06-22 00:00:00,2011-06-25 00:00:00,On time,JoelEaton,United States,Louisville,Colorado,Accessories,KeyTronic 6101 Series - Keyboard - Black,USD,196.75,6,56.57
Not_Applicable,US-2013-168095,2013-07-16 00:00:00,2013-07-21 00:00:00,Delay,MarkCousins,United States,Portland,Oregon,Chairs,Bevis Steel Folding Chairs,USD,230.28,3,23.03
Not_Applicable,CA-2013-149762,2013-12-04 00:00:00,2013-12-08 00:00:00,On time,RogerDemir,United States,Morgan Hill,California,Bookcases,O'Sullivan Living Dimensions 2-Shelf Bookcases,USD,205.67,2,-12.1
Not_Applicable,CA-2014-143329,2014-11-04 00:00:00,2014-11-09 00:00:00,Delay,DeniseLeinenbach,United States,Las Cruces,New Mexico,Furnishings,9-3/4 Diameter Round Wall Clock,USD,41.37,3,17.38
Not_Applicable,CA-2012-167479,2012-03-14 00:00:00,2012-03-19 00:00:00,Delay,ArianneIrving,United States,Roseville,California,Paper,Xerox 223,USD,19.44,3,9.33
Not_Applicable,CA-2014-118437,2014-06-18 00:00:00,2014-06-22 00:00:00,On time,PhilipFox,United States,Olympia,Washington,Storage,Project Tote Personal File,USD,14.03,1,4.07
Not_Applicable,CA-2013-163384,2013-11-11 00:00:00,2013-11-13 00:00:00,On time,ChuckClark,United States,San Francisco,California,Paper,Xerox 1996,USD,32.4,5,15.55
Not_Applicable,CA-2013-126158,2013-07-26 00:00:00,2013-08-01 00:00:00,Delay,SanjitChand,United States,Costa Mesa,California,Binders,Clear Mylar Reinforcing Strips,USD,119.62,8,40.37
Not_Applicable,CA-2011-159709,2011-05-10 00:00:00,2011-05-15 00:00:00,Delay,ArianneIrving,United States,Kent,Washington,Envelopes,"Strathmore #10 Envelopes, Ultimate White",USD,158.13,3,77.48
Not_Applicable,CA-2013-148852,2013-05-27 00:00:00,2013-06-01 00:00:00,Delay,StewartVisinsky,United States,Santa Ana,California,Paper,Xerox 1946,USD,45.36,7,21.77
Not_Applicable,CA-2014-115994,2014-01-29 00:00:00,2014-02-01 00:00:00,On time,BethThompson,United States,Costa Mesa,California,Furnishings,"DAX Executive Solid Wood Document Frame, Desktop or Hang, Mahogany, 5 x 7",USD,37.74,3,12.83
Not_Applicable,US-2013-115819,2013-04-20 00:00:00,2013-04-25 00:00:00,Delay,JasO'Carroll,United States,Los Angeles,California,Art,Panasonic KP-4ABK Battery-Operated Pencil Sharpener,USD,73.2,5,21.23
Not_Applicable,CA-2011-126760,2011-07-26 00:00:00,2011-08-02 00:00:00,Delay,KunstMiller,United States,North Las Vegas,Nevada,Phones,Apple iPhone 5S,USD,911.98,2,114.0
Not_Applicable,CA-2014-134635,2014-04-16 00:00:00,2014-04-18 00:00:00,On time,NoelStaavos,United States,Los Angeles,California,Paper,Xerox 1883,USD,79.14,3,36.4
Not_Applicable,CA-2011-105270,2011-11-11 00:00:00,2011-11-18 00:00:00,Delay,ArthurPrichep,United States,Los Angeles,California,Art,50 Colored Long Pencils,USD,30.48,3,7.92
Not_Applicable,CA-2011-126760,2011-07-26 00:00:00,2011-08-02 00:00:00,Delay,KunstMiller,United States,North Las Vegas,Nevada,Chairs,Hon 2090 “Pillow Soft” Series Mid Back Swivel/Tilt Chairs,USD,674.35,3,-109.58
Not_Applicable,CA-2014-122798,2014-12-29 00:00:00,2015-01-02 00:00:00,On time,SusanVittorini,United States,Albuquerque,New Mexico,Storage,Eldon Mobile Mega Data Cart  Mega Stackable  Add-On Trays,USD,118.25,5,34.29
Not_Applicable,CA-2014-101014,2014-08-30 00:00:00,2014-09-05 00:00:00,Delay,RickWilson,United States,Los Angeles,California,Furnishings,Electrix Fluorescent Magnifier Lamps & Weighted Base,USD,148.02,3,41.45
Not_Applicable,CA-2014-134565,2014-06-12 00:00:00,2014-06-14 00:00:00,On time,TomBoeckenhauer,United States,Seattle,Washington,Storage,"Belkin 19"" Vented Equipment Shelf, Black",USD,102.96,2,1.03
Not_Applicable,US-2014-142573,2014-07-19 00:00:00,2014-07-24 00:00:00,Delay,MarisLaWare,United States,Phoenix,Arizona,Chairs,High-Back Leather Manager's Chair,USD,311.98,3,-42.9
Not_Applicable,US-2012-122910,2012-05-12 00:00:00,2012-05-16 00:00:00,On time,LarryTron,United States,Louisville,Colorado,Phones,VTech DS6151,USD,201.58,2,20.16
Not_Applicable,CA-2011-113320,2011-12-12 00:00:00,2011-12-15 00:00:00,On time,LoganHaushalter,United States,Oakland,California,Storage,Woodgrain Magazine Files by Perma,USD,8.94,3,0.63
Not_Applicable,CA-2013-105494,2013-11-11 00:00:00,2013-11-13 00:00:00,On time,PamelaCoakley,United States,San Francisco,California,Binders,Binding Machine Supplies,USD,70.01,3,24.5
Not_Applicable,US-2011-157385,2011-11-23 00:00:00,2011-11-25 00:00:00,On time,SanjitChand,United States,Los Angeles,California,Chairs,Safco Contoured Stacking Chairs,USD,381.44,2,23.84
Not_Applicable,CA-2012-118871,2012-12-04 00:00:00,2012-12-09 00:00:00,Delay,HarryMarie,United States,Los Angeles,California,Furnishings,"Master Caster Door Stop, Large Brown",USD,36.4,5,13.83
Not_Applicable,CA-2012-129896,2012-06-15 00:00:00,2012-06-20 00:00:00,Delay,PeterFuller,United States,Gilbert,Arizona,Furnishings,"Eldon ""L"" Workstation Diamond Chairmat",USD,364.7,6,-36.47
Not_Applicable,CA-2014-129378,2014-10-02 00:00:00,2014-10-03 00:00:00,On time,NeolaSchneider,United States,San Jose,California,Binders,Storex Dura Pro Binders,USD,61.78,13,20.85
Not_Applicable,CA-2013-165330,2013-12-12 00:00:00,2013-12-12 00:00:00,On time,WilliamBrown,United States,Anaheim,California,Tables,Hon Non-Folding Utility Tables,USD,892.14,7,111.52
Not_Applicable,CA-2012-127481,2012-12-12 00:00:00,2012-12-15 00:00:00,On time,JonathanDoherty,United States,Las Vegas,Nevada,Paper,Xerox 1930,USD,32.4,5,15.88
Not_Applicable,CA-2013-107104,2013-11-27 00:00:00,2013-12-01 00:00:00,On time,MaribethSchnelling,United States,Los Angeles,California,Bookcases,DMI Eclipse Executive Suite Bookcases,USD,3406.66,8,160.31
Not_Applicable,US-2011-138247,2011-12-24 00:00:00,2011-12-29 00:00:00,Delay,BenFerrer,United States,Los Angeles,California,Furnishings,"Westinghouse Floor Lamp with Metal Mesh Shade, Black",USD,23.99,1,5.52
Not_Applicable,CA-2014-147844,2014-05-03 00:00:00,2014-05-07 00:00:00,On time,DorothyDickinson,United States,Los Angeles,California,Paper,"Adams ""While You Were Out"" Message Pads",USD,15.7,5,7.07
Not_Applicable,CA-2014-162096,2014-11-11 00:00:00,2014-11-11 00:00:00,On time,ThomasBrumley,United States,Riverside,California,Art,12 Colored Short Pencils,USD,7.8,3,2.11
Not_Applicable,CA-2014-133865,2014-05-09 00:00:00,2014-05-13 00:00:00,On time,PenelopeSewall,United States,Los Angeles,California,Copiers,Canon Imageclass D680 Copier / Fax,USD,3359.95,6,1049.99
Not_Applicable,CA-2014-117457,2014-12-09 00:00:00,2014-12-13 00:00:00,On time,KeithHerrera,United States,San Francisco,California,Labels,Self-Adhesive Removable Labels,USD,28.35,9,13.61
Not_Applicable,US-2014-132059,2014-09-24 00:00:00,2014-09-30 00:00:00,Delay,ArthurPrichep,United States,Fort Collins,Colorado,Accessories,Belkin F8E887 USB Wired Ergonomic Keyboard,USD,47.98,2,0.6
Not_Applicable,CA-2013-121748,2013-10-25 00:00:00,2013-10-29 00:00:00,On time,VictoriaWilson,United States,Los Angeles,California,Accessories,Logitech VX Revolution Cordless Laser Mouse for Notebooks (Black),USD,359.98,2,21.6
Not_Applicable,CA-2012-148250,2012-12-13 00:00:00,2012-12-17 00:00:00,On time,RachelPayne,United States,Riverside,California,Appliances,Fellowes 8 Outlet Superior Workstation Surge Protector w/o Phone/Fax/Modem Protection,USD,134.48,4,34.96
Not_Applicable,CA-2013-134936,2013-12-20 00:00:00,2013-12-26 00:00:00,Delay,ErinSmith,United States,Tucson,Arizona,Binders,"Cardinal Slant-D Ring Binder, Heavy Gauge Vinyl",USD,5.21,2,-4.17
Not_Applicable,CA-2013-124233,2013-04-09 00:00:00,2013-04-15 00:00:00,Delay,ClytieKelty,United States,Los Angeles,California,Furnishings,"C-Line Magnetic Cubicle Keepers, Clear Polypropylene",USD,24.7,5,10.37
Not_Applicable,CA-2013-138478,2013-10-22 00:00:00,2013-10-27 00:00:00,Delay,DennisPardue,United States,North Las Vegas,Nevada,Binders,Ibico EPK-21 Electric Binding System,USD,4535.98,3,1644.29
Not_Applicable,CA-2014-134845,2014-04-18 00:00:00,2014-04-24 00:00:00,Delay,SharelleRoach,United States,Louisville,Colorado,Binders,Insertable Tab Post Binder Dividers,USD,12.03,5,-9.22
Not_Applicable,CA-2011-166954,2011-04-25 00:00:00,2011-04-30 00:00:00,Delay,BethThompson,United States,San Gabriel,California,Appliances,Kensington 6 Outlet MasterPiece HOMEOFFICE Power Control Center,USD,270.72,3,78.51
Not_Applicable,CA-2012-155124,2012-03-15 00:00:00,2012-03-21 00:00:00,Delay,KarenSeio,United States,Lehi,Utah,Phones,"SmartStand Mobile Device Holder, Assorted Colors",USD,16.78,3,1.68
Not_Applicable,CA-2014-108854,2014-12-09 00:00:00,2014-12-15 00:00:00,Delay,DeniseMonton,United States,San Francisco,California,Binders,Vinyl Sectional Post Binders,USD,90.48,3,33.93
Not_Applicable,US-2011-109456,2011-10-16 00:00:00,2011-10-17 00:00:00,On time,LynnSmith,United States,San Francisco,California,Binders,Avery Non-Stick Heavy Duty View Round Locking Ring Binders,USD,14.35,3,5.02
Not_Applicable,US-2013-105578,2013-05-31 00:00:00,2013-06-05 00:00:00,Delay,MaribethYedwab,United States,Parker,Colorado,Binders,GBC Standard Therm-A-Bind Covers,USD,14.95,2,-11.96
Not_Applicable,CA-2012-105312,2012-11-06 00:00:00,2012-11-09 00:00:00,On time,MegTillman,United States,Scottsdale,Arizona,Binders,UniKeep View Case Binders,USD,4.4,3,-3.52
Not_Applicable,CA-2013-160941,2013-07-22 00:00:00,2013-07-27 00:00:00,Delay,DamalaKotsonis,United States,Roseville,California,Labels,Self-Adhesive Removable Labels,USD,3.15,1,1.51
Not_Applicable,CA-2011-141110,2011-11-26 00:00:00,2011-12-01 00:00:00,Delay,LukeSchmidt,United States,Fresno,California,Paper,Xerox 1970,USD,14.94,3,7.02
Not_Applicable,CA-2013-158694,2013-11-11 00:00:00,2013-11-14 00:00:00,On time,ArianneIrving,United States,Los Angeles,California,Art,Newell 338,USD,14.7,5,3.97
Not_Applicable,CA-2011-104178,2011-08-25 00:00:00,2011-08-29 00:00:00,On time,JanetMolinari,United States,Los Angeles,California,Storage,Portable Personal File Box,USD,48.84,4,13.19
Not_Applicable,CA-2014-121048,2014-07-15 00:00:00,2014-07-19 00:00:00,On time,TobyCarlisle,United States,Westminster,California,Furnishings,"Deflect-o RollaMat Studded, Beveled Mat for Medium Pile Carpeting",USD,276.69,3,49.8
Not_Applicable,CA-2012-100216,2012-04-13 00:00:00,2012-04-14 00:00:00,On time,HeatherJas,United States,Mesa,Arizona,Paper,Xerox 210,USD,31.1,6,10.89
Not_Applicable,CA-2012-111780,2012-12-25 00:00:00,2012-12-30 00:00:00,Delay,RalphArnett,United States,San Diego,California,Paper,Great White Multi-Use Recycled Paper (20Lb. and 84 Bright),USD,17.94,3,8.07
Not_Applicable,CA-2011-116932,2011-07-21 00:00:00,2011-07-25 00:00:00,On time,MichelleEllison,United States,San Francisco,California,Chairs,Global Troy Executive Leather Low-Back Tilter,USD,801.57,2,50.1
Not_Applicable,CA-2014-146346,2014-06-18 00:00:00,2014-06-21 00:00:00,On time,RyanAkin,United States,Commerce City,Colorado,Storage,Carina Media Storage Towers in Natural & Black,USD,146.35,3,-32.93
Not_Applicable,CA-2011-142769,2011-09-13 00:00:00,2011-09-13 00:00:00,On time,ResiPölking,United States,Seattle,Washington,Accessories,WD My Passport Ultra 500GB Portable External Hard Drive,USD,118.0,2,20.06
Not_Applicable,US-2013-112396,2013-02-09 00:00:00,2013-02-13 00:00:00,On time,JustinRitter,United States,San Francisco,California,Accessories,Logitech 910-002974 M325 Wireless Mouse for Web Scrolling,USD,89.97,3,39.59
Not_Applicable,CA-2014-105914,2014-10-03 00:00:00,2014-10-09 00:00:00,Delay,PaulVanHugh,United States,Los Angeles,California,Storage,Tennsco Double-Tier Lockers,USD,1575.14,7,204.77
Not_Applicable,CA-2012-127824,2012-10-18 00:00:00,2012-10-22 00:00:00,On time,JohnCastell,United States,Seattle,Washington,Furnishings,Eldon 100 Class Desk Accessories,USD,10.11,3,3.24
Not_Applicable,CA-2012-106978,2012-09-28 00:00:00,2012-10-04 00:00:00,Delay,ZuschussCarroll,United States,Aurora,Colorado,Binders,Wilson Jones Easy Flow II Sheet Lifters,USD,1.08,2,-0.79
Not_Applicable,CA-2014-112753,2014-06-19 00:00:00,2014-06-24 00:00:00,Delay,CraigCarreira,United States,Los Angeles,California,Bookcases,"Bush Andora Bookcase, Maple/Graphite Gray Finish",USD,917.92,9,75.59
Not_Applicable,CA-2012-135538,2012-12-24 00:00:00,2012-12-28 00:00:00,On time,HaroldRyan,United States,Gilbert,Arizona,Chairs,SAFCO Arco Folding Chair,USD,883.84,4,99.43
Not_Applicable,CA-2012-149097,2012-10-20 00:00:00,2012-10-24 00:00:00,On time,StewartVisinsky,United States,Los Angeles,California,Tables,"SAFCO PlanMaster Boards, 60w x 37-1/2d, White Melamine",USD,364.78,3,27.36
Not_Applicable,CA-2011-133851,2011-06-09 00:00:00,2011-06-16 00:00:00,Delay,ChuckMagee,United States,San Francisco,California,Art,Deluxe Chalkboard Eraser Cleaner,USD,23.1,2,10.63
Not_Applicable,CA-2012-122287,2012-06-18 00:00:00,2012-06-23 00:00:00,Delay,SkyeNorling,United States,Peoria,Arizona,Furnishings,Flat Face Poster Frame,USD,75.36,5,20.72
Not_Applicable,CA-2011-158372,2011-11-10 00:00:00,2011-11-16 00:00:00,Delay,RubenDartt,United States,San Diego,California,Labels,Avery White Multi-Purpose Labels,USD,39.84,8,18.33
Not_Applicable,CA-2012-120880,2012-05-29 00:00:00,2012-06-03 00:00:00,Delay,JohnLucas,United States,Seattle,Washington,Storage,Standard Rollaway File with Lock,USD,540.57,3,140.55
Not_Applicable,CA-2014-147144,2014-03-27 00:00:00,2014-03-29 00:00:00,On time,MariaZettner,United States,Seattle,Washington,Art,"Boston 1827 Commercial Additional Cutter, Drive Gear & Gear Rack for 1606",USD,19.83,1,5.95
Not_Applicable,CA-2012-100146,2012-05-14 00:00:00,2012-05-19 00:00:00,Delay,ClaudiaBergmann,United States,Camarillo,California,Furnishings,Dana Halogen Swing-Arm Architect Lamp,USD,122.91,3,34.41
Not_Applicable,CA-2013-105585,2013-08-27 00:00:00,2013-08-28 00:00:00,On time,RolandFjeld,United States,San Jose,California,Paper,Xerox 1979,USD,154.9,5,69.71
Not_Applicable,CA-2011-169803,2011-04-06 00:00:00,2011-04-12 00:00:00,Delay,ScottCohen,United States,Seattle,Washington,Accessories,Kingston Digital DataTraveler 32GB USB 2.0,USD,33.9,2,2.03
Not_Applicable,CA-2011-143168,2011-10-18 00:00:00,2011-10-23 00:00:00,Delay,IvanGibson,United States,Seattle,Washington,Binders,Computer Printout Index Tabs,USD,1.34,1,0.47
Not_Applicable,CA-2014-121048,2014-07-15 00:00:00,2014-07-19 00:00:00,On time,TobyCarlisle,United States,Westminster,California,Binders,Acco Suede Grain Vinyl Round Ring Binder,USD,4.45,2,1.45
Not_Applicable,CA-2012-133445,2012-10-05 00:00:00,2012-10-09 00:00:00,On time,JeremyFarry,United States,Portland,Oregon,Bookcases,"Bush Cubix Collection Bookcases, Fully Assembled",USD,66.29,1,-103.86
Not_Applicable,CA-2011-133690,2011-08-03 00:00:00,2011-08-05 00:00:00,On time,BruceStewart,United States,Denver,Colorado,Appliances,"Bravo II Megaboss 12-Amp Hard Body Upright, Replacement Belts, 2 Belts per Pack",USD,2.6,1,0.29
Not_Applicable,CA-2012-148180,2012-07-26 00:00:00,2012-07-31 00:00:00,Delay,BartPistole,United States,Oxnard,California,Binders,"Acco Pressboard Covers with Storage Hooks, 9 1/2"" x 11"", Executive Red",USD,9.14,3,3.09
Not_Applicable,US-2012-110163,2012-11-01 00:00:00,2012-11-04 00:00:00,On time,GuyArmstrong,United States,Salem,Oregon,Art,Lumber Crayons,USD,7.88,1,1.77
Not_Applicable,CA-2014-150469,2014-01-27 00:00:00,2014-01-31 00:00:00,On time,CarolineJumper,United States,San Francisco,California,Fasteners,Binder Clips by OIC,USD,11.84,8,5.68
Not_Applicable,CA-2012-165813,2012-03-20 00:00:00,2012-03-22 00:00:00,On time,BryanMills,United States,Salem,Oregon,Storage,Portable Personal File Box,USD,29.3,3,2.56
Not_Applicable,CA-2014-133718,2014-07-24 00:00:00,2014-07-27 00:00:00,On time,TracyBlumstein,United States,Los Angeles,California,Paper,Weyerhaeuser First Choice Laser/Copy Paper (20Lb. and 88 Bright),USD,58.32,9,27.99
Not_Applicable,CA-2014-118724,2014-07-22 00:00:00,2014-07-26 00:00:00,On time,AnthonyRawles,United States,Concord,California,Art,Nontoxic Chalk,USD,3.52,2,1.69
Not_Applicable,CA-2014-131954,2014-01-22 00:00:00,2014-01-26 00:00:00,On time,DarrinSayre,United States,Seattle,Washington,Binders,Wilson Jones Century Plastic Molded Ring Binders,USD,99.7,6,33.65
Not_Applicable,CA-2014-108560,2014-07-09 00:00:00,2014-07-16 00:00:00,Delay,JennaCaffey,United States,Kent,Washington,Labels,"Dot Matrix Printer Tape Reel Labels, White, 5000/Box",USD,786.48,8,385.38
Not_Applicable,US-2011-121734,2011-04-11 00:00:00,2011-04-16 00:00:00,Delay,SanjitEngle,United States,Lewiston,Idaho,Binders,GBC Personal VeloBind Strips,USD,9.58,1,3.35
Not_Applicable,CA-2013-158694,2013-11-11 00:00:00,2013-11-14 00:00:00,On time,ArianneIrving,United States,Los Angeles,California,Paper,Embossed Ink Jet Note Cards,USD,67.71,3,32.5
Not_Applicable,CA-2013-136021,2013-08-15 00:00:00,2013-08-19 00:00:00,On time,JillMatthias,United States,Los Angeles,California,Machines,Texas Instruments TI-34 Scientific Calculator,USD,105.55,6,35.62
Not_Applicable,CA-2014-151281,2014-04-28 00:00:00,2014-05-03 00:00:00,Delay,HenryMacAllister,United States,Seattle,Washington,Furnishings,Luxo Economy Swing Arm Lamp,USD,139.58,7,39.08
Not_Applicable,CA-2013-150350,2013-08-24 00:00:00,2013-08-31 00:00:00,Delay,MaxwellSchwartz,United States,Seattle,Washington,Paper,Xerox 1978,USD,34.68,6,16.99
Not_Applicable,CA-2014-112515,2014-09-18 00:00:00,2014-09-22 00:00:00,On time,AlanSchoenberger,United States,Provo,Utah,Binders,"Acco Pressboard Covers with Storage Hooks, 14 7/8"" x 11"", Light Blue",USD,11.78,3,4.27
Not_Applicable,CA-2013-126165,2013-05-06 00:00:00,2013-05-08 00:00:00,On time,AmyHunt,United States,San Francisco,California,Tables,Hon 61000 Series Interactive Training Tables,USD,71.09,2,-1.78
Not_Applicable,CA-2011-127012,2011-08-11 00:00:00,2011-08-15 00:00:00,On time,GregMatthias,United States,Seattle,Washington,Fasteners,"Vinyl Coated Wire Paper Clips in Organizer Box, 800/Box",USD,22.96,2,10.79
Not_Applicable,CA-2014-156776,2014-08-08 00:00:00,2014-08-12 00:00:00,On time,JeremyLonsdale,United States,Westminster,California,Chairs,Global Enterprise Series Seating Low-Back Swivel/Tilt Chairs,USD,207.18,1,25.9
Not_Applicable,CA-2012-132633,2012-02-03 00:00:00,2012-02-05 00:00:00,On time,KenHeidel,United States,Pleasant Grove,Utah,Binders,Wilson Jones Standard D-Ring Binders,USD,12.14,3,4.1
Not_Applicable,CA-2014-121125,2014-05-31 00:00:00,2014-06-04 00:00:00,On time,MichaelGranlund,United States,Tigard,Oregon,Furnishings,Tensor Brushed Steel Torchiere Floor Lamp,USD,13.59,1,-0.34
Not_Applicable,CA-2013-166443,2013-11-05 00:00:00,2013-11-06 00:00:00,On time,LisaHazard,United States,San Francisco,California,Furnishings,Advantus Panel Wall Acrylic Frame,USD,38.29,7,16.46
Not_Applicable,CA-2014-134565,2014-06-12 00:00:00,2014-06-14 00:00:00,On time,TomBoeckenhauer,United States,Seattle,Washington,Binders,"Acco Pressboard Covers with Storage Hooks, 14 7/8"" x 11"", Dark Blue",USD,18.29,6,6.63
Not_Applicable,CA-2012-126466,2012-11-09 00:00:00,2012-11-13 00:00:00,On time,JesusOcampo,United States,Roseville,California,Fasteners,"OIC Binder Clips, Mini, 1/4"" Capacity, Black",USD,2.48,2,1.17
Not_Applicable,US-2014-117534,2014-03-26 00:00:00,2014-03-27 00:00:00,On time,ChristinaVanderZanden,United States,Fresno,California,Appliances,Acco Smartsocket Color-Coded Six-Outlet AC Adapter Model Surge Protectors,USD,176.04,4,45.77
Not_Applicable,CA-2011-129924,2011-07-12 00:00:00,2011-07-17 00:00:00,Delay,AlyssaCrouse,United States,San Francisco,California,Binders,Tuff Stuff Recycled Round Ring Binders,USD,7.71,2,2.8
Not_Applicable,CA-2012-104486,2012-05-01 00:00:00,2012-05-06 00:00:00,Delay,PatrickO'Brill,United States,San Francisco,California,Storage,Eldon Simplefile Box Office,USD,37.32,3,10.45
Not_Applicable,CA-2012-129770,2012-02-21 00:00:00,2012-02-23 00:00:00,On time,JoeElijah,United States,Las Cruces,New Mexico,Paper,Staples,USD,49.12,4,23.09
Not_Applicable,US-2014-103828,2014-08-14 00:00:00,2014-08-14 00:00:00,On time,JayKimmel,United States,San Francisco,California,Supplies,Staples,USD,31.92,4,9.26
Not_Applicable,CA-2013-151372,2013-09-06 00:00:00,2013-09-07 00:00:00,On time,JosephHolt,United States,Redondo Beach,California,Binders,"Angle-D Binders with Locking Rings, Label Holders",USD,11.68,2,3.94
Not_Applicable,CA-2012-148376,2012-12-27 00:00:00,2012-12-31 00:00:00,On time,ArthurGainer,United States,Los Angeles,California,Appliances,Belkin F9G930V10-GRY 9 Outlet Surge,USD,106.96,2,31.02
Not_Applicable,CA-2013-108735,2013-04-18 00:00:00,2013-04-22 00:00:00,On time,JessicaMyrick,United States,Lakewood,California,Bookcases,"Bush Westfield Collection Bookcases, Fully Assembled",USD,257.5,3,24.24
Not_Applicable,US-2014-163300,2014-09-16 00:00:00,2014-09-22 00:00:00,Delay,EricaSmith,United States,Los Angeles,California,Chairs,Global Deluxe Steno Chair,USD,184.75,3,-20.78
Not_Applicable,CA-2011-106439,2011-10-31 00:00:00,2011-11-04 00:00:00,On time,GregGuthrie,United States,Los Angeles,California,Storage,Tennsco Regal Shelving Units,USD,405.64,4,12.17
Not_Applicable,CA-2013-169957,2013-09-27 00:00:00,2013-10-01 00:00:00,On time,SteveNguyen,United States,Covington,Washington,Accessories,Micro Innovations USB RF Wireless Keyboard with Mouse,USD,100.0,4,21.0
Not_Applicable,CA-2013-127250,2013-11-04 00:00:00,2013-11-08 00:00:00,On time,SarahFoster,United States,Marysville,Washington,Art,Newell 332,USD,8.82,3,2.38
Not_Applicable,CA-2013-159023,2013-11-04 00:00:00,2013-11-06 00:00:00,On time,NatalieWebber,United States,Portland,Oregon,Binders,Avery Reinforcements for Hole-Punch Pages,USD,4.16,7,-3.47
Not_Applicable,CA-2011-128237,2011-03-25 00:00:00,2011-03-30 00:00:00,Delay,ChristinaAnderson,United States,San Francisco,California,Art,"BIC Brite Liner Grip Highlighters, Assorted, 5/Pack",USD,25.44,6,9.92
Not_Applicable,US-2013-169040,2013-12-07 00:00:00,2013-12-13 00:00:00,Delay,GregTran,United States,Seattle,Washington,Phones,Google Nexus 5,USD,431.98,3,27.0
Not_Applicable,CA-2012-156146,2012-10-26 00:00:00,2012-10-30 00:00:00,On time,AndrewGjertsen,United States,Peoria,Arizona,Phones,Panasonic KX-TG6844B Expandable Digital Cordless Telephone,USD,105.58,2,9.24
Not_Applicable,CA-2013-151148,2013-09-13 00:00:00,2013-09-14 00:00:00,On time,PhilisseOvercash,United States,Louisville,Colorado,Phones,Lunatik TT5L-002 Taktik Strike Impact Protection System for iPhone 5,USD,146.95,3,9.18
Not_Applicable,CA-2012-167255,2012-09-27 00:00:00,2012-09-29 00:00:00,On time,RickHuthwaite,United States,San Francisco,California,Paper,Xerox 226,USD,12.96,2,6.22
Not_Applicable,US-2014-105998,2014-11-04 00:00:00,2014-11-06 00:00:00,On time,ClayRozendal,United States,San Diego,California,Tables,Chromcraft Round Conference Tables,USD,1673.18,12,20.91
Not_Applicable,CA-2011-110786,2011-12-29 00:00:00,2012-01-02 00:00:00,On time,AnthonyJohnson,United States,San Francisco,California,Binders,Avery Hanging File Binders,USD,14.35,3,4.66
Not_Applicable,CA-2013-140382,2013-06-24 00:00:00,2013-06-26 00:00:00,On time,RubenDartt,United States,San Francisco,California,Paper,Xerox 1884,USD,19.98,1,9.39
Not_Applicable,CA-2013-112669,2013-04-15 00:00:00,2013-04-15 00:00:00,On time,KeanTakahito,United States,Glendale,Arizona,Storage,"Fellowes Personal Hanging Folder Files, Navy",USD,42.98,4,4.3
Not_Applicable,CA-2013-133795,2013-12-19 00:00:00,2013-12-25 00:00:00,Delay,JeremyEllison,United States,San Diego,California,Accessories,SanDisk Cruzer 64 GB USB Flash Drive,USD,72.64,2,21.79
Not_Applicable,CA-2013-126158,2013-07-26 00:00:00,2013-08-01 00:00:00,Delay,SanjitChand,United States,Costa Mesa,California,Furnishings,"Howard Miller 14-1/2"" Diameter Chrome Round Wall Clock",USD,255.76,4,81.84
Not_Applicable,US-2014-136707,2014-11-13 00:00:00,2014-11-16 00:00:00,On time,JimEpp,United States,Los Angeles,California,Binders,Acco 3-Hole Punch,USD,14.02,4,4.91
Not_Applicable,CA-2011-138177,2011-09-19 00:00:00,2011-09-24 00:00:00,Delay,NeilDucich,United States,Chandler,Arizona,Tables,Hon 2111 Invitation Series Straight Table,USD,73.92,1,-45.83
Not_Applicable,CA-2014-110443,2014-11-22 00:00:00,2014-11-26 00:00:00,On time,ChlorisKastensmidt,United States,Renton,Washington,Paper,Xerox 209,USD,51.84,8,24.88
Not_Applicable,US-2014-120418,2014-06-12 00:00:00,2014-06-13 00:00:00,On time,BeckyCastell,United States,Peoria,Arizona,Chairs,Global Leather Executive Chair,USD,280.79,1,35.1
Not_Applicable,CA-2013-157217,2013-07-20 00:00:00,2013-07-22 00:00:00,On time,TracyCollins,United States,San Francisco,California,Phones,Griffin GC36547 PowerJolt SE Lightning Charger,USD,35.98,2,4.5
Not_Applicable,CA-2013-133935,2013-09-19 00:00:00,2013-09-23 00:00:00,On time,JaneWaco,United States,San Diego,California,Chairs,Global Troy Executive Leather Low-Back Tilter,USD,801.57,2,50.1
Not_Applicable,CA-2011-144071,2011-12-08 00:00:00,2011-12-15 00:00:00,Delay,DennyJoy,United States,San Francisco,California,Furnishings,DAX Natural Wood-Tone Poster Frame,USD,79.44,3,28.6
Not_Applicable,CA-2011-139451,2011-10-12 00:00:00,2011-10-16 00:00:00,On time,DuaneNoonan,United States,San Francisco,California,Art,"Premium Writing Pencils, Soft, #2 by Central Association for the Blind",USD,14.9,5,4.17
Not_Applicable,CA-2011-102330,2011-12-29 00:00:00,2012-01-03 00:00:00,Delay,ArianneIrving,United States,Brentwood,California,Labels,Alphabetical Labels for Top Tab Filing,USD,88.8,6,44.4
Not_Applicable,US-2013-105578,2013-05-31 00:00:00,2013-06-05 00:00:00,Delay,MaribethYedwab,United States,Parker,Colorado,Paper,"White Dual Perf Computer Printout Paper, 2700 Sheets, 1 Part, Heavyweight, 20 lbs., 14 7/8 x 11",USD,32.79,1,11.89
Not_Applicable,CA-2011-153479,2011-10-04 00:00:00,2011-10-08 00:00:00,On time,DavidFlashing,United States,Vallejo,California,Labels,Avery 512,USD,14.45,5,6.79
Not_Applicable,CA-2014-154074,2014-09-01 00:00:00,2014-09-03 00:00:00,On time,BartWatters,United States,Spokane,Washington,Storage,"Sortfiler Multipurpose Personal File Organizer, Black",USD,149.73,7,43.42
Not_Applicable,CA-2011-148915,2011-11-01 00:00:00,2011-11-05 00:00:00,On time,NatalieDeCherney,United States,Portland,Oregon,Phones,Plantronics Voyager Pro HD - Bluetooth Headset,USD,155.98,3,54.59
Not_Applicable,CA-2014-132262,2014-09-22 00:00:00,2014-09-24 00:00:00,On time,MuhammedLee,United States,Seattle,Washington,Accessories,Sony 64GB Class 10 Micro SDHC R40 Memory Card,USD,71.98,2,15.12
Not_Applicable,CA-2012-129896,2012-06-15 00:00:00,2012-06-20 00:00:00,Delay,PeterFuller,United States,Gilbert,Arizona,Furnishings,"DAX Copper Panel Document Frame, 5 x 7 Size",USD,40.26,4,11.07
Not_Applicable,CA-2012-107685,2012-11-30 00:00:00,2012-12-02 00:00:00,On time,JohnMurray,United States,Las Vegas,Nevada,Furnishings,"DAX Contemporary Wood Frame with Silver Metal Mat, Desktop, 11 x 14 Size",USD,80.96,4,29.15
Not_Applicable,CA-2011-151708,2011-08-08 00:00:00,2011-08-14 00:00:00,Delay,MariaBertelson,United States,Glendale,Arizona,Furnishings,"Eldon Delta Triangular Chair Mat, 52"" x 58"", Clear",USD,121.38,4,-3.03
Not_Applicable,CA-2011-143371,2011-12-28 00:00:00,2012-01-03 00:00:00,Delay,MaribethDona,United States,Anaheim,California,Storage,"Carina Mini System Audio Rack, Model AR050B",USD,998.82,9,29.96
Not_Applicable,US-2014-117534,2014-03-26 00:00:00,2014-03-27 00:00:00,On time,ChristinaVanderZanden,United States,Fresno,California,Phones,Clearsounds A400,USD,211.17,4,15.84
Not_Applicable,CA-2014-164049,2014-11-03 00:00:00,2014-11-07 00:00:00,On time,KenHeidel,United States,Seattle,Washington,Paper,"Wirebound Message Books, Four 2 3/4 x 5 Forms per Page, 200 Sets per Book",USD,23.85,5,10.73
Not_Applicable,TRN-2026-1017,2026-03-15 00:00:00,2026-03-17 00:00:00,On time,Trainer_Account,United States,Boston,Massachusetts,Beauty & Personal Care,Pantene Pro-V Daily Moisture Renewal Shampoo,USD,53.21,1,2.27
Not_Applicable,CA-2013-165330,2013-12-12 00:00:00,2013-12-12 00:00:00,On time,WilliamBrown,United States,Anaheim,California,Accessories,Microsoft Natural Ergonomic Keyboard 4000,USD,119.96,4,25.19
Not_Applicable,CA-2014-106964,2014-12-18 00:00:00,2014-12-21 00:00:00,On time,HallieRedmond,United States,Los Angeles,California,Binders,GBC Plastic Binding Combs,USD,11.81,2,4.28
Not_Applicable,CA-2012-152891,2012-10-25 00:00:00,2012-10-30 00:00:00,Delay,TrudyBrown,United States,San Francisco,California,Art,Boston 19500 Mighty Mite Electric Pencil Sharpener,USD,60.45,3,16.32
Not_Applicable,CA-2014-116715,2014-12-03 00:00:00,2014-12-06 00:00:00,On time,VictoriaWilson,United States,San Francisco,California,Paper,Xerox 1962,USD,8.56,2,3.85
Not_Applicable,TRN-2026-1042,2026-03-15 00:00:00,2026-03-17 00:00:00,On time,Trainer_Account,United States,Boston,Massachusetts,Health & Household,Dr. Scholl’s Orthotics for Plantar Fasciitis,USD,67.18,3,15.02
Not_Applicable,US-2013-143280,2013-02-22 00:00:00,2013-02-26 00:00:00,On time,TracyZic,United States,Los Angeles,California,Fasteners,"Acco Clips to Go Binder Clips, 24 Clips in Two Sizes",USD,10.65,3,5.01
Not_Applicable,CA-2014-118437,2014-06-18 00:00:00,2014-06-22 00:00:00,On time,PhilipFox,United States,Olympia,Washington,Furnishings,"Howard Miller 13-3/4"" Diameter Brushed Chrome Round Wall Clock",USD,155.25,3,46.58
Not_Applicable,CA-2012-120880,2012-05-29 00:00:00,2012-06-03 00:00:00,Delay,JohnLucas,United States,Seattle,Washington,Binders,"Avery Trapezoid Extra Heavy Duty 4"" Binders",USD,167.76,5,62.91
Not_Applicable,CA-2014-130841,2014-07-29 00:00:00,2014-08-02 00:00:00,On time,MattHagelstein,United States,San Francisco,California,Storage,Super Decoflex Portable Personal File,USD,14.98,1,4.19
Not_Applicable,US-2012-126214,2012-12-21 00:00:00,2012-12-24 00:00:00,On time,JohnStevenson,United States,Seattle,Washington,Tables,Bevis 36 x 72 Conference Tables,USD,1618.37,13,356.04
Not_Applicable,CA-2014-156391,2014-09-27 00:00:00,2014-09-29 00:00:00,On time,SaraLuxemburg,United States,Salem,Oregon,Art,Prang Drawing Pencil Set,USD,2.22,1,0.56
Not_Applicable,CA-2012-110289,2012-10-29 00:00:00,2012-11-02 00:00:00,On time,NonaBalk,United States,San Francisco,California,Envelopes,"Strathmore #10 Envelopes, Ultimate White",USD,210.84,4,103.31
Not_Applicable,CA-2011-102295,2011-11-24 00:00:00,2011-11-26 00:00:00,On time,EricaHackney,United States,Sacramento,California,Chairs,"Global Leather & Oak Executive Chair, Burgundy",USD,120.71,1,-18.11
Not_Applicable,CA-2012-120446,2012-11-16 00:00:00,2012-11-18 00:00:00,On time,JohnGrady,United States,San Diego,California,Labels,Avery 51,USD,18.9,3,8.69
Not_Applicable,CA-2014-122770,2014-12-14 00:00:00,2014-12-19 00:00:00,Delay,EmilyPhan,United States,San Francisco,California,Paper,Xerox 1975,USD,12.96,2,6.35
Not_Applicable,CA-2014-121027,2014-08-19 00:00:00,2014-08-23 00:00:00,On time,HelenWasserman,United States,Seattle,Washington,Accessories,Imation Bio 8GB USB Flash Drive Imation Corp,USD,1496.16,9,224.42
Not_Applicable,CA-2011-121762,2011-02-15 00:00:00,2011-02-19 00:00:00,On time,MarinaLichtenstein,United States,Seattle,Washington,Supplies,Compact Automatic Electric Letter Opener,USD,238.62,2,4.77
Not_Applicable,US-2014-103828,2014-08-14 00:00:00,2014-08-14 00:00:00,On time,JayKimmel,United States,San Francisco,California,Appliances,Staples,USD,83.79,7,22.62
Not_Applicable,CA-2011-111451,2011-12-26 00:00:00,2011-12-28 00:00:00,On time,KellyLampkin,United States,Colorado Springs,Colorado,Furnishings,Eldon ClusterMat Chair Mat with Cordless Antistatic Protection,USD,218.35,3,-24.56
Not_Applicable,CA-2014-166093,2014-08-18 00:00:00,2014-08-25 00:00:00,Delay,RickWilson,United States,Brentwood,California,Appliances,Sanyo 2.5 Cubic Foot Mid-Size Office Refrigerators,USD,2518.29,9,654.76
Not_Applicable,CA-2013-111696,2013-05-09 00:00:00,2013-05-11 00:00:00,On time,TrudyBrown,United States,Los Angeles,California,Paper,Xerox 1920,USD,17.94,3,8.07
Not_Applicable,CA-2014-148145,2014-03-19 00:00:00,2014-03-24 00:00:00,Delay,ScottWilliamson,United States,Seattle,Washington,Art,Deluxe Chalkboard Eraser Cleaner,USD,46.2,4,21.25
Not_Applicable,CA-2014-134845,2014-04-18 00:00:00,2014-04-24 00:00:00,Delay,SharelleRoach,United States,Louisville,Colorado,Binders,GBC VeloBinder Manual Binding System,USD,21.59,2,-15.84
Not_Applicable,CA-2012-106320,2012-09-25 00:00:00,2012-09-30 00:00:00,Delay,EmilyBurns,United States,Orem,Utah,Tables,Bretford CR4500 Series Slim Rectangular Table,USD,1044.63,3,240.26
Not_Applicable,CA-2012-155306,2012-04-17 00:00:00,2012-04-21 00:00:00,On time,GeorgeAshbrook,United States,San Francisco,California,Art,Prang Drawing Pencil Set,USD,5.56,2,2.22
Not_Applicable,CA-2014-108070,2014-04-17 00:00:00,2014-04-21 00:00:00,On time,JoelEaton,United States,San Jose,California,Bookcases,O'Sullivan Living Dimensions 2-Shelf Bookcases,USD,102.83,1,-6.05
Not_Applicable,CA-2013-149916,2013-12-23 00:00:00,2013-12-25 00:00:00,On time,EmilyDucich,United States,Seattle,Washington,Machines,Texas Instrument TI-15 Fraction Calculator,USD,11.56,1,3.76
Not_Applicable,CA-2011-135699,2011-08-29 00:00:00,2011-08-29 00:00:00,On time,HilaryHolden,United States,San Francisco,California,Paper,Xerox 1940,USD,109.92,2,53.86
Not_Applicable,CA-2012-121188,2012-08-28 00:00:00,2012-09-04 00:00:00,Delay,CassandraBrandow,United States,Los Angeles,California,Storage,"Hot File 7-Pocket, Floor Stand",USD,892.35,5,267.71
Not_Applicable,US-2014-155425,2014-11-11 00:00:00,2014-11-12 00:00:00,On time,AnnBlume,United States,Tucson,Arizona,Accessories,Case Logic 2.4GHz Wireless Keyboard,USD,239.95,6,-35.99
Not_Applicable,CA-2014-155712,2014-03-03 00:00:00,2014-03-09 00:00:00,Delay,KenDana,United States,Los Angeles,California,Binders,Catalog Binders with Expanding Posts,USD,107.65,2,33.64
Not_Applicable,CA-2014-102407,2014-12-10 00:00:00,2014-12-14 00:00:00,On time,AlyssaTate,United States,Los Angeles,California,Art,Newell 314,USD,11.16,2,2.79
Not_Applicable,CA-2014-112753,2014-06-19 00:00:00,2014-06-24 00:00:00,Delay,CraigCarreira,United States,Los Angeles,California,Paper,Xerox 1930,USD,38.88,6,19.05
Not_Applicable,CA-2013-161746,2013-10-22 00:00:00,2013-10-28 00:00:00,Delay,CarlosSoltero,United States,Los Angeles,California,Chairs,Office Star Flex Back Scooter Chair with Aluminum Finish Frame,USD,242.14,3,12.11
Not_Applicable,CA-2011-105249,2011-11-28 00:00:00,2011-11-28 00:00:00,On time,DuaneHuffman,United States,San Francisco,California,Bookcases,"Sauder Camden County Barrister Bookcase, Planked Cherry Finish",USD,411.33,4,-4.84
Not_Applicable,CA-2012-130456,2012-08-21 00:00:00,2012-08-26 00:00:00,Delay,DavidSmith,United States,San Francisco,California,Bookcases,Sauder Camden County Collection Library,USD,586.4,6,34.49
Not_Applicable,CA-2011-127558,2011-11-15 00:00:00,2011-11-18 00:00:00,On time,ShahidShariari,United States,Los Angeles,California,Supplies,Acme Box Cutter Scissors,USD,20.46,2,5.32
Not_Applicable,CA-2014-141747,2014-08-04 00:00:00,2014-08-09 00:00:00,Delay,ScotCoram,United States,Seattle,Washington,Storage,"Letter/Legal File Tote with Clear Snap-On Lid, Black Granite",USD,16.06,1,4.18
Not_Applicable,CA-2013-163384,2013-11-11 00:00:00,2013-11-13 00:00:00,On time,ChuckClark,United States,San Francisco,California,Binders,"ACCOHIDE 3-Ring Binder, Blue, 1""",USD,13.22,4,4.46
Not_Applicable,CA-2012-150714,2012-10-26 00:00:00,2012-11-01 00:00:00,Delay,KristenHastings,United States,Springfield,Oregon,Binders,Avery Self-Adhesive Photo Pockets for Polaroid Photos,USD,14.3,7,-10.49
Not_Applicable,US-2014-128447,2014-11-11 00:00:00,2014-11-18 00:00:00,Delay,MichaelChen,United States,Pasco,Washington,Appliances,"Eureka The Boss Lite 10-Amp Upright Vacuum, Blue",USD,400.8,5,112.22
Not_Applicable,US-2014-153948,2014-11-07 00:00:00,2014-11-07 00:00:00,On time,FrankMerwin,United States,San Francisco,California,Paper,Staples,USD,45.36,4,22.23
Not_Applicable,CA-2012-116841,2012-04-14 00:00:00,2012-04-18 00:00:00,On time,TheonePippenger,United States,Springfield,Oregon,Appliances,Acco Smartsocket Color-Coded Six-Outlet AC Adapter Model Surge Protectors,USD,35.21,1,2.64
Not_Applicable,US-2014-123862,2014-01-08 00:00:00,2014-01-10 00:00:00,On time,JamieFrazer,United States,Long Beach,California,Supplies,Acme Galleria Hot Forged Steel Scissors with Colored Handles,USD,110.11,7,31.93
Not_Applicable,CA-2013-169887,2013-10-23 00:00:00,2013-10-23 00:00:00,On time,MaryBethSkach,United States,Seattle,Washington,Paper,Xerox 1986,USD,6.68,1,3.21
Not_Applicable,CA-2014-108854,2014-12-09 00:00:00,2014-12-15 00:00:00,Delay,DeniseMonton,United States,San Francisco,California,Paper,Standard Line “While You Were Out” Hardbound Telephone Message Book,USD,87.92,4,40.44
Not_Applicable,US-2012-146745,2012-09-03 00:00:00,2012-09-08 00:00:00,Delay,AnnSteele,United States,San Francisco,California,Chairs,Office Star - Ergonomically Designed Knee Chair,USD,129.57,2,-12.96
Not_Applicable,CA-2012-105347,2012-11-24 00:00:00,2012-11-28 00:00:00,On time,DarrenPowers,United States,Los Angeles,California,Paper,Xerox 1919,USD,368.91,9,180.77
Not_Applicable,CA-2012-155586,2012-12-12 00:00:00,2012-12-16 00:00:00,On time,XylonaPreis,United States,Chico,California,Art,Newell 311,USD,2.21,1,0.6
Not_Applicable,CA-2013-163755,2013-11-05 00:00:00,2013-11-09 00:00:00,On time,AlejandroSavely,United States,Seattle,Washington,Furnishings,"Tenex ""The Solids"" Textured Chair Mats",USD,209.88,3,35.68
Not_Applicable,CA-2012-149846,2012-05-22 00:00:00,2012-05-26 00:00:00,On time,SarahBrown,United States,Los Angeles,California,Machines,Zebra GX420t Direct Thermal/Thermal Transfer Printer,USD,2973.32,7,334.5
Not_Applicable,CA-2012-151841,2012-04-27 00:00:00,2012-05-02 00:00:00,Delay,TonyChapman,United States,Aurora,Colorado,Appliances,Belkin 6 Outlet Metallic Surge Strip,USD,43.56,5,3.27
Not_Applicable,US-2012-144771,2012-10-02 00:00:00,2012-10-04 00:00:00,On time,ChlorisKastensmidt,United States,Hillsboro,Oregon,Furnishings,9-3/4 Diameter Round Wall Clock,USD,11.03,1,3.03
Not_Applicable,CA-2013-161389,2013-12-06 00:00:00,2013-12-11 00:00:00,Delay,IreneMaddox,United States,Seattle,Washington,Binders,Fellowes PB200 Plastic Comb Binding Machine,USD,407.98,3,132.59
Not_Applicable,CA-2011-146591,2011-01-20 00:00:00,2011-01-21 00:00:00,On time,TobySwindell,United States,Scottsdale,Arizona,Bookcases,O'Sullivan 4-Shelf Bookcase in Odessa Pine,USD,181.47,5,-320.6
Not_Applicable,CA-2014-167150,2014-12-11 00:00:00,2014-12-18 00:00:00,Delay,BenPeterman,United States,San Diego,California,Binders,"Wilson Jones Ledger-Size, Piano-Hinge Binder, 2"", Blue",USD,65.57,2,22.95
Not_Applicable,CA-2011-133704,2011-09-20 00:00:00,2011-09-26 00:00:00,Delay,MichelleArnett,United States,Los Angeles,California,Binders,Ibico Plastic and Wire Spiral Binding Combs,USD,20.23,3,6.58
Not_Applicable,CA-2012-124800,2012-09-26 00:00:00,2012-09-30 00:00:00,On time,RickWilson,United States,Mesa,Arizona,Paper,Petty Cash Envelope,USD,86.27,4,31.27
Not_Applicable,US-2012-139675,2012-03-13 00:00:00,2012-03-18 00:00:00,Delay,NicoleFjeld,United States,Chico,California,Chairs,Global Deluxe High-Back Manager's Chair,USD,915.14,4,102.95
Not_Applicable,US-2011-119137,2011-07-23 00:00:00,2011-07-27 00:00:00,On time,ArthurGainer,United States,Tucson,Arizona,Accessories,NETGEAR AC1750 Dual Band Gigabit Smart WiFi Router,USD,1023.94,8,179.19
Not_Applicable,CA-2012-161627,2012-07-06 00:00:00,2012-07-11 00:00:00,Delay,SarahJordon,United States,Pasadena,California,Chairs,Novimex Turbo Task Chair,USD,170.35,3,-17.04
Not_Applicable,CA-2011-144666,2011-11-09 00:00:00,2011-11-11 00:00:00,On time,JeremyPistek,United States,San Francisco,California,Paper,"Recycled Desk Saver Line ""While You Were Out"" Book, 5 1/2"" X 4""",USD,62.65,7,28.82
Not_Applicable,CA-2014-117457,2014-12-09 00:00:00,2014-12-13 00:00:00,On time,KeithHerrera,United States,San Francisco,California,Chairs,Novimex High-Tech Fabric Mesh Task Chair,USD,113.57,2,-18.45
Not_Applicable,CA-2011-104563,2011-03-07 00:00:00,2011-03-12 00:00:00,Delay,CraigMolinari,United States,Seattle,Washington,Chairs,"Global Leather and Oak Executive Chair, Black",USD,481.57,2,54.18
Not_Applicable,CA-2013-137393,2013-05-07 00:00:00,2013-05-11 00:00:00,On time,GeneMcClure,United States,Bakersfield,California,Furnishings,"Executive Impressions 8-1/2"" Career Panel/Partition Cubicle Clock",USD,41.6,4,14.14
Not_Applicable,CA-2014-161956,2014-08-28 00:00:00,2014-08-30 00:00:00,On time,DanReichenbach,United States,Inglewood,California,Copiers,Sharp 1540cs Digital Laser Copier,USD,879.98,2,329.99
Not_Applicable,CA-2014-166898,2014-09-12 00:00:00,2014-09-14 00:00:00,On time,KenHeidel,United States,Santa Ana,California,Paper,Xerox 192,USD,19.44,3,9.33
Not_Applicable,CA-2014-128076,2014-02-03 00:00:00,2014-02-08 00:00:00,Delay,BillOverfelt,United States,San Diego,California,Furnishings,Eldon Antistatic Chair Mats for Low to Medium Pile Carpets,USD,210.58,2,12.63
Not_Applicable,TRN-2026-1043,2026-03-15 00:00:00,2026-03-17 00:00:00,On time,Trainer_Account,United States,Boston,Massachusetts,Electronics,Apple AirTag 4-Pack,USD,42.82,2,18.22
Not_Applicable,CA-2014-117457,2014-12-09 00:00:00,2014-12-13 00:00:00,On time,KeithHerrera,United States,San Francisco,California,Paper,"Wirebound Message Book, 4 per Page",USD,27.15,5,13.3
Not_Applicable,CA-2013-169663,2013-03-11 00:00:00,2013-03-14 00:00:00,On time,RickHuthwaite,United States,Los Angeles,California,Accessories,Kingston Digital DataTraveler 16GB USB 2.0,USD,26.85,3,5.1
Not_Applicable,CA-2014-121027,2014-08-19 00:00:00,2014-08-23 00:00:00,On time,HelenWasserman,United States,Seattle,Washington,Accessories,Plantronics Savi W720 Multi-Device Wireless Headset System,USD,843.9,2,371.32
Not_Applicable,CA-2014-137414,2014-10-03 00:00:00,2014-10-07 00:00:00,On time,ChadMcGuire,United States,San Francisco,California,Machines,Ricoh - Ink Collector Unit for GX3000 Series Printers,USD,369.16,11,32.3
Not_Applicable,CA-2011-140032,2011-09-08 00:00:00,2011-09-13 00:00:00,Delay,TobySwindell,United States,San Francisco,California,Binders,"Acco PRESSTEX Data Binder with Storage Hooks, Light Blue, 9 1/2"" X 11""",USD,8.61,2,3.01
Not_Applicable,US-2013-103674,2013-12-07 00:00:00,2013-12-11 00:00:00,On time,AnnePryor,United States,Los Angeles,California,Fasteners,"Alliance Big Bands Rubber Bands, 12/Pack",USD,13.86,7,0.0
Not_Applicable,CA-2013-152247,2013-11-08 00:00:00,2013-11-13 00:00:00,Delay,MichelleArnett,United States,Cheyenne,Wyoming,Chairs,Global Troy Executive Leather Low-Back Tilter,USD,1603.14,4,100.2
Not_Applicable,CA-2014-100580,2014-08-14 00:00:00,2014-08-21 00:00:00,Delay,MichaelKennedy,United States,San Diego,California,Binders,"GBC Prepunched Paper, 19-Hole, for Binding Systems, 24-lb",USD,36.02,3,11.71
Not_Applicable,CA-2013-111115,2013-07-26 00:00:00,2013-07-28 00:00:00,On time,LarryBlacks,United States,Los Angeles,California,Fasteners,OIC Binder Clips,USD,21.48,6,10.74
Not_Applicable,CA-2013-151498,2013-04-22 00:00:00,2013-04-25 00:00:00,On time,DuaneNoonan,United States,Seattle,Washington,Binders,Round Ring Binders,USD,8.32,5,2.81
Not_Applicable,CA-2013-101672,2013-10-04 00:00:00,2013-10-08 00:00:00,On time,DanielByrd,United States,Lake Forest,California,Labels,Smead Alpha-Z Color-Coded Second Alphabetical Labels and Starter Set,USD,6.16,2,2.96
Not_Applicable,CA-2013-121748,2013-10-25 00:00:00,2013-10-29 00:00:00,On time,VictoriaWilson,United States,Los Angeles,California,Accessories,Micro Innovations USB RF Wireless Keyboard with Mouse,USD,100.0,4,21.0
Not_Applicable,CA-2014-102834,2014-03-10 00:00:00,2014-03-14 00:00:00,On time,LindsayWilliams,United States,San Francisco,California,Accessories,Logitech Wireless Headset h800,USD,199.98,2,69.99
Not_Applicable,CA-2014-155929,2014-09-10 00:00:00,2014-09-14 00:00:00,On time,ArianneIrving,United States,Glendale,Arizona,Paper,Unpadded Memo Slips,USD,6.37,2,2.39
Not_Applicable,CA-2014-124436,2014-03-20 00:00:00,2014-03-23 00:00:00,On time,SueAnnReed,United States,Fresno,California,Furnishings,"Advantus Employee of the Month Certificate Frame, 11 x 13-1/2",USD,30.93,1,12.68
Not_Applicable,CA-2011-154599,2011-04-12 00:00:00,2011-04-17 00:00:00,Delay,KeanNguyen,United States,Redondo Beach,California,Binders,Recycled Pressboard Report Cover with Reinforced Top Hinge,USD,18.09,7,6.56
Not_Applicable,CA-2011-112837,2011-09-11 00:00:00,2011-09-16 00:00:00,Delay,LizWillingham,United States,Oxnard,California,Furnishings,"Deflect-o DuraMat Lighweight, Studded, Beveled Mat for Low Pile Carpeting",USD,127.95,3,21.75
Not_Applicable,CA-2014-132738,2014-08-05 00:00:00,2014-08-08 00:00:00,On time,HarryMarie,United States,Loveland,Colorado,Envelopes,"Manila Recycled Extra-Heavyweight Clasp Envelopes, 6"" x 9""",USD,8.78,1,3.18
Not_Applicable,CA-2013-124527,2013-11-17 00:00:00,2013-11-18 00:00:00,On time,IoniaMcGrath,United States,Roseville,California,Binders,Round Ring Binders,USD,8.32,5,2.81
Not_Applicable,CA-2014-167913,2014-07-31 00:00:00,2014-08-04 00:00:00,On time,JohnLee,United States,Mission Viejo,California,Storage,Economy Rollaway Files,USD,330.4,2,85.9
Not_Applicable,CA-2011-164210,2011-11-18 00:00:00,2011-11-20 00:00:00,On time,PierreWener,United States,Louisville,Colorado,Paper,"Geographics Note Cards, Blank, White, 8 1/2"" x 11""",USD,35.81,4,12.53
Not_Applicable,CA-2014-137505,2014-11-25 00:00:00,2014-11-25 00:00:00,On time,BethPaige,United States,Los Angeles,California,Tables,Hon 61000 Series Interactive Training Tables,USD,71.09,2,-1.78
Not_Applicable,US-2014-163790,2014-11-03 00:00:00,2014-11-05 00:00:00,On time,NancyLomonaco,United States,Danville,California,Envelopes,"White Business Envelopes with Contemporary Seam, Recycled White Business Envelopes",USD,76.58,7,38.29
Not_Applicable,CA-2014-121398,2014-12-26 00:00:00,2014-12-30 00:00:00,On time,FredHopkins,United States,Los Angeles,California,Binders,GBC DocuBind P50 Personal Binding Machine,USD,153.55,3,51.82
Not_Applicable,CA-2011-143917,2011-07-25 00:00:00,2011-07-27 00:00:00,On time,KenLonsdale,United States,San Francisco,California,Furnishings,Staples,USD,77.92,8,34.28
Not_Applicable,CA-2014-152310,2014-08-13 00:00:00,2014-08-20 00:00:00,Delay,DanaKaydos,United States,Seattle,Washington,Storage,Personal File Boxes with Fold-Down Carry Handle,USD,46.74,3,11.69
Not_Applicable,CA-2014-164707,2014-02-19 00:00:00,2014-02-22 00:00:00,On time,CynthiaVoltz,United States,Los Angeles,California,Accessories,Memorex Micro Travel Drive 32 GB,USD,109.53,3,47.1
Not_Applicable,CA-2014-142342,2014-07-18 00:00:00,2014-07-20 00:00:00,On time,AnthonyJohnson,United States,Apple Valley,California,Envelopes,"Peel & Seel Recycled Catalog Envelopes, Brown",USD,57.9,5,28.95
Not_Applicable,CA-2011-133354,2011-02-23 00:00:00,2011-02-25 00:00:00,On time,SueAnnReed,United States,Moreno Valley,California,Paper,Xerox 220,USD,19.44,3,9.33
Not_Applicable,CA-2013-161361,2013-03-27 00:00:00,2013-03-29 00:00:00,On time,MarkVanHuff,United States,Pocatello,Idaho,Binders,"Wilson Jones Hanging View Binder, White, 1""",USD,17.04,3,5.54
Not_Applicable,CA-2014-123701,2014-11-25 00:00:00,2014-11-28 00:00:00,On time,PatrickGardner,United States,San Francisco,California,Art,BIC Liqua Brite Liner,USD,27.76,4,9.99
Not_Applicable,CA-2012-168634,2012-12-06 00:00:00,2012-12-11 00:00:00,Delay,ArtFerguson,United States,San Francisco,California,Appliances,"Commercial WindTunnel Clean Air Upright Vacuum, Replacement Belts, Filtration Bags",USD,7.78,2,2.02
Not_Applicable,CA-2014-156776,2014-08-08 00:00:00,2014-08-12 00:00:00,On time,JeremyLonsdale,United States,Westminster,California,Phones,Polycom VoiceStation 500 Conference phone,USD,707.88,3,44.24
Not_Applicable,CA-2011-162278,2011-10-26 00:00:00,2011-10-30 00:00:00,On time,AngeleHood,United States,Seattle,Washington,Furnishings,Tenex Chairmats For Use With Carpeted Floors,USD,63.92,4,3.2
Not_Applicable,CA-2011-104976,2011-12-09 00:00:00,2011-12-16 00:00:00,Delay,CymaKinney,United States,San Francisco,California,Paper,Xerox 1987,USD,34.68,6,16.99
Not_Applicable,CA-2013-145625,2013-09-12 00:00:00,2013-09-18 00:00:00,Delay,KellyCollister,United States,San Diego,California,Paper,"Wirebound Message Books, Two 4 1/4"" x 5"" Forms per Page",USD,7.61,1,3.58
Not_Applicable,CA-2014-137470,2014-09-18 00:00:00,2014-09-18 00:00:00,On time,TomPrescott,United States,Seattle,Washington,Paper,Xerox 1984,USD,12.96,2,6.35
Not_Applicable,CA-2014-123778,2014-09-24 00:00:00,2014-10-01 00:00:00,Delay,BruceStewart,United States,San Francisco,California,Appliances,APC 7 Outlet Network SurgeArrest Surge Protector,USD,160.96,2,48.29
Not_Applicable,CA-2013-141397,2013-06-21 00:00:00,2013-06-22 00:00:00,On time,RoyCollins,United States,Pasadena,California,Storage,Fellowes Bankers Box Recycled Super Stor/Drawer,USD,161.94,3,9.72
Not_Applicable,CA-2013-100083,2013-11-25 00:00:00,2013-11-30 00:00:00,Delay,CarolDarley,United States,Medford,Oregon,Paper,"IBM Multi-Purpose Copy Paper, 8 1/2 x 11"", Case",USD,24.78,1,7.75
Not_Applicable,CA-2013-148852,2013-05-27 00:00:00,2013-06-01 00:00:00,Delay,StewartVisinsky,United States,Santa Ana,California,Phones,Cisco SPA508G,USD,211.17,4,23.76
Not_Applicable,CA-2011-127866,2011-07-20 00:00:00,2011-07-23 00:00:00,On time,JonathanDoherty,United States,Riverside,California,Accessories,"Maxell 74 Minute CD-R Spindle, 50/Pack",USD,41.94,2,15.1
Not_Applicable,CA-2013-109827,2013-12-26 00:00:00,2014-01-02 00:00:00,Delay,LaurelWorkman,United States,Phoenix,Arizona,Accessories,Hypercom P1300 Pinpad,USD,100.8,2,21.42
Not_Applicable,CA-2011-156349,2011-05-26 00:00:00,2011-05-30 00:00:00,On time,MarinaLichtenstein,United States,Los Angeles,California,Phones,netTALK DUO VoIP Telephone Service,USD,83.98,2,31.49
Not_Applicable,CA-2014-124716,2014-03-28 00:00:00,2014-04-01 00:00:00,On time,BrendanDodson,United States,Fresno,California,Paper,Xerox 1982,USD,45.68,2,21.01
Not_Applicable,CA-2011-165568,2011-02-16 00:00:00,2011-02-20 00:00:00,On time,BarryFranzösisch,United States,Seattle,Washington,Binders,Pressboard Data Binders by Wilson Jones,USD,21.36,5,7.21
Not_Applicable,TRN-2026-1026,2026-03-15 00:00:00,2026-03-17 00:00:00,On time,Trainer_Account,United States,Boston,Massachusetts,Health & Household,Neutrogena Ultra Sheer Dry-Touch Sunscreen SPF 70,USD,82.02,2,15.46
Not_Applicable,CA-2011-113271,2011-07-09 00:00:00,2011-07-14 00:00:00,Delay,DarrinSayre,United States,San Francisco,California,Binders,Avery Hidden Tab Dividers for Binding Systems,USD,14.3,6,4.65
Not_Applicable,CA-2014-136651,2014-04-24 00:00:00,2014-04-26 00:00:00,On time,JayFein,United States,Pasadena,California,Furnishings,"DAX Two-Tone Rosewood/Black Document Frame, Desktop, 5 x 7",USD,66.36,7,26.54
Not_Applicable,CA-2013-135265,2013-07-08 00:00:00,2013-07-10 00:00:00,On time,ChristopherConant,United States,Los Angeles,California,Paper,Xerox 1942,USD,48.94,1,24.47
Not_Applicable,US-2012-106873,2012-09-24 00:00:00,2012-09-29 00:00:00,Delay,KunstMiller,United States,Avondale,Arizona,Art,Newell 317,USD,16.46,7,1.85
Not_Applicable,CA-2014-106824,2014-07-08 00:00:00,2014-07-12 00:00:00,On time,AnnieThurman,United States,Los Angeles,California,Fasteners,"Brites Rubber Bands, 1 1/2 oz. Box",USD,5.94,3,0.12
Not_Applicable,CA-2014-133431,2014-12-18 00:00:00,2014-12-22 00:00:00,On time,LoganCurrie,United States,San Francisco,California,Paper,"Ampad Gold Fibre Wirebound Steno Books, 6"" x 9"", Gregg Ruled",USD,13.23,3,6.09
Not_Applicable,US-2014-120418,2014-06-12 00:00:00,2014-06-13 00:00:00,On time,BeckyCastell,United States,Peoria,Arizona,Art,Boston 16801 Nautilus Battery Pencil Sharpener,USD,88.04,5,6.6
Not_Applicable,CA-2012-112767,2012-08-02 00:00:00,2012-08-06 00:00:00,On time,DarrenKoutras,United States,Springfield,Oregon,Tables,Balt Split Level Computer Training Table,USD,277.5,4,-188.7
Not_Applicable,CA-2013-122728,2013-05-19 00:00:00,2013-05-25 00:00:00,Delay,EricBarreto,United States,San Francisco,California,Paper,Universal Premium White Copier/Laser Paper (20Lb. and 87 Bright),USD,17.94,3,8.79
Not_Applicable,CA-2014-164028,2014-11-25 00:00:00,2014-12-01 00:00:00,Delay,JohnLee,United States,San Francisco,California,Accessories,Memorex Mini Travel Drive 16 GB USB 2.0 Flash Drive,USD,223.58,14,87.2
Not_Applicable,CA-2013-160500,2013-05-06 00:00:00,2013-05-09 00:00:00,On time,DarrinMartin,United States,Encinitas,California,Binders,Computer Printout Index Tabs,USD,6.72,5,2.35
Not_Applicable,CA-2011-168494,2011-12-12 00:00:00,2011-12-14 00:00:00,On time,NoraPreis,United States,Fresno,California,Bookcases,Bestar Classic Bookcase,USD,254.97,3,12.0
Not_Applicable,CA-2013-100944,2013-09-25 00:00:00,2013-09-29 00:00:00,On time,EdwardHooks,United States,Los Angeles,California,Envelopes,"Tyvek Interoffice Envelopes, 9 1/2"" x 12 1/2"", 100/Box",USD,304.9,5,143.3
Not_Applicable,CA-2013-132304,2013-06-15 00:00:00,2013-06-19 00:00:00,On time,AnthonyRawles,United States,Seattle,Washington,Tables,Hon Non-Folding Utility Tables,USD,1115.17,7,334.55
Not_Applicable,CA-2013-136021,2013-08-15 00:00:00,2013-08-19 00:00:00,On time,JillMatthias,United States,Los Angeles,California,Paper,Array Memo Cubes,USD,15.54,3,7.61
Not_Applicable,CA-2012-101707,2012-08-27 00:00:00,2012-09-01 00:00:00,Delay,PhilipFox,United States,San Diego,California,Labels,Avery 511,USD,3.08,1,1.48
Not_Applicable,US-2013-156986,2013-03-21 00:00:00,2013-03-25 00:00:00,On time,ZuschussCarroll,United States,Salem,Oregon,Paper,Xerox 1894,USD,10.37,2,3.63
Not_Applicable,CA-2013-159730,2013-09-18 00:00:00,2013-09-22 00:00:00,On time,SanjitJacobs,United States,Seattle,Washington,Phones,Clarity 53712,USD,105.58,2,7.92
Not_Applicable,CA-2014-126865,2014-12-06 00:00:00,2014-12-08 00:00:00,On time,NaresjPatel,United States,San Diego,California,Paper,Xerox 1960,USD,92.94,3,41.82
Not_Applicable,US-2014-132444,2014-11-19 00:00:00,2014-11-22 00:00:00,On time,ChristinaDeMoss,United States,Seattle,Washington,Binders,"Wilson Jones 1"" Hanging DublLock Ring Binders",USD,8.45,2,2.96
Not_Applicable,CA-2011-152233,2011-10-05 00:00:00,2011-10-06 00:00:00,On time,KeithHerrera,United States,Pomona,California,Accessories,Plantronics Audio 478 Stereo USB Headset,USD,99.98,2,34.99
Not_Applicable,CA-2014-128965,2014-04-18 00:00:00,2014-04-23 00:00:00,Delay,PamelaStobb,United States,Los Angeles,California,Labels,Avery 474,USD,23.04,8,11.29
Not_Applicable,CA-2012-124800,2012-09-26 00:00:00,2012-09-30 00:00:00,On time,RickWilson,United States,Mesa,Arizona,Appliances,3M Replacement Filter for Office Air Cleaner for 20' x 33' Room,USD,60.67,2,14.41
Not_Applicable,CA-2011-115161,2011-02-01 00:00:00,2011-02-03 00:00:00,On time,LizCarlisle,United States,Mission Viejo,California,Bookcases,"Sauder Facets Collection Library, Sky Alder Finish",USD,290.67,2,3.42
Not_Applicable,CA-2012-119627,2012-08-17 00:00:00,2012-08-23 00:00:00,Delay,StevenCartwright,United States,Peoria,Arizona,Accessories,First Data FD10 PIN Pad,USD,252.8,4,-31.6
Not_Applicable,US-2013-135720,2013-12-12 00:00:00,2013-12-14 00:00:00,On time,FredMcMath,United States,Aurora,Colorado,Accessories,Imation 32GB Pocket Pro USB 3.0 Flash Drive - 32 GB - Black - 1 P ...,USD,119.8,5,29.95
Not_Applicable,CA-2011-117317,2011-10-19 00:00:00,2011-10-19 00:00:00,On time,JeremyFarry,United States,Los Angeles,California,Paper,Spiral Phone Message Books with Labels by Adams,USD,13.44,3,6.59
Not_Applicable,CA-2013-149279,2013-04-25 00:00:00,2013-04-29 00:00:00,On time,CraigLeslie,United States,Colorado Springs,Colorado,Paper,Xerox 226,USD,15.55,3,5.44
Not_Applicable,US-2014-100398,2014-08-20 00:00:00,2014-08-24 00:00:00,On time,DennyOrdway,United States,Salt Lake City,Utah,Binders,"Wilson Jones Elliptical Ring 3 1/2"" Capacity Binders, 800 sheets",USD,102.72,3,37.24
Not_Applicable,CA-2014-169327,2014-09-03 00:00:00,2014-09-05 00:00:00,On time,MarcHarrigan,United States,Los Angeles,California,Appliances,"Acco Six-Outlet Power Strip, 4' Cord Length",USD,43.1,5,11.21
Not_Applicable,CA-2014-126067,2014-08-29 00:00:00,2014-09-04 00:00:00,Delay,KristinaNunn,United States,Seattle,Washington,Art,Newell 344,USD,5.56,2,1.45
Not_Applicable,CA-2011-110555,2011-04-11 00:00:00,2011-04-18 00:00:00,Delay,MichelleMoray,United States,Great Falls,Montana,Storage,Eldon Simplefile Box Office,USD,87.08,7,24.38
Not_Applicable,CA-2013-151512,2013-12-27 00:00:00,2014-01-03 00:00:00,Delay,SallyHughsby,United States,Denver,Colorado,Appliances,Harmony HEPA Quiet Air Purifiers,USD,18.72,2,3.51
Not_Applicable,US-2011-169789,2011-12-30 00:00:00,2012-01-04 00:00:00,Delay,MaureenFritzler,United States,Phoenix,Arizona,Binders,Ibico Ibimaster 300 Manual Binding System,USD,551.99,5,-459.99
Not_Applicable,CA-2013-148852,2013-05-27 00:00:00,2013-06-01 00:00:00,Delay,StewartVisinsky,United States,Santa Ana,California,Machines,Fellowes Powershred HS-440 4-Sheet High Security Shredder,USD,371.98,3,116.24
Not_Applicable,CA-2014-120222,2014-04-26 00:00:00,2014-05-03 00:00:00,Delay,LaurenLeatherbury,United States,Los Angeles,California,Binders,Surelock Post Binders,USD,73.34,3,27.5
Not_Applicable,CA-2011-127558,2011-11-15 00:00:00,2011-11-18 00:00:00,On time,ShahidShariari,United States,Los Angeles,California,Accessories,Logitech P710e Mobile Speakerphone,USD,772.47,3,146.77
Not_Applicable,CA-2013-103709,2013-09-09 00:00:00,2013-09-16 00:00:00,Delay,LizPreis,United States,Visalia,California,Paper,Xerox 1900,USD,34.24,8,15.41
Not_Applicable,CA-2014-107986,2014-12-14 00:00:00,2014-12-14 00:00:00,On time,MitchWebber,United States,Seattle,Washington,Storage,Sterilite Officeware Hinged File Box,USD,31.44,3,8.49
Not_Applicable,CA-2013-109365,2013-11-04 00:00:00,2013-11-09 00:00:00,Delay,XylonaPreis,United States,Los Angeles,California,Paper,Multicolor Computer Printout Paper,USD,314.55,3,150.98
Not_Applicable,CA-2014-129357,2014-05-15 00:00:00,2014-05-20 00:00:00,Delay,KenBlack,United States,Seattle,Washington,Supplies,Martin-Yale Premier Letter Opener,USD,64.4,5,1.93
Not_Applicable,CA-2012-130883,2012-09-26 00:00:00,2012-10-02 00:00:00,Delay,TracyBlumstein,United States,Portland,Oregon,Paper,Xerox 216,USD,31.1,6,10.89
Not_Applicable,CA-2013-149762,2013-12-04 00:00:00,2013-12-08 00:00:00,On time,RogerDemir,United States,Morgan Hill,California,Tables,Hon 4060 Series Tables,USD,268.7,3,6.72
Not_Applicable,US-2014-163657,2014-09-03 00:00:00,2014-09-07 00:00:00,On time,JanetLee,United States,Los Angeles,California,Tables,Hon 2111 Invitation Series Straight Table,USD,236.53,2,-2.96
Not_Applicable,CA-2012-135545,2012-11-24 00:00:00,2012-11-30 00:00:00,Delay,KunstMiller,United States,Los Angeles,California,Furnishings,Luxo Economy Swing Arm Lamp,USD,79.76,4,22.33
Not_Applicable,CA-2012-158701,2012-01-05 00:00:00,2012-01-10 00:00:00,Delay,JamesLanier,United States,San Francisco,California,Appliances,Acco 6 Outlet Guardian Premium Surge Suppressor,USD,87.36,6,23.59
Not_Applicable,CA-2011-143637,2011-03-24 00:00:00,2011-03-29 00:00:00,Delay,MauriceSatty,United States,Fresno,California,Furnishings,"DAX Contemporary Wood Frame with Silver Metal Mat, Desktop, 11 x 14 Size",USD,40.48,2,14.57
Not_Applicable,CA-2012-117772,2012-09-10 00:00:00,2012-09-12 00:00:00,On time,MattCollins,United States,Seattle,Washington,Storage,"Belkin 19"" Center-Weighted Shelf, Gray",USD,353.88,6,17.69
Not_Applicable,CA-2013-109365,2013-11-04 00:00:00,2013-11-09 00:00:00,Delay,XylonaPreis,United States,Los Angeles,California,Appliances,Holmes 99% HEPA Air Purifier,USD,43.32,2,14.3
Not_Applicable,CA-2012-139164,2012-06-23 00:00:00,2012-06-28 00:00:00,Delay,ChristineSundaresam,United States,Long Beach,California,Fasteners,Assorted Color Push Pins,USD,5.43,3,1.79
Not_Applicable,CA-2013-135776,2013-12-24 00:00:00,2013-12-31 00:00:00,Delay,EdwardHooks,United States,Seattle,Washington,Art,Newell 317,USD,8.82,3,2.56
Not_Applicable,TRN-2026-1038,2026-03-15 00:00:00,2026-03-17 00:00:00,On time,Trainer_Account,United States,Boston,Massachusetts,Health & Household,"Band-Aid Brand Flexible Fabric Adhesive Bandages, 100 Count",USD,42.48,2,16.3
Not_Applicable,CA-2014-162250,2014-11-25 00:00:00,2014-11-25 00:00:00,On time,PatrickRyan,United States,San Francisco,California,Paper,"Southworth 100% Résumé Paper, 24lb.",USD,7.78,1,3.5
Not_Applicable,CA-2014-100237,2014-10-16 00:00:00,2014-10-20 00:00:00,On time,StuartVan,United States,Orem,Utah,Art,Avery Hi-Liter Smear-Safe Highlighters,USD,11.68,2,4.2
Not_Applicable,CA-2012-123568,2012-11-08 00:00:00,2012-11-14 00:00:00,Delay,SanjitChand,United States,West Jordan,Utah,Fasteners,Alliance Rubber Bands,USD,5.04,3,0.2
Not_Applicable,CA-2011-145254,2011-07-23 00:00:00,2011-07-27 00:00:00,On time,NickCrebassa,United States,San Francisco,California,Accessories,Imation 8gb Micro Traveldrive Usb 2.0 Flash Drive,USD,45.0,3,4.95
Not_Applicable,CA-2012-138534,2012-07-17 00:00:00,2012-07-19 00:00:00,On time,JessicaMyrick,United States,Bakersfield,California,Bookcases,"Sauder Camden County Collection Libraries, Planked Cherry Finish",USD,195.47,2,-13.8
Not_Applicable,CA-2013-134803,2013-05-29 00:00:00,2013-06-04 00:00:00,Delay,ClayLudtke,United States,Los Angeles,California,Appliances,Kensington 7 Outlet MasterPiece HOMEOFFICE Power Control Center,USD,262.24,2,78.67
Not_Applicable,US-2013-105578,2013-05-31 00:00:00,2013-06-05 00:00:00,Delay,MaribethYedwab,United States,Parker,Colorado,Chairs,Global Troy Executive Leather Low-Back Tilter,USD,801.57,2,50.1
Not_Applicable,CA-2011-131947,2011-09-17 00:00:00,2011-09-22 00:00:00,Delay,JosephAirdo,United States,Springfield,Oregon,Art,Boston 16701 Slimline Battery Pencil Sharpener,USD,38.26,3,4.78
Not_Applicable,CA-2011-154599,2011-04-12 00:00:00,2011-04-17 00:00:00,Delay,KeanNguyen,United States,Redondo Beach,California,Phones,Pyle PMP37LED,USD,1075.09,14,94.07
Not_Applicable,TRN-2026-1047,2026-03-15 00:00:00,2026-03-17 00:00:00,On time,Trainer_Account,United States,Boston,Massachusetts,Health & Household,CeraVe Moisturizing Cream with Sunscreen SPF 30,USD,23.57,1,1.54
Not_Applicable,CA-2012-126725,2012-11-17 00:00:00,2012-11-21 00:00:00,On time,BrianStugart,United States,San Diego,California,Storage,Fellowes Recycled Storage Drawers,USD,777.21,7,54.4
Not_Applicable,CA-2014-164364,2014-11-13 00:00:00,2014-11-17 00:00:00,On time,ChristineSundaresam,United States,Seattle,Washington,Supplies,Acme Forged Steel Scissors with Black Enamel Handles,USD,27.93,3,8.1
Not_Applicable,CA-2014-152310,2014-08-13 00:00:00,2014-08-20 00:00:00,Delay,DanaKaydos,United States,Seattle,Washington,Paper,Xerox 1937,USD,192.16,4,92.24
Not_Applicable,CA-2011-161249,2011-08-09 00:00:00,2011-08-13 00:00:00,On time,RogerDemir,United States,Phoenix,Arizona,Binders,Avery Hole Reinforcements,USD,9.35,5,-6.54
Not_Applicable,CA-2012-102316,2012-02-29 00:00:00,2012-03-03 00:00:00,On time,DaveHallsten,United States,Los Angeles,California,Chairs,Global Deluxe Steno Chair,USD,184.75,3,-20.78
Not_Applicable,US-2014-116652,2014-09-16 00:00:00,2014-09-20 00:00:00,On time,RickDuston,United States,San Francisco,California,Chairs,"Leather Task Chair, Black",USD,218.35,3,0.0
Not_Applicable,CA-2011-132913,2011-12-24 00:00:00,2011-12-26 00:00:00,On time,AdamShillingsburg,United States,San Diego,California,Appliances,Belkin 7-Outlet SurgeMaster Home Series,USD,13.97,1,3.63
Not_Applicable,US-2014-163790,2014-11-03 00:00:00,2014-11-05 00:00:00,On time,NancyLomonaco,United States,Danville,California,Storage,Space Solutions Commercial Steel Shelving,USD,452.55,7,22.63
Not_Applicable,US-2012-103996,2012-03-29 00:00:00,2012-03-31 00:00:00,On time,RichardBierner,United States,San Diego,California,Paper,Tops Wirebound Message Log Books,USD,9.87,3,4.54
Not_Applicable,CA-2011-141726,2011-07-20 00:00:00,2011-07-22 00:00:00,On time,CharlesCrestani,United States,San Diego,California,Binders,Wilson Jones Custom Binder Spines & Labels,USD,8.7,2,3.16
Not_Applicable,CA-2014-119424,2014-06-13 00:00:00,2014-06-15 00:00:00,On time,SarahBrown,United States,Kent,Washington,Paper,Xerox 203,USD,19.44,3,9.33
Not_Applicable,CA-2013-100468,2013-11-25 00:00:00,2013-12-02 00:00:00,Delay,AlyssaTate,United States,Los Angeles,California,Furnishings,"DAX Value U-Channel Document Frames, Easel Back",USD,9.94,2,3.08
Not_Applicable,CA-2014-123624,2014-11-14 00:00:00,2014-11-18 00:00:00,On time,SanjitEngle,United States,Oxnard,California,Accessories,Kensington K72356US Mouse-in-a-Box USB Desktop Mouse,USD,82.95,5,29.03
Not_Applicable,CA-2014-118136,2014-09-17 00:00:00,2014-09-18 00:00:00,On time,BarryBlumstein,United States,Inglewood,California,Paper,"Ampad Gold Fibre Wirebound Steno Books, 6"" x 9"", Gregg Ruled",USD,8.82,2,4.06
Not_Applicable,CA-2014-169327,2014-09-03 00:00:00,2014-09-05 00:00:00,On time,MarcHarrigan,United States,Los Angeles,California,Binders,"GBC Velobind Prepunched Cover Sets, Regency Series",USD,147.92,5,46.23
Not_Applicable,CA-2012-155145,2012-12-27 00:00:00,2012-12-29 00:00:00,On time,KeanNguyen,United States,Visalia,California,Accessories,Maxell 4.7GB DVD-R 5/Pack,USD,7.92,8,3.48
Not_Applicable,CA-2013-128594,2013-08-27 00:00:00,2013-08-30 00:00:00,On time,DonJones,United States,San Diego,California,Chairs,Global Troy Executive Leather Low-Back Tilter,USD,1603.14,4,100.2
Not_Applicable,CA-2013-142398,2013-04-13 00:00:00,2013-04-17 00:00:00,On time,BethPaige,United States,Los Angeles,California,Binders,JM Magazine Binder,USD,13.21,1,4.62
Not_Applicable,CA-2013-129728,2013-05-31 00:00:00,2013-06-07 00:00:00,Delay,JasonGross,United States,Los Angeles,California,Furnishings,36X48 HARDFLOOR CHAIRMAT,USD,167.84,8,11.75
Not_Applicable,CA-2012-157805,2012-08-31 00:00:00,2012-09-04 00:00:00,On time,RickHuthwaite,United States,San Diego,California,Phones,Toshiba IPT2010-SD IP Telephone,USD,555.96,5,41.7
Not_Applicable,US-2011-167738,2011-12-24 00:00:00,2011-12-29 00:00:00,Delay,JulieCreighton,United States,Los Angeles,California,Chairs,"Global Value Mid-Back Manager's Chair, Gray",USD,292.27,6,18.27
Not_Applicable,CA-2014-134915,2014-11-13 00:00:00,2014-11-13 00:00:00,On time,EugeneMoren,United States,Glendale,Arizona,Phones,Cush Cases Heavy Duty Rugged Cover Case for Samsung Galaxy S5 - Purple,USD,7.92,2,0.69
Not_Applicable,US-2013-103674,2013-12-07 00:00:00,2013-12-11 00:00:00,On time,AnnePryor,United States,Los Angeles,California,Binders,Avery Durable Slant Ring Binders With Label Holder,USD,13.38,4,4.68
Not_Applicable,CA-2014-124261,2014-11-15 00:00:00,2014-11-20 00:00:00,Delay,JoeElijah,United States,Los Angeles,California,Art,Newell 347,USD,34.24,8,9.93
Not_Applicable,CA-2012-169201,2012-09-28 00:00:00,2012-10-01 00:00:00,On time,HenryGoldwyn,United States,San Francisco,California,Appliances,Holmes HEPA Air Purifier,USD,43.56,2,15.25
Not_Applicable,CA-2014-102974,2014-09-20 00:00:00,2014-09-25 00:00:00,Delay,DavePoirier,United States,Los Angeles,California,Art,Boston 16765 Mini Stand Up Battery Pencil Sharpener,USD,23.32,2,6.06
Not_Applicable,CA-2013-128412,2013-12-11 00:00:00,2013-12-18 00:00:00,Delay,ArthurPrichep,United States,Seattle,Washington,Accessories,Kingston Digital DataTraveler 16GB USB 2.0,USD,44.75,5,8.5
Not_Applicable,CA-2014-147767,2014-12-03 00:00:00,2014-12-03 00:00:00,On time,SusanVittorini,United States,Peoria,Arizona,Binders,Vinyl Sectional Post Binders,USD,67.86,6,-45.24
Not_Applicable,CA-2012-153416,2012-11-24 00:00:00,2012-11-29 00:00:00,Delay,TobySwindell,United States,Los Angeles,California,Binders,Avery Premier Heavy-Duty Binder with Round Locking Rings,USD,91.39,8,29.7
Not_Applicable,CA-2011-158540,2011-11-24 00:00:00,2011-11-26 00:00:00,On time,VivekGonzalez,United States,San Diego,California,Furnishings,"Eldon Delta Triangular Chair Mat, 52"" x 58"", Clear",USD,151.72,4,27.31
Not_Applicable,US-2013-123470,2013-08-16 00:00:00,2013-08-22 00:00:00,Delay,MaxEngle,United States,Aurora,Colorado,Binders,Premium Transparent Presentation Covers by GBC,USD,18.88,3,-13.85
Not_Applicable,CA-2011-105249,2011-11-28 00:00:00,2011-11-28 00:00:00,On time,DuaneHuffman,United States,San Francisco,California,Supplies,Staples,USD,7.36,2,0.15
Not_Applicable,CA-2012-148180,2012-07-26 00:00:00,2012-07-31 00:00:00,Delay,BartPistole,United States,Oxnard,California,Binders,Tuff Stuff Recycled Round Ring Binders,USD,23.14,6,8.39
Not_Applicable,TRN-2026-1022,2026-03-15 00:00:00,2026-03-17 00:00:00,On time,Trainer_Account,United States,Boston,Massachusetts,Tools & Home Improvement,"Gorilla Super Glue Gel, 20 Gram",USD,75.44,3,12.93
Not_Applicable,TRN-2026-1029,2026-03-15 00:00:00,2026-03-17 00:00:00,On time,Trainer_Account,United States,Boston,Massachusetts,Beauty & Personal Care,Olay Regenerist Micro-Sculpting Cream Face Moisturizer,USD,19.47,1,9.16
Not_Applicable,CA-2012-149972,2012-09-21 00:00:00,2012-09-23 00:00:00,On time,CynthiaDelaney,United States,Los Angeles,California,Fasteners,Advantus Map Pennant Flags and Round Head Tacks,USD,7.9,2,2.53
Not_Applicable,CA-2011-140732,2011-11-11 00:00:00,2011-11-13 00:00:00,On time,MattAbelman,United States,Los Angeles,California,Appliances,"Commercial WindTunnel Clean Air Upright Vacuum, Replacement Belts, Filtration Bags",USD,7.78,2,2.02
Not_Applicable,CA-2013-130799,2013-11-12 00:00:00,2013-11-17 00:00:00,Delay,BerenikeKampe,United States,San Francisco,California,Furnishings,"Eldon Regeneration Recycled Desk Accessories, Smoke",USD,6.96,4,2.23
Not_Applicable,CA-2011-120096,2011-07-04 00:00:00,2011-07-07 00:00:00,On time,KatrinaEdelman,United States,Aurora,Colorado,Paper,Xerox 194,USD,177.54,4,62.14
Not_Applicable,CA-2014-122364,2014-09-25 00:00:00,2014-09-30 00:00:00,Delay,FrankAtkinson,United States,Los Angeles,California,Machines,Socket Bluetooth Cordless Hand Scanner (CHS),USD,506.28,3,177.2
Not_Applicable,CA-2014-145233,2014-12-02 00:00:00,2014-12-06 00:00:00,On time,DiannaVittorini,United States,Denver,Colorado,Phones,AT&T SB67148 SynJ,USD,105.58,2,9.24
Not_Applicable,US-2013-127334,2013-12-16 00:00:00,2013-12-22 00:00:00,Delay,MikePelletier,United States,Springfield,Oregon,Tables,Bretford Rectangular Conference Table Tops,USD,564.2,3,-304.67
Not_Applicable,CA-2014-128965,2014-04-18 00:00:00,2014-04-23 00:00:00,Delay,PamelaStobb,United States,Los Angeles,California,Paper,"Rediform S.O.S. 1-Up Phone Message Bk, 4-1/4x3-1/16 Bk, 1 Form/Pg, 40 Messages/Bk, 3/Pk",USD,28.14,3,13.51
Not_Applicable,CA-2014-130764,2014-10-28 00:00:00,2014-10-29 00:00:00,On time,JackO'Briant,United States,San Francisco,California,Bookcases,"O'Sullivan Elevations Bookcase, Cherry Finish",USD,556.67,5,6.55
Not_Applicable,CA-2014-107293,2014-09-06 00:00:00,2014-09-07 00:00:00,On time,ChristopherSchild,United States,Seattle,Washington,Art,Newell 333,USD,2.78,1,0.72
Not_Applicable,US-2013-167339,2013-01-21 00:00:00,2013-01-23 00:00:00,On time,TamaraDahlen,United States,San Diego,California,Chairs,Global Super Steno Chair,USD,153.57,2,-5.76
Not_Applicable,CA-2012-130113,2012-12-27 00:00:00,2012-12-31 00:00:00,On time,AaronHawkins,United States,San Francisco,California,Phones,Geemarc AmpliPOWER60,USD,668.16,9,75.17
Not_Applicable,CA-2013-130477,2013-04-09 00:00:00,2013-04-13 00:00:00,On time,LoganCurrie,United States,Los Angeles,California,Storage,Fellowes Neat Ideas Storage Cubes,USD,64.96,2,2.6
Not_Applicable,CA-2014-131492,2014-10-20 00:00:00,2014-10-25 00:00:00,Delay,HilaryHolden,United States,San Francisco,California,Envelopes,Ampad #10 Peel & Seel Holiday Envelopes,USD,8.96,2,4.3
Not_Applicable,US-2013-143280,2013-02-22 00:00:00,2013-02-26 00:00:00,On time,TracyZic,United States,Los Angeles,California,Phones,AT&T 1070 Corded Phone,USD,445.96,5,55.75
Not_Applicable,CA-2014-123001,2014-09-03 00:00:00,2014-09-09 00:00:00,Delay,AnthonyWitt,United States,Bakersfield,California,Labels,Avery 505,USD,74.0,5,37.0
Not_Applicable,CA-2011-104178,2011-08-25 00:00:00,2011-08-29 00:00:00,On time,JanetMolinari,United States,Los Angeles,California,Paper,Xerox 23,USD,25.92,4,12.44
Not_Applicable,US-2013-100839,2013-10-14 00:00:00,2013-10-18 00:00:00,On time,NoahChilds,United States,Aurora,Colorado,Furnishings,"Executive Impressions 8-1/2"" Career Panel/Partition Cubicle Clock",USD,24.96,3,4.37
Not_Applicable,CA-2014-138464,2014-07-09 00:00:00,2014-07-13 00:00:00,On time,VickyFreymann,United States,Seattle,Washington,Art,Crayola Colored Pencils,USD,13.12,4,4.33
Not_Applicable,CA-2014-106859,2014-03-14 00:00:00,2014-03-19 00:00:00,Delay,BenjaminFarhat,United States,Albuquerque,New Mexico,Phones,OtterBox Commuter Series Case - iPhone 5 & 5s,USD,140.74,8,49.26
Not_Applicable,CA-2014-131037,2014-08-23 00:00:00,2014-08-24 00:00:00,On time,TonyMolinari,United States,San Francisco,California,Tables,Hon Racetrack Conference Tables,USD,210.01,1,2.63
Not_Applicable,US-2013-102239,2013-05-06 00:00:00,2013-05-07 00:00:00,On time,LindsayWilliams,United States,Henderson,Nevada,Binders,Avery Poly Binder Pockets,USD,5.73,2,2.0
Not_Applicable,CA-2014-167094,2014-10-22 00:00:00,2014-10-23 00:00:00,On time,DamalaKotsonis,United States,Springfield,Oregon,Paper,Xerox 218,USD,5.18,1,1.81
Not_Applicable,CA-2012-141593,2012-12-14 00:00:00,2012-12-16 00:00:00,On time,DarrenBudd,United States,Los Angeles,California,Binders,Ibico Recycled Grain-Textured Covers,USD,55.26,2,20.72
Not_Applicable,CA-2014-141117,2014-10-03 00:00:00,2014-10-09 00:00:00,Delay,JulianaKrohn,United States,Springfield,Oregon,Art,Berol Giant Pencil Sharpener,USD,95.14,7,10.7
Not_Applicable,TRN-2026-1041,2026-03-15 00:00:00,2026-03-17 00:00:00,On time,Trainer_Account,United States,Boston,Massachusetts,Grocery,Liquid I.V. Hydration Multiplier - Lemon Lime,USD,73.04,3,2.5
Not_Applicable,CA-2011-125829,2011-11-04 00:00:00,2011-11-11 00:00:00,Delay,WilliamBrown,United States,Los Angeles,California,Binders,Cardinal EasyOpen D-Ring Binders,USD,21.94,3,8.23
Not_Applicable,CA-2013-150350,2013-08-24 00:00:00,2013-08-31 00:00:00,Delay,MaxwellSchwartz,United States,Seattle,Washington,Supplies,Acme Rosewood Handle Letter Opener,USD,15.88,4,0.16
Not_Applicable,CA-2014-166296,2014-03-14 00:00:00,2014-03-20 00:00:00,Delay,KarenFerguson,United States,Manteca,California,Paper,Multicolor Computer Printout Paper,USD,314.55,3,150.98
Not_Applicable,CA-2013-143609,2013-12-12 00:00:00,2013-12-14 00:00:00,On time,DeborahBrumfield,United States,Portland,Oregon,Chairs,"Global Fabric Manager's Chair, Dark Gray",USD,403.92,5,25.25
Not_Applicable,CA-2014-155873,2014-06-17 00:00:00,2014-06-22 00:00:00,Delay,AlejandroBallentine,United States,Carlsbad,New Mexico,Paper,Xerox 215,USD,19.44,3,9.33
Not_Applicable,CA-2014-121468,2014-11-20 00:00:00,2014-11-21 00:00:00,On time,KatherineDucich,United States,Westminster,California,Phones,Square Credit Card Reader,USD,31.97,4,2.4
Not_Applicable,CA-2014-105991,2014-05-06 00:00:00,2014-05-07 00:00:00,On time,LisaHazard,United States,Louisville,Colorado,Envelopes,"Redi-Strip #10 Envelopes, 4 1/8 x 9 1/2",USD,21.24,9,7.43
Not_Applicable,CA-2014-166695,2014-05-21 00:00:00,2014-05-25 00:00:00,On time,ChuckClark,United States,Lakewood,California,Machines,Okidata B400 Printer,USD,343.2,1,38.61
Not_Applicable,CA-2011-147543,2011-07-06 00:00:00,2011-07-12 00:00:00,Delay,BeckyCastell,United States,El Cajon,California,Chairs,Global Comet Stacking Armless Chair,USD,478.48,2,47.85
Not_Applicable,US-2014-112347,2014-12-03 00:00:00,2014-12-07 00:00:00,On time,BillStewart,United States,Denver,Colorado,Bookcases,Hon 4-Shelf Metal Bookcases,USD,242.35,8,-363.53
Not_Applicable,CA-2011-141838,2011-03-26 00:00:00,2011-03-31 00:00:00,Delay,DamalaKotsonis,United States,San Francisco,California,Art,Newell 308,USD,3.36,2,0.84
Not_Applicable,CA-2014-131807,2014-10-06 00:00:00,2014-10-11 00:00:00,Delay,GregGuthrie,United States,Chico,California,Chairs,Global Deluxe High-Back Office Chair in Storm,USD,435.17,4,-59.84
Not_Applicable,CA-2014-102379,2014-12-03 00:00:00,2014-12-07 00:00:00,On time,BrendaBowman,United States,Oakland,California,Chairs,Office Star - Mid Back Dual function Ergonomic High Back Chair with 2-Way Adjustable Arms,USD,1159.06,9,43.46
Not_Applicable,CA-2014-137463,2014-12-17 00:00:00,2014-12-21 00:00:00,On time,KalycaMeade,United States,Sunnyvale,California,Accessories,Microsoft Natural Ergonomic Keyboard 4000,USD,149.95,5,31.49
Not_Applicable,CA-2014-135419,2014-11-04 00:00:00,2014-11-10 00:00:00,Delay,BruceGeld,United States,Bakersfield,California,Tables,"SAFCO PlanMaster Boards, 60w x 37-1/2d, White Melamine",USD,486.37,4,36.48
Not_Applicable,CA-2013-133144,2013-05-17 00:00:00,2013-05-22 00:00:00,Delay,DennyOrdway,United States,Los Angeles,California,Paper,Xerox 196,USD,17.34,3,8.5
Not_Applicable,CA-2013-120859,2013-09-02 00:00:00,2013-09-05 00:00:00,On time,CynthiaVoltz,United States,San Francisco,California,Envelopes,"White Business Envelopes with Contemporary Seam, Recycled White Business Envelopes",USD,21.88,2,10.94
Not_Applicable,CA-2011-107818,2011-09-08 00:00:00,2011-09-14 00:00:00,Delay,MarcCrier,United States,Pasco,Washington,Chairs,"Hon Deluxe Fabric Upholstered Stacking Chairs, Rounded Back",USD,975.92,5,121.99
Not_Applicable,CA-2012-157959,2012-02-03 00:00:00,2012-02-04 00:00:00,On time,RickWilson,United States,Los Angeles,California,Furnishings,Hand-Finished Solid Wood Document Frame,USD,136.92,4,41.08
Not_Applicable,CA-2013-140417,2013-09-26 00:00:00,2013-09-30 00:00:00,On time,KatrinaEdelman,United States,Tigard,Oregon,Paper,"REDIFORM Incoming/Outgoing Call Register, 11"" X 8 1/2"", 100 Messages",USD,60.05,9,22.52
Not_Applicable,US-2014-112347,2014-12-03 00:00:00,2014-12-07 00:00:00,On time,BillStewart,United States,Denver,Colorado,Chairs,Hon GuestStacker Chair,USD,906.68,5,68.0
Not_Applicable,US-2012-165743,2012-11-20 00:00:00,2012-11-23 00:00:00,On time,MichelleMoray,United States,Aurora,Colorado,Binders,Wilson Jones 14 Line Acrylic Coated Pressboard Data Binders,USD,9.61,6,-7.37
Not_Applicable,CA-2014-118017,2014-12-04 00:00:00,2014-12-07 00:00:00,On time,LenaCacioppo,United States,Thornton,Colorado,Accessories,Memorex Micro Travel Drive 16 GB,USD,102.34,8,14.07
Not_Applicable,US-2013-103674,2013-12-07 00:00:00,2013-12-11 00:00:00,On time,AnnePryor,United States,Los Angeles,California,Binders,Ibico Recycled Linen-Style Covers,USD,437.47,14,153.12
Not_Applicable,CA-2013-167241,2013-08-16 00:00:00,2013-08-23 00:00:00,Delay,BillDonatelli,United States,Los Angeles,California,Storage,"Perma STOR-ALL Hanging File Box, 13 1/8""W x 12 1/4""D x 10 1/2""H",USD,17.94,3,3.05
Not_Applicable,CA-2013-107146,2013-06-18 00:00:00,2013-06-20 00:00:00,On time,LenaCreighton,United States,Longmont,Colorado,Furnishings,"Rubbermaid ClusterMat Chairmats, Mat Size- 66"" x 60"", Lip 20"" x 11"" -90 Degree Angle",USD,266.35,3,-13.32
Not_Applicable,US-2011-138247,2011-12-24 00:00:00,2011-12-29 00:00:00,Delay,BenFerrer,United States,Los Angeles,California,Phones,Seidio BD2-HK3IPH5-BK DILEX Case and Holster Combo for Apple iPhone 5/5s - Black,USD,173.66,7,17.37
Not_Applicable,CA-2014-115994,2014-01-29 00:00:00,2014-02-01 00:00:00,On time,BethThompson,United States,Costa Mesa,California,Accessories,Logitech G13 Programmable Gameboard with LCD Display,USD,239.97,3,26.4
Not_Applicable,CA-2014-123491,2014-10-31 00:00:00,2014-11-06 00:00:00,Delay,JamieKunitz,United States,San Francisco,California,Labels,Avery 500,USD,43.86,6,20.61
Not_Applicable,CA-2011-140662,2011-11-17 00:00:00,2011-11-19 00:00:00,On time,ThomasSeio,United States,San Francisco,California,Paper,Xerox 1941,USD,733.95,7,352.3
Not_Applicable,CA-2014-157672,2014-10-06 00:00:00,2014-10-08 00:00:00,On time,RossBaird,United States,Denver,Colorado,Accessories,Logitech MX Performance Wireless Mouse,USD,63.82,2,13.56
Not_Applicable,CA-2012-158701,2012-01-05 00:00:00,2012-01-10 00:00:00,Delay,JamesLanier,United States,San Francisco,California,Binders,Fellowes Binding Cases,USD,56.16,6,17.55
Not_Applicable,CA-2011-145254,2011-07-23 00:00:00,2011-07-27 00:00:00,On time,NickCrebassa,United States,San Francisco,California,Supplies,Acme Softgrip Scissors,USD,40.7,5,11.8
Not_Applicable,CA-2012-109638,2012-12-15 00:00:00,2012-12-22 00:00:00,Delay,JosephHolt,United States,Seattle,Washington,Binders,Acco D-Ring Binder w/DublLock,USD,51.31,3,18.6
Not_Applicable,CA-2011-115812,2011-06-09 00:00:00,2011-06-14 00:00:00,Delay,BrosinaHoffman,United States,Los Angeles,California,Tables,Chromcraft Rectangular Conference Tables,USD,1706.18,9,85.31
Not_Applicable,CA-2013-161361,2013-03-27 00:00:00,2013-03-29 00:00:00,On time,MarkVanHuff,United States,Pocatello,Idaho,Paper,"Adams Telephone Message Book W/Dividers/Space For Phone Numbers, 5 1/4""X8 1/2"", 300/Messages",USD,17.64,3,8.64
Not_Applicable,CA-2011-126361,2011-08-04 00:00:00,2011-08-09 00:00:00,Delay,ValerieDominguez,United States,Pleasant Grove,Utah,Phones,Panasonic KX T7731-B Digital phone,USD,399.96,5,35.0
Not_Applicable,CA-2014-147452,2014-10-01 00:00:00,2014-10-04 00:00:00,On time,CariSayre,United States,Seattle,Washington,Appliances,"Commercial WindTunnel Clean Air Upright Vacuum, Replacement Belts, Filtration Bags",USD,3.89,1,1.01
Not_Applicable,TRN-2026-1004,2026-03-15 00:00:00,2026-03-17 00:00:00,On time,Trainer_Account,United States,Boston,Massachusetts,Home & Kitchen,Hamilton Beach Personal Blender for Shakes and Smoothies,USD,72.41,1,18.6
Not_Applicable,CA-2014-128965,2014-04-18 00:00:00,2014-04-23 00:00:00,Delay,PamelaStobb,United States,Los Angeles,California,Labels,Avery 517,USD,7.38,2,3.47
Not_Applicable,US-2012-120957,2012-12-07 00:00:00,2012-12-07 00:00:00,On time,KristenHastings,United States,Riverside,California,Paper,Xerox 218,USD,12.96,2,6.22
Not_Applicable,CA-2014-169894,2014-11-25 00:00:00,2014-11-30 00:00:00,Delay,MarkVanHuff,United States,Mesa,Arizona,Binders,GBC Recycled Grain Textured Covers,USD,20.72,2,-15.2
Not_Applicable,US-2013-116729,2013-12-26 00:00:00,2013-12-29 00:00:00,On time,GraceKelly,United States,Los Angeles,California,Phones,Samsung Galaxy Note 2,USD,2575.94,7,257.59
Not_Applicable,US-2013-126452,2013-08-22 00:00:00,2013-08-29 00:00:00,Delay,ScotCoram,United States,Los Angeles,California,Binders,Avery Durable Slant Ring Binders,USD,12.67,2,4.75
Not_Applicable,CA-2013-134936,2013-12-20 00:00:00,2013-12-26 00:00:00,Delay,ErinSmith,United States,Tucson,Arizona,Binders,"Wilson Jones Clip & Carry Folder Binder Tool for Ring Binders, Clear",USD,10.44,6,-7.66
Not_Applicable,US-2013-155768,2013-12-02 00:00:00,2013-12-02 00:00:00,On time,LaurelBeltran,United States,Oxnard,California,Envelopes,"#10- 4 1/8"" x 9 1/2"" Security-Tint Envelopes",USD,22.92,3,11.23
Not_Applicable,CA-2012-128993,2012-09-12 00:00:00,2012-09-17 00:00:00,Delay,CraigCarreira,United States,Seattle,Washington,Accessories,Memorex Froggy Flash Drive 4 GB,USD,21.98,2,8.57
Not_Applicable,CA-2014-123022,2014-09-04 00:00:00,2014-09-09 00:00:00,Delay,SampleCompanyA,United States,La Mesa,California,Binders,"Square Ring Data Binders, Rigid 75 Pt. Covers, 11"" x 14-7/8""",USD,82.56,5,28.9
Not_Applicable,US-2013-100839,2013-10-14 00:00:00,2013-10-18 00:00:00,On time,NoahChilds,United States,Aurora,Colorado,Tables,Hon 5100 Series Wood Tables,USD,727.45,5,-465.57
Not_Applicable,CA-2011-120243,2011-12-27 00:00:00,2011-12-30 00:00:00,On time,AlyssaTate,United States,Los Angeles,California,Labels,Staples,USD,11.56,4,5.43
Not_Applicable,CA-2013-142902,2013-09-13 00:00:00,2013-09-15 00:00:00,On time,BenPeterman,United States,Arvada,Colorado,Furnishings,"Eldon Expressions Desk Accessory, Wood Photo Frame, Mahogany",USD,15.23,1,1.71
Not_Applicable,CA-2011-159625,2011-11-23 00:00:00,2011-11-28 00:00:00,Delay,SallyMatthias,United States,Scottsdale,Arizona,Envelopes,Staples,USD,23.47,3,8.8
Not_Applicable,CA-2012-102316,2012-02-29 00:00:00,2012-03-03 00:00:00,On time,DaveHallsten,United States,Los Angeles,California,Phones,Square Credit Card Reader,USD,15.98,2,1.2
Not_Applicable,CA-2013-102792,2013-12-14 00:00:00,2013-12-20 00:00:00,Delay,JasperCacioppo,United States,Riverside,California,Art,Crayola Colored Pencils,USD,9.84,3,3.25
Not_Applicable,US-2011-137680,2011-02-25 00:00:00,2011-03-02 00:00:00,Delay,JenniferHalladay,United States,Medford,Oregon,Paper,"Message Book, Wirebound, Four 5 1/2"" X 4"" Forms/Pg., 200 Dupl. Sets/Book",USD,32.9,4,11.1
Not_Applicable,CA-2013-111913,2013-08-05 00:00:00,2013-08-07 00:00:00,On time,LindaCazamias,United States,Sacramento,California,Binders,Wilson Jones Leather-Like Binders with DublLock Round Rings,USD,20.95,3,7.07
Not_Applicable,US-2014-142188,2014-09-12 00:00:00,2014-09-12 00:00:00,On time,JenniferFerguson,United States,Seattle,Washington,Chairs,Office Star - Contemporary Task Swivel Chair,USD,177.57,2,8.88
Not_Applicable,US-2013-103674,2013-12-07 00:00:00,2013-12-11 00:00:00,On time,AnnePryor,United States,Los Angeles,California,Art,Blackstonian Pencils,USD,18.69,7,5.23
Not_Applicable,CA-2014-164707,2014-02-19 00:00:00,2014-02-22 00:00:00,On time,CynthiaVoltz,United States,Los Angeles,California,Labels,Avery 493,USD,9.82,2,4.81
Not_Applicable,CA-2011-160262,2011-06-09 00:00:00,2011-06-13 00:00:00,On time,ThomasSeio,United States,North Las Vegas,Nevada,Furnishings,"Executive Impressions 13-1/2"" Indoor/Outdoor Wall Clock",USD,37.4,2,14.21
Not_Applicable,CA-2013-122448,2013-06-10 00:00:00,2013-06-15 00:00:00,Delay,DeanBraden,United States,San Francisco,California,Chairs,"Global Deluxe Stacking Chair, Gray",USD,122.35,3,13.76
Not_Applicable,CA-2011-128055,2011-03-31 00:00:00,2011-04-05 00:00:00,Delay,AlexAvila,United States,San Francisco,California,Binders,GBC DocuBind 200 Manual Binding Machine,USD,673.57,2,252.59
Not_Applicable,CA-2014-137582,2014-09-05 00:00:00,2014-09-09 00:00:00,On time,CynthiaVoltz,United States,Oakland,California,Binders,Pressboard Hanging Data Binders for Unburst Sheets,USD,11.81,3,4.13
Not_Applicable,CA-2013-149314,2013-07-03 00:00:00,2013-07-08 00:00:00,Delay,GeorgeBell,United States,Los Angeles,California,Chairs,Hon Deluxe Fabric Upholstered Stacking Chairs,USD,195.18,1,19.52
Not_Applicable,CA-2012-103835,2012-09-24 00:00:00,2012-09-28 00:00:00,On time,ShaunChance,United States,Los Angeles,California,Furnishings,"DAX Value U-Channel Document Frames, Easel Back",USD,14.91,3,4.62
Not_Applicable,CA-2014-128041,2014-09-02 00:00:00,2014-09-02 00:00:00,On time,RickWilson,United States,Seattle,Washington,Tables,KI Conference Tables,USD,283.56,4,45.37
Not_Applicable,CA-2013-100993,2013-02-05 00:00:00,2013-02-10 00:00:00,Delay,AnnieZypern,United States,San Diego,California,Storage,"Fellowes Mobile File Cart, Black",USD,186.54,3,50.37
Not_Applicable,CA-2012-158491,2012-06-04 00:00:00,2012-06-09 00:00:00,Delay,BeckyPak,United States,Los Angeles,California,Accessories,Logitech Z-906 Speaker sys - home theater - 5.1-CH,USD,989.97,3,395.99
Not_Applicable,CA-2014-168109,2014-07-04 00:00:00,2014-07-04 00:00:00,On time,JimKriz,United States,Seattle,Washington,Machines,Okidata MB491 Multifunction Printer,USD,2395.2,6,209.58
Not_Applicable,US-2013-155971,2013-06-07 00:00:00,2013-06-13 00:00:00,Delay,RossBaird,United States,Los Angeles,California,Labels,Avery 488,USD,22.05,7,10.58
Not_Applicable,CA-2011-154893,2011-12-21 00:00:00,2011-12-27 00:00:00,Delay,GaryMcGarr,United States,San Diego,California,Chairs,Safco Contoured Stacking Chairs,USD,572.16,3,35.76
Not_Applicable,CA-2011-128524,2011-11-11 00:00:00,2011-11-13 00:00:00,On time,MaryZewe,United States,Seattle,Washington,Appliances,Belkin F5C206VTEL 6 Outlet Surge,USD,22.98,1,6.89
Not_Applicable,CA-2014-111759,2014-07-09 00:00:00,2014-07-13 00:00:00,On time,MathewReese,United States,Seattle,Washington,Paper,Staples,USD,52.76,2,24.27
Not_Applicable,CA-2014-108539,2014-03-22 00:00:00,2014-03-24 00:00:00,On time,StevenCartwright,United States,Los Angeles,California,Binders,"Avery Durable Plastic 1"" Binders",USD,10.9,3,3.95
Not_Applicable,CA-2014-102407,2014-12-10 00:00:00,2014-12-14 00:00:00,On time,AlyssaTate,United States,Los Angeles,California,Appliances,Harmony Air Purifier,USD,189.0,1,68.04
Not_Applicable,CA-2013-149335,2013-07-26 00:00:00,2013-07-26 00:00:00,On time,BeckyCastell,United States,San Francisco,California,Art,Newell 325,USD,37.17,9,11.15
Not_Applicable,CA-2012-140410,2012-11-03 00:00:00,2012-11-07 00:00:00,On time,CorinnaMitchell,United States,Los Angeles,California,Accessories,Logitech Trackman Marble Mouse,USD,89.97,3,37.79
Not_Applicable,CA-2014-135167,2014-06-16 00:00:00,2014-06-21 00:00:00,Delay,StuartCalhoun,United States,Los Angeles,California,Art,"Dixon Prang Watercolor Pencils, 10-Color Set with Brush",USD,4.26,1,1.75
Not_Applicable,CA-2012-166800,2012-11-19 00:00:00,2012-11-26 00:00:00,Delay,AleksandraGannaway,United States,Las Vegas,Nevada,Appliances,Hoover Commercial Soft Guard Upright Vacuum And Disposable Filtration Bags,USD,31.08,4,8.39
Not_Applicable,CA-2012-107937,2012-05-03 00:00:00,2012-05-08 00:00:00,Delay,JuliaBarnett,United States,Chula Vista,California,Furnishings,"Rubbermaid ClusterMat Chairmats, Mat Size- 66"" x 60"", Lip 20"" x 11"" -90 Degree Angle",USD,665.88,6,106.54
Not_Applicable,CA-2011-110786,2011-12-29 00:00:00,2012-01-02 00:00:00,On time,AnthonyJohnson,United States,San Francisco,California,Phones,Mophie Juice Pack Helium for iPhone,USD,191.98,3,19.2
Not_Applicable,CA-2013-169887,2013-10-23 00:00:00,2013-10-23 00:00:00,On time,MaryBethSkach,United States,Seattle,Washington,Art,Prang Drawing Pencil Set,USD,8.34,3,2.25
Not_Applicable,US-2013-125969,2013-11-07 00:00:00,2013-11-11 00:00:00,On time,LindsayShagiari,United States,Los Angeles,California,Furnishings,Eldon Cleatmat Plus Chair Mats for High Pile Carpets,USD,238.56,3,26.24
Not_Applicable,CA-2012-123568,2012-11-08 00:00:00,2012-11-14 00:00:00,Delay,SanjitChand,United States,West Jordan,Utah,Paper,Xerox 1988,USD,92.94,3,41.82
Not_Applicable,CA-2013-114860,2013-12-23 00:00:00,2013-12-29 00:00:00,Delay,DuaneNoonan,United States,Moreno Valley,California,Furnishings,Magnifier Swing Arm Lamp,USD,41.96,2,10.91
Not_Applicable,CA-2014-149559,2014-09-12 00:00:00,2014-09-13 00:00:00,On time,KarenFerguson,United States,Long Beach,California,Chairs,Hon Pagoda Stacking Chairs,USD,2054.27,8,256.78
Not_Applicable,CA-2013-114951,2013-06-27 00:00:00,2013-07-04 00:00:00,Delay,DuaneNoonan,United States,San Francisco,California,Furnishings,"Eldon Expressions Wood Desk Accessories, Oak",USD,22.14,3,6.42
Not_Applicable,CA-2014-139402,2014-12-10 00:00:00,2014-12-14 00:00:00,On time,NickCrebassa,United States,Phoenix,Arizona,Paper,Multicolor Computer Printout Paper,USD,419.4,5,146.79
Not_Applicable,US-2011-138247,2011-12-24 00:00:00,2011-12-29 00:00:00,Delay,BenFerrer,United States,Los Angeles,California,Appliances,Avanti 4.4 Cu. Ft. Refrigerator,USD,361.96,2,101.35
Not_Applicable,CA-2013-111913,2013-08-05 00:00:00,2013-08-07 00:00:00,On time,LindaCazamias,United States,Sacramento,California,Phones,Mitel 5320 IP Phone VoIP phone,USD,302.38,2,30.24
Not_Applicable,US-2011-112991,2011-12-10 00:00:00,2011-12-14 00:00:00,On time,SallyHughsby,United States,Caldwell,Idaho,Paper,"Xerox Color Copier Paper, 11"" x 17"", Ream",USD,91.36,4,42.03
Not_Applicable,CA-2013-145583,2013-10-14 00:00:00,2013-10-20 00:00:00,Delay,LenaCreighton,United States,Roseville,California,Paper,Xerox 1880,USD,35.44,1,16.66
Not_Applicable,CA-2011-114510,2011-03-14 00:00:00,2011-03-19 00:00:00,Delay,JasonFortune-,United States,Logan,Utah,Binders,"Premium Transparent Presentation Covers, No Pattern/Clear, 8 1/2"" x 11""",USD,62.05,2,20.17
Not_Applicable,CA-2014-118199,2014-05-10 00:00:00,2014-05-12 00:00:00,On time,LaurelBeltran,United States,Seattle,Washington,Storage,Home/Office Personal File Carts,USD,104.28,3,26.07
Not_Applicable,CA-2013-126613,2013-07-11 00:00:00,2013-07-17 00:00:00,Delay,AllenArmold,United States,Mesa,Arizona,Storage,Sterilite Officeware Hinged File Box,USD,16.77,2,1.47
Not_Applicable,CA-2012-136735,2012-07-26 00:00:00,2012-08-02 00:00:00,Delay,HelenAndreada,United States,San Francisco,California,Envelopes,Airmail Envelopes,USD,167.86,2,78.89
Not_Applicable,CA-2014-138422,2014-09-24 00:00:00,2014-09-27 00:00:00,On time,KristinaNunn,United States,Fort Collins,Colorado,Envelopes,Wausau Papers Astrobrights Colored Envelopes,USD,14.35,3,5.2
Not_Applicable,CA-2014-121706,2014-02-27 00:00:00,2014-03-03 00:00:00,On time,BeckyMartin,United States,Santa Barbara,California,Appliances,Tripp Lite TLP810NET Broadband Surge for Modem/Fax,USD,356.79,7,99.9
Not_Applicable,US-2014-166688,2014-05-21 00:00:00,2014-05-27 00:00:00,Delay,RickDuston,United States,Las Vegas,Nevada,Appliances,Fellowes Basic Home/Office Series Surge Protectors,USD,64.9,5,18.82
Not_Applicable,US-2011-147648,2011-11-26 00:00:00,2011-12-01 00:00:00,Delay,LindsayShagiari,United States,San Francisco,California,Paper,Xerox 1893,USD,81.98,2,40.17
Not_Applicable,CA-2013-135776,2013-12-24 00:00:00,2013-12-31 00:00:00,Delay,EdwardHooks,United States,Seattle,Washington,Art,"Sanford EarthWrite Recycled Pencils, Medium Soft, #2",USD,4.2,2,1.18
Not_Applicable,CA-2013-166275,2013-10-25 00:00:00,2013-10-25 00:00:00,On time,SoniaSunley,United States,San Francisco,California,Accessories,Razer Tiamat Over Ear 7.1 Surround Sound PC Gaming Headset,USD,199.99,1,86.0
Not_Applicable,CA-2011-106439,2011-10-31 00:00:00,2011-11-04 00:00:00,On time,GregGuthrie,United States,Los Angeles,California,Paper,Xerox 1952,USD,64.74,13,30.43
Not_Applicable,CA-2013-159023,2013-11-04 00:00:00,2013-11-06 00:00:00,On time,NatalieWebber,United States,Portland,Oregon,Machines,Okidata B401 Printer,USD,179.99,3,-251.99
Not_Applicable,CA-2014-135937,2014-02-21 00:00:00,2014-02-28 00:00:00,Delay,KatherineMurray,United States,Gilbert,Arizona,Furnishings,"Howard Miller 13"" Diameter Pewter Finish Round Wall Clock",USD,68.7,2,16.32
Not_Applicable,CA-2013-150658,2013-11-18 00:00:00,2013-11-23 00:00:00,Delay,MaribethSchnelling,United States,Carlsbad,New Mexico,Binders,Avery Non-Stick Binders,USD,10.78,3,3.37
Not_Applicable,CA-2012-153416,2012-11-24 00:00:00,2012-11-29 00:00:00,Delay,TobySwindell,United States,Los Angeles,California,Binders,Avery Reinforcements for Hole-Punch Pages,USD,3.17,2,0.99
Not_Applicable,CA-2011-125150,2011-05-16 00:00:00,2011-05-23 00:00:00,Delay,PaulineWebber,United States,Los Angeles,California,Chairs,"Iceberg Nesting Folding Chair, 19w x 6d x 43h",USD,232.88,5,17.47
Not_Applicable,CA-2013-114538,2013-12-27 00:00:00,2013-12-28 00:00:00,On time,RoyCollins,United States,Colorado Springs,Colorado,Art,SANFORD Major Accent Highlighters,USD,11.33,2,2.55
Not_Applicable,CA-2014-118885,2014-12-30 00:00:00,2015-01-03 00:00:00,On time,JamesGalang,United States,Los Angeles,California,Phones,Adtran 1202752G1,USD,302.38,3,22.68
Not_Applicable,CA-2012-143490,2012-12-06 00:00:00,2012-12-13 00:00:00,Delay,NaresjPatel,United States,San Diego,California,Art,Stanley Contemporary Battery Pencil Sharpeners,USD,120.15,9,33.64
Not_Applicable,US-2011-112991,2011-12-10 00:00:00,2011-12-14 00:00:00,On time,SallyHughsby,United States,Caldwell,Idaho,Chairs,Office Star - Contemporary Swivel Chair with Padded Adjustable Arms and Flex Back,USD,338.35,3,4.23
Not_Applicable,CA-2012-159380,2012-05-12 00:00:00,2012-05-16 00:00:00,On time,CindyStewart,United States,San Francisco,California,Paper,Xerox 1962,USD,12.84,3,5.78
Not_Applicable,CA-2014-138310,2014-06-27 00:00:00,2014-07-01 00:00:00,On time,NoraPreis,United States,Denver,Colorado,Accessories,Kensington Orbit Wireless Mobile Trackball for PC and Mac,USD,431.93,9,64.79
Not_Applicable,CA-2013-140207,2013-11-06 00:00:00,2013-11-11 00:00:00,Delay,ChristopherSchild,United States,San Jose,California,Binders,Cardinal Holdit Data Disk Pockets,USD,29.12,5,9.83
Not_Applicable,CA-2011-105270,2011-11-11 00:00:00,2011-11-18 00:00:00,Delay,ArthurPrichep,United States,Los Angeles,California,Chairs,Hon Olson Stacker Stools,USD,112.65,1,11.26
Not_Applicable,CA-2014-163405,2014-12-22 00:00:00,2014-12-26 00:00:00,On time,BradleyNguyen,United States,Los Angeles,California,Art,Newell 327,USD,6.63,3,1.79
Not_Applicable,CA-2013-165330,2013-12-12 00:00:00,2013-12-12 00:00:00,On time,WilliamBrown,United States,Anaheim,California,Art,Boston 16765 Mini Stand Up Battery Pencil Sharpener,USD,23.32,2,6.06
Not_Applicable,CA-2014-122007,2014-03-19 00:00:00,2014-03-21 00:00:00,On time,JasonKlamczynski,United States,Los Angeles,California,Appliances,Fellowes Basic Home/Office Series Surge Protectors,USD,90.86,7,26.35
Not_Applicable,CA-2011-166961,2011-12-27 00:00:00,2011-12-31 00:00:00,On time,CynthiaDelaney,United States,Moreno Valley,California,Appliances,Staples,USD,10.98,1,2.96
Not_Applicable,CA-2011-118962,2011-08-05 00:00:00,2011-08-09 00:00:00,On time,ChadSievert,United States,Los Angeles,California,Chairs,"Global Value Steno Chair, Gray",USD,340.14,7,21.26
Not_Applicable,CA-2014-137085,2014-06-30 00:00:00,2014-07-07 00:00:00,Delay,CarolTriggs,United States,Los Angeles,California,Binders,Satellite Sectional Post Binders,USD,312.55,9,101.58
Not_Applicable,CA-2014-166926,2014-12-02 00:00:00,2014-12-09 00:00:00,Delay,SeanO'Donnell,United States,Seattle,Washington,Bookcases,"Hon Metal Bookcases, Putty",USD,141.96,2,41.17
Not_Applicable,US-2013-158680,2013-07-02 00:00:00,2013-07-03 00:00:00,On time,NickZandusky,United States,Seattle,Washington,Binders,Zipper Ring Binder Pockets,USD,2.5,1,0.9
Not_Applicable,US-2014-153948,2014-11-07 00:00:00,2014-11-07 00:00:00,On time,FrankMerwin,United States,San Francisco,California,Paper,Xerox 191,USD,59.94,3,28.17
Not_Applicable,CA-2011-156587,2011-03-07 00:00:00,2011-03-08 00:00:00,On time,AaronBergman,United States,Seattle,Washington,Storage,"Carina 42""Hx23 3/4""W Media Storage Unit",USD,242.94,3,4.86
Not_Applicable,CA-2011-105249,2011-11-28 00:00:00,2011-11-28 00:00:00,On time,DuaneHuffman,United States,San Francisco,California,Labels,Avery 489,USD,41.4,4,19.87
Not_Applicable,CA-2011-108189,2011-10-02 00:00:00,2011-10-05 00:00:00,On time,ErinSmith,United States,Tempe,Arizona,Phones,Pyle PMP37LED,USD,230.38,3,20.16
Not_Applicable,CA-2014-157273,2014-01-31 00:00:00,2014-02-03 00:00:00,On time,SamZeldin,United States,Seattle,Washington,Phones,Mitel 5320 IP Phone VoIP phone,USD,604.77,4,60.48
Not_Applicable,CA-2011-164469,2011-06-25 00:00:00,2011-06-27 00:00:00,On time,GraceKelly,United States,Salem,Oregon,Art,"Avery Hi-Liter EverBold Pen Style Fluorescent Highlighters, 4/Pack",USD,71.63,11,17.91
Not_Applicable,CA-2014-145429,2014-07-22 00:00:00,2014-07-26 00:00:00,On time,ShaunWeien,United States,San Diego,California,Binders,GBC Premium Transparent Covers with Diagonal Lined Pattern,USD,50.35,3,17.62
Not_Applicable,CA-2014-158736,2014-12-19 00:00:00,2014-12-25 00:00:00,Delay,TonjaTurnell,United States,San Francisco,California,Art,Newell 335,USD,5.76,2,1.67
Not_Applicable,CA-2012-165057,2012-09-11 00:00:00,2012-09-15 00:00:00,On time,StevenCartwright,United States,Redlands,California,Art,Boston 19500 Mighty Mite Electric Pencil Sharpener,USD,181.35,9,48.96
Not_Applicable,CA-2012-124919,2012-05-31 00:00:00,2012-06-02 00:00:00,On time,StephaniePhelps,United States,San Jose,California,Storage,"Tenex Personal Project File with Scoop Front Design, Black",USD,80.88,6,21.03
Not_Applicable,CA-2013-116722,2013-11-12 00:00:00,2013-11-17 00:00:00,Delay,LizPelletier,United States,San Francisco,California,Chairs,Hon Every-Day Series Multi-Task Chairs,USD,451.15,3,0.0
Not_Applicable,CA-2013-136686,2013-12-13 00:00:00,2013-12-17 00:00:00,On time,RoyFranzösisch,United States,Pasadena,California,Furnishings,"Howard Miller 14-1/2"" Diameter Chrome Round Wall Clock",USD,383.64,6,122.76
Not_Applicable,CA-2014-143686,2014-05-15 00:00:00,2014-05-15 00:00:00,On time,PaulineJohnson,United States,Santa Ana,California,Furnishings,"Eldon Stackable Tray, Side-Load, Legal, Smoke",USD,18.28,2,6.22
Not_Applicable,CA-2014-108560,2014-07-09 00:00:00,2014-07-16 00:00:00,Delay,JennaCaffey,United States,Kent,Washington,Accessories,Micro Innovations USB RF Wireless Keyboard with Mouse,USD,50.0,2,10.5
Not_Applicable,US-2014-117534,2014-03-26 00:00:00,2014-03-27 00:00:00,On time,ChristinaVanderZanden,United States,Fresno,California,Art,Staples,USD,16.02,9,4.49
Not_Applicable,CA-2012-144890,2012-12-25 00:00:00,2012-12-29 00:00:00,On time,SeanMiller,United States,Los Angeles,California,Paper,Xerox 1949,USD,9.96,2,4.88
Not_Applicable,CA-2013-160745,2013-12-12 00:00:00,2013-12-17 00:00:00,Delay,AnthonyRawles,United States,Vancouver,Washington,Furnishings,3M Hangers With Command Adhesive,USD,14.8,4,6.07
Not_Applicable,CA-2014-147942,2014-04-02 00:00:00,2014-04-06 00:00:00,On time,MaribethSchnelling,United States,San Francisco,California,Labels,Avery 498,USD,5.78,2,2.72
Not_Applicable,CA-2014-168179,2014-11-03 00:00:00,2014-11-08 00:00:00,Delay,JoyBell-,United States,Salt Lake City,Utah,Paper,Xerox 220,USD,19.44,3,9.33
Not_Applicable,TRN-2026-1046,2026-03-15 00:00:00,2026-03-17 00:00:00,On time,Trainer_Account,United States,Boston,Massachusetts,Office Products,"Post-it Super Sticky Notes, 3 in x 3 in",USD,36.56,3,6.71
Not_Applicable,CA-2014-122945,2014-11-17 00:00:00,2014-11-23 00:00:00,Delay,MickBrown,United States,Roseville,California,Furnishings,DAX Cubicle Frames - 8x10,USD,17.31,3,5.19
Not_Applicable,CA-2013-147137,2013-07-05 00:00:00,2013-07-07 00:00:00,On time,AnnaAndreadi,United States,San Francisco,California,Furnishings,"Master Caster Door Stop, Brown",USD,25.4,5,8.64
Not_Applicable,CA-2013-152940,2013-11-11 00:00:00,2013-11-14 00:00:00,On time,RoseO'Brian,United States,San Francisco,California,Storage,Acco Perma 2700 Stacking Storage Drawers,USD,29.74,1,4.46
Not_Applicable,CA-2014-130764,2014-10-28 00:00:00,2014-10-29 00:00:00,On time,JackO'Briant,United States,San Francisco,California,Phones,Jackery Bar Premium Fast-charging Portable Charger,USD,95.84,4,34.74
Not_Applicable,CA-2011-114125,2011-07-09 00:00:00,2011-07-13 00:00:00,On time,GaryHansen,United States,Los Angeles,California,Labels,Avery 49,USD,2.88,1,1.41
Not_Applicable,CA-2013-112578,2013-12-30 00:00:00,2014-01-03 00:00:00,On time,FrankOlsen,United States,Sacramento,California,Storage,Project Tote Personal File,USD,14.03,1,4.07
Not_Applicable,CA-2011-160066,2011-11-16 00:00:00,2011-11-22 00:00:00,Delay,AdamHart,United States,Huntington Beach,California,Labels,Permanent Self-Adhesive File Folder Labels for Typewriters by Universal,USD,5.22,2,2.4
Not_Applicable,CA-2012-162544,2012-12-16 00:00:00,2012-12-19 00:00:00,On time,SandraGlassco,United States,Seattle,Washington,Paper,Xerox 190,USD,4.98,1,2.34
Not_Applicable,CA-2014-159688,2014-05-08 00:00:00,2014-05-13 00:00:00,Delay,AdamBellavance,United States,Los Angeles,California,Accessories,Logitech G600 MMO Gaming Mouse,USD,79.99,1,28.8
Not_Applicable,CA-2011-128622,2011-11-15 00:00:00,2011-11-17 00:00:00,On time,ScottCohen,United States,San Francisco,California,Supplies,Acme Value Line Scissors,USD,10.95,3,3.29
Not_Applicable,CA-2013-107202,2013-05-22 00:00:00,2013-05-29 00:00:00,Delay,LindaCazamias,United States,Sparks,Nevada,Machines,Panasonic KX MB2061 Multifunction Printer,USD,2396.4,10,179.73
Not_Applicable,CA-2011-138240,2011-10-09 00:00:00,2011-10-14 00:00:00,Delay,ShirleyJackson,United States,San Francisco,California,Art,Boston Heavy-Duty Trimline Electric Pencil Sharpeners,USD,144.6,3,41.93
Not_Applicable,US-2014-130687,2014-09-08 00:00:00,2014-09-11 00:00:00,On time,PhillipFlathmann,United States,Edmonds,Washington,Furnishings,DAX Two-Tone Silver Metal Document Frame,USD,80.96,4,34.81
Not_Applicable,US-2012-131359,2012-10-30 00:00:00,2012-11-02 00:00:00,On time,FrankAtkinson,United States,Denver,Colorado,Furnishings,"Eldon Regeneration Recycled Desk Accessories, Black",USD,15.49,4,3.68
Not_Applicable,CA-2013-106278,2013-09-03 00:00:00,2013-09-06 00:00:00,On time,BeckyMartin,United States,Des Moines,Washington,Chairs,"Global Leather Task Chair, Black",USD,215.98,3,-2.7
Not_Applicable,CA-2012-115511,2012-11-21 00:00:00,2012-11-25 00:00:00,On time,NatalieWebber,United States,Las Vegas,Nevada,Binders,"Square Ring Data Binders, Rigid 75 Pt. Covers, 11"" x 14-7/8""",USD,66.05,4,23.12
Not_Applicable,TRN-2026-1015,2026-03-15 00:00:00,2026-03-17 00:00:00,On time,Trainer_Account,United States,Boston,Massachusetts,Electronics,"Anker Portable Charger, 325 Power Bank",USD,59.96,1,1.94
Not_Applicable,CA-2013-136301,2013-03-14 00:00:00,2013-03-16 00:00:00,On time,EdwardHooks,United States,San Francisco,California,Furnishings,"Westinghouse Mesh Shade Clip-On Gooseneck Lamp, Black",USD,28.28,2,7.35
Not_Applicable,CA-2012-154970,2012-01-05 00:00:00,2012-01-10 00:00:00,Delay,StevenRoelle,United States,Seattle,Washington,Chairs,Global Deluxe Steno Chair,USD,61.58,1,-6.93
Not_Applicable,CA-2013-126732,2013-09-03 00:00:00,2013-09-07 00:00:00,On time,LenaRadford,United States,Los Angeles,California,Storage,Akro Stacking Bins,USD,23.67,3,0.95
Not_Applicable,CA-2011-162992,2011-12-19 00:00:00,2011-12-21 00:00:00,On time,BartPistole,United States,Los Angeles,California,Labels,Avery 516,USD,14.62,2,6.87
Not_Applicable,CA-2012-162607,2012-05-12 00:00:00,2012-05-18 00:00:00,Delay,RoseO'Brian,United States,Seattle,Washington,Binders,Prestige Round Ring Binders,USD,14.59,3,4.92
Not_Applicable,CA-2011-124079,2011-12-13 00:00:00,2011-12-17 00:00:00,On time,RandyFerguson,United States,Phoenix,Arizona,Binders,"Cardinal Slant-D Ring Binder, Heavy Gauge Vinyl",USD,5.21,2,-4.17
Not_Applicable,CA-2012-163895,2012-08-07 00:00:00,2012-08-11 00:00:00,On time,NoelStaavos,United States,Boise,Idaho,Binders,"ACCOHIDE 3-Ring Binder, Blue, 1""",USD,3.3,1,1.12
Not_Applicable,CA-2013-148096,2013-08-17 00:00:00,2013-08-20 00:00:00,On time,AnthonyO'Donnell,United States,Los Angeles,California,Tables,"Barricks 18"" x 48"" Non-Folding Utility Table with Bottom Storage Shelf",USD,161.28,2,12.1
Not_Applicable,CA-2013-148516,2013-08-08 00:00:00,2013-08-12 00:00:00,On time,DorothyWardle,United States,Edmonds,Washington,Accessories,Logitech Illuminated - Keyboard,USD,179.97,3,86.39
Not_Applicable,CA-2011-117464,2011-07-22 00:00:00,2011-07-24 00:00:00,On time,NaresjPatel,United States,San Francisco,California,Storage,Eldon Mobile Mega Data Cart  Mega Stackable  Add-On Trays,USD,236.5,10,68.59
Not_Applicable,CA-2014-102379,2014-12-03 00:00:00,2014-12-07 00:00:00,On time,BrendaBowman,United States,Oakland,California,Phones,Anker Astro 15000mAh USB Portable Charger,USD,39.99,1,-8.0
Not_Applicable,CA-2011-129364,2011-12-08 00:00:00,2011-12-13 00:00:00,Delay,TimBrockman,United States,Salem,Oregon,Phones,Samsung HM1900 Bluetooth Headset,USD,52.68,3,19.76
Not_Applicable,CA-2013-139010,2013-02-21 00:00:00,2013-02-26 00:00:00,Delay,MatthewClasen,United States,Los Angeles,California,Storage,Fellowes Officeware Wire Shelving,USD,449.15,5,8.98
Not_Applicable,US-2011-164406,2011-08-15 00:00:00,2011-08-19 00:00:00,On time,BrianDahlen,United States,San Francisco,California,Paper,Xerox 1925,USD,92.94,3,41.82
Not_Applicable,CA-2012-113215,2012-09-03 00:00:00,2012-09-08 00:00:00,Delay,CathyPrescott,United States,Tucson,Arizona,Furnishings,"GE 48"" Fluorescent Tube, Cool White Energy Saver, 34 Watts, 30/Box",USD,238.15,3,89.31
Not_Applicable,CA-2013-145919,2013-12-19 00:00:00,2013-12-24 00:00:00,Delay,HenryGoldwyn,United States,Los Angeles,California,Supplies,Premier Electric Letter Opener,USD,579.3,5,28.97
Not_Applicable,CA-2012-109197,2012-12-31 00:00:00,2013-01-04 00:00:00,On time,JasO'Carroll,United States,Missoula,Montana,Binders,Ibico Hi-Tech Manual Binding System,USD,487.98,2,152.5
Not_Applicable,CA-2014-134915,2014-11-13 00:00:00,2014-11-13 00:00:00,On time,EugeneMoren,United States,Glendale,Arizona,Phones,Samsung Galaxy Mega 6.3,USD,671.98,2,50.4
Not_Applicable,CA-2014-103380,2014-11-22 00:00:00,2014-11-26 00:00:00,On time,BarryFranz,United States,Pasadena,California,Art,Newell 344,USD,5.56,2,1.45
Not_Applicable,CA-2012-124800,2012-09-26 00:00:00,2012-09-30 00:00:00,On time,RickWilson,United States,Mesa,Arizona,Storage,2300 Heavy-Duty Transfer File Systems by Perma,USD,119.9,6,-1.5
Not_Applicable,CA-2014-147452,2014-10-01 00:00:00,2014-10-04 00:00:00,On time,CariSayre,United States,Seattle,Washington,Paper,"Adams Telephone Message Book W/Dividers/Space For Phone Numbers, 5 1/4""X8 1/2"", 300/Messages",USD,11.76,2,5.76
Not_Applicable,CA-2012-112571,2012-09-22 00:00:00,2012-09-22 00:00:00,On time,DanielLacy,United States,Oceanside,California,Furnishings,Luxo Professional Combination Clamp-On Lamps,USD,204.6,2,53.2
Not_Applicable,CA-2011-134677,2011-10-06 00:00:00,2011-10-10 00:00:00,On time,XylonaPreis,United States,San Diego,California,Accessories,Imation USB 2.0 Swivel Flash Drive USB flash drive - 4 GB - Pink,USD,9.09,3,1.91
Not_Applicable,CA-2014-132521,2014-09-24 00:00:00,2014-09-26 00:00:00,On time,DonWeiss,United States,Seattle,Washington,Appliances,Belkin 8 Outlet SurgeMaster II Gold Surge Protector,USD,119.96,2,33.59
Not_Applicable,CA-2011-119144,2011-11-16 00:00:00,2011-11-18 00:00:00,On time,JustinDeggeller,United States,Los Angeles,California,Storage,Space Solutions HD Industrial Steel Shelving.,USD,344.91,3,10.35
Not_Applicable,CA-2013-165330,2013-12-12 00:00:00,2013-12-12 00:00:00,On time,WilliamBrown,United States,Anaheim,California,Appliances,Fellowes 8 Outlet Superior Workstation Surge Protector,USD,83.42,2,24.19
Not_Applicable,CA-2011-129364,2011-12-08 00:00:00,2011-12-13 00:00:00,Delay,TimBrockman,United States,Salem,Oregon,Accessories,SanDisk Ultra 16 GB MicroSDHC Class 10 Memory Card,USD,103.92,10,-18.19
Not_Applicable,US-2014-163790,2014-11-03 00:00:00,2014-11-05 00:00:00,On time,NancyLomonaco,United States,Danville,California,Furnishings,Document Clip Frames,USD,25.02,3,10.51
Not_Applicable,CA-2011-115812,2011-06-09 00:00:00,2011-06-14 00:00:00,Delay,BrosinaHoffman,United States,Los Angeles,California,Art,Newell 322,USD,7.28,4,1.97
Not_Applicable,CA-2014-108539,2014-03-22 00:00:00,2014-03-24 00:00:00,On time,StevenCartwright,United States,Los Angeles,California,Binders,Pressboard Data Binders by Wilson Jones,USD,8.54,2,2.88
Not_Applicable,CA-2011-116932,2011-07-21 00:00:00,2011-07-25 00:00:00,On time,MichelleEllison,United States,San Francisco,California,Tables,"Hon 30"" x 60"" Table with Locking Drawer",USD,272.85,1,27.28
Not_Applicable,CA-2013-136994,2013-05-28 00:00:00,2013-06-03 00:00:00,Delay,LynnSmith,United States,Los Angeles,California,Paper,"Wirebound Message Books, Four 2 3/4 x 5 White Forms per Page",USD,13.38,2,6.15
Not_Applicable,CA-2013-144855,2013-07-23 00:00:00,2013-07-25 00:00:00,On time,DionisLloyd,United States,San Francisco,California,Labels,Self-Adhesive Removable Labels,USD,6.3,2,3.02
Not_Applicable,US-2011-154879,2011-05-06 00:00:00,2011-05-11 00:00:00,Delay,SteveNguyen,United States,Los Angeles,California,Art,Model L Table or Wall-Mount Pencil Sharpener,USD,107.94,6,30.22
Not_Applicable,CA-2012-111206,2012-07-18 00:00:00,2012-07-22 00:00:00,On time,RolandFjeld,United States,San Diego,California,Accessories,Logitech G35 7.1-Channel Surround Sound Headset,USD,519.96,4,176.79
Not_Applicable,CA-2014-166415,2014-02-20 00:00:00,2014-02-24 00:00:00,On time,MaxEngle,United States,Seattle,Washington,Fasteners,Rubber Band Ball,USD,11.22,3,0.22
Not_Applicable,CA-2013-161669,2013-11-08 00:00:00,2013-11-10 00:00:00,On time,EudokiaMartin,United States,Los Angeles,California,Labels,Avery 486,USD,14.62,2,6.87
Not_Applicable,CA-2011-168494,2011-12-12 00:00:00,2011-12-14 00:00:00,On time,NoraPreis,United States,Fresno,California,Tables,Bretford Rectangular Conference Table Tops,USD,3610.85,12,135.41
Not_Applicable,CA-2012-149083,2012-09-25 00:00:00,2012-09-30 00:00:00,Delay,SallyHughsby,United States,Seattle,Washington,Labels,"Permanent Self-Adhesive File Folder Labels for Typewriters, 1 1/8 x 3 1/2, White",USD,12.6,2,5.8
Not_Applicable,CA-2014-105487,2014-10-09 00:00:00,2014-10-15 00:00:00,Delay,ChrisSelesnick,United States,San Diego,California,Phones,Digium D40 VoIP phone,USD,103.19,1,11.61
Not_Applicable,CA-2014-168396,2014-08-04 00:00:00,2014-08-09 00:00:00,Delay,BruceDegenhardt,United States,San Francisco,California,Labels,Avery 473,USD,51.75,5,24.84
Not_Applicable,CA-2012-143602,2012-04-25 00:00:00,2012-04-28 00:00:00,On time,JillStevenson,United States,Los Angeles,California,Binders,Fellowes Black Plastic Comb Bindings,USD,13.94,3,4.53
Not_Applicable,CA-2013-106383,2013-03-20 00:00:00,2013-03-22 00:00:00,On time,BobbyTrafton,United States,Littleton,Colorado,Bookcases,"Atlantic Metals Mobile 2-Shelf Bookcases, Custom Colors",USD,72.29,1,-98.8
Not_Applicable,TRN-2026-1020,2026-03-15 00:00:00,2026-03-17 00:00:00,On time,Trainer_Account,United States,Boston,Massachusetts,Health & Household,"Medline Curad Alcohol Swabs, 200 Count",USD,82.54,3,16.82
Not_Applicable,CA-2014-129567,2014-03-18 00:00:00,2014-03-22 00:00:00,On time,ClayLudtke,United States,Lancaster,California,Binders,Heavy-Duty E-Z-D Binders,USD,17.46,2,5.89
Not_Applicable,US-2014-104451,2014-05-09 00:00:00,2014-05-13 00:00:00,On time,MichelleMoray,United States,San Francisco,California,Appliances,Fellowes Mighty 8 Compact Surge Protector,USD,81.08,4,22.7
Not_Applicable,CA-2011-107181,2011-02-05 00:00:00,2011-02-09 00:00:00,On time,DeborahBrumfield,United States,San Diego,California,Binders,GBC Recycled Grain Textured Covers,USD,82.9,3,29.01
Not_Applicable,CA-2013-118332,2013-12-17 00:00:00,2013-12-24 00:00:00,Delay,PeteKriz,United States,Apple Valley,California,Chairs,Office Star - Contemporary Swivel Chair with Padded Adjustable Arms and Flex Back,USD,563.92,5,7.05
Not_Applicable,US-2013-139087,2013-07-18 00:00:00,2013-07-23 00:00:00,Delay,DennisKane,United States,Seattle,Washington,Storage,Home/Office Personal File Carts,USD,69.52,2,17.38
Not_Applicable,CA-2012-147788,2012-05-31 00:00:00,2012-06-04 00:00:00,On time,TamaraManning,United States,Orem,Utah,Bookcases,O'Sullivan Living Dimensions 3-Shelf Bookcases,USD,1406.86,7,140.69
Not_Applicable,US-2014-107888,2014-11-17 00:00:00,2014-11-20 00:00:00,On time,ChrisCortes,United States,Seattle,Washington,Phones,Plantronics Encore H101 Dual Earpieces Headset,USD,107.88,3,10.79
Not_Applicable,CA-2014-149944,2014-11-13 00:00:00,2014-11-17 00:00:00,On time,MariaBertelson,United States,Longview,Washington,Fasteners,Staples,USD,18.24,3,9.12
Not_Applicable,CA-2014-137624,2014-11-11 00:00:00,2014-11-18 00:00:00,Delay,MariaEtezadi,United States,Los Angeles,California,Chairs,"Global Leather & Oak Executive Chair, Burgundy",USD,241.42,2,-36.21
Not_Applicable,CA-2012-127824,2012-10-18 00:00:00,2012-10-22 00:00:00,On time,JohnCastell,United States,Seattle,Washington,Phones,Motorola L703CM,USD,249.58,2,15.6
Not_Applicable,CA-2014-121258,2014-02-27 00:00:00,2014-03-04 00:00:00,Delay,DaveBrooks,United States,Costa Mesa,California,Phones,Aastra 57i VoIP phone,USD,258.58,2,19.39
Not_Applicable,CA-2011-129364,2011-12-08 00:00:00,2011-12-13 00:00:00,Delay,TimBrockman,United States,Salem,Oregon,Supplies,Acco Side-Punched Conventional Columnar Pads,USD,13.88,5,-2.6
Not_Applicable,CA-2011-168158,2011-07-19 00:00:00,2011-07-24 00:00:00,Delay,EugeneMoren,United States,Great Falls,Montana,Binders,"Acco Pressboard Covers with Storage Hooks, 14 7/8"" x 11"", Dark Blue",USD,6.1,2,2.21
Not_Applicable,CA-2013-123337,2013-09-17 00:00:00,2013-09-23 00:00:00,Delay,KeithDawkins,United States,San Jose,California,Bookcases,"Sauder Forest Hills Library with Doors, Woodland Oak Finish",USD,273.67,2,-12.88
Not_Applicable,CA-2014-105809,2014-02-21 00:00:00,2014-02-24 00:00:00,On time,HelenWasserman,United States,San Diego,California,Phones,Logitech Mobile Speakerphone P710e - speaker phone,USD,215.97,2,18.9
Not_Applicable,US-2012-103471,2012-12-24 00:00:00,2012-12-28 00:00:00,On time,JimRadford,United States,Colorado Springs,Colorado,Bookcases,"Atlantic Metals Mobile 4-Shelf Bookcases, Custom Colors",USD,590.06,7,-786.74
Not_Applicable,CA-2014-168837,2014-10-15 00:00:00,2014-10-18 00:00:00,On time,JoniWasserman,United States,Oakland,California,Furnishings,C-Line Cubicle Keepers Polyproplyene Holder With Velcro Backings,USD,9.46,2,3.69
Not_Applicable,CA-2014-161956,2014-08-28 00:00:00,2014-08-30 00:00:00,On time,DanReichenbach,United States,Inglewood,California,Binders,GBC DocuBind 300 Electric Binding Machine,USD,841.57,2,294.55
Not_Applicable,CA-2013-155187,2013-09-25 00:00:00,2013-09-27 00:00:00,On time,LauraArmstrong,United States,Los Angeles,California,Storage,"Tennsco Lockers, Gray",USD,41.96,2,2.94
Not_Applicable,CA-2012-133025,2012-09-17 00:00:00,2012-09-19 00:00:00,On time,MegO'Connel,United States,Los Angeles,California,Paper,Xerox 216,USD,32.4,5,15.55
Not_Applicable,CA-2011-111871,2011-03-18 00:00:00,2011-03-21 00:00:00,On time,EileenKiefer,United States,San Francisco,California,Bookcases,"Bush Heritage Pine Collection 5-Shelf Bookcase, Albany Pine Finish, *Special Order",USD,1198.33,10,70.49
Not_Applicable,CA-2012-159380,2012-05-12 00:00:00,2012-05-16 00:00:00,On time,CindyStewart,United States,San Francisco,California,Paper,Xerox 1953,USD,25.68,6,11.56
Not_Applicable,CA-2014-118542,2014-12-02 00:00:00,2014-12-06 00:00:00,On time,ClayCheatham,United States,Los Angeles,California,Binders,"Cardinal HOLDit! Binder Insert Strips,Extra Strips",USD,10.13,2,3.67
Not_Applicable,US-2014-163790,2014-11-03 00:00:00,2014-11-05 00:00:00,On time,NancyLomonaco,United States,Danville,California,Art,Nontoxic Chalk,USD,8.8,5,4.22
Not_Applicable,US-2013-125402,2013-09-26 00:00:00,2013-10-02 00:00:00,Delay,DanLawera,United States,Long Beach,California,Labels,Avery 513,USD,4.98,1,2.29
Not_Applicable,CA-2013-121755,2013-01-16 00:00:00,2013-01-20 00:00:00,On time,EricHoffmann,United States,Los Angeles,California,Accessories,Imation 8GB Mini TravelDrive USB 2.0 Flash Drive,USD,90.57,3,11.77
Not_Applicable,CA-2011-133830,2011-12-05 00:00:00,2011-12-10 00:00:00,Delay,RobLucas,United States,Los Angeles,California,Paper,Xerox 1933,USD,49.12,4,23.09
Not_Applicable,CA-2012-102036,2012-09-21 00:00:00,2012-09-27 00:00:00,Delay,ChadSievert,United States,Seattle,Washington,Storage,Fellowes Bases and Tops For Staxonsteel/High-Stak Systems,USD,199.74,6,47.94
Not_Applicable,US-2011-138247,2011-12-24 00:00:00,2011-12-29 00:00:00,Delay,BenFerrer,United States,Los Angeles,California,Phones,Cisco Unified IP Phone 7945G VoIP phone,USD,818.38,3,51.15
Not_Applicable,US-2012-107944,2012-03-23 00:00:00,2012-03-25 00:00:00,On time,AliceMcCarthy,United States,Los Angeles,California,Accessories,Logitech G600 MMO Gaming Mouse,USD,239.97,3,86.39
Not_Applicable,CA-2014-149559,2014-09-12 00:00:00,2014-09-13 00:00:00,On time,KarenFerguson,United States,Long Beach,California,Paper,Xerox 1996,USD,12.96,2,6.22
Not_Applicable,CA-2013-165330,2013-12-12 00:00:00,2013-12-12 00:00:00,On time,WilliamBrown,United States,Anaheim,California,Chairs,"Global Wood Trimmed Manager's Task Chair, Khaki",USD,363.92,5,-31.84
Not_Applicable,CA-2014-167661,2014-10-06 00:00:00,2014-10-11 00:00:00,Delay,MikePelletier,United States,San Francisco,California,Binders,"Avery Framed View Binder, EZD Ring (Locking), Navy, 1 1/2""",USD,39.92,5,13.47
Not_Applicable,CA-2014-124716,2014-03-28 00:00:00,2014-04-01 00:00:00,On time,BrendanDodson,United States,Fresno,California,Paper,Unpadded Memo Slips,USD,11.94,3,5.97
Not_Applicable,CA-2011-113320,2011-12-12 00:00:00,2011-12-15 00:00:00,On time,LoganHaushalter,United States,Oakland,California,Furnishings,"Eldon Image Series Desk Accessories, Burgundy",USD,12.54,3,4.51
Not_Applicable,US-2014-125808,2014-11-13 00:00:00,2014-11-16 00:00:00,On time,EmilyPhan,United States,Los Angeles,California,Paper,Xerox 1899,USD,11.56,2,5.66
Not_Applicable,CA-2013-114727,2013-07-19 00:00:00,2013-07-25 00:00:00,Delay,LindaSouthworth,United States,Denver,Colorado,Binders,Round Ring Binders,USD,1.87,3,-1.44
Not_Applicable,CA-2014-149559,2014-09-12 00:00:00,2014-09-13 00:00:00,On time,KarenFerguson,United States,Long Beach,California,Envelopes,#10 Self-Seal White Envelopes,USD,22.18,2,10.87
Not_Applicable,CA-2014-156951,2014-10-02 00:00:00,2014-10-09 00:00:00,Delay,EllisBallard,United States,Seattle,Washington,Binders,"GBC White Gloss Covers, Plain Front",USD,81.09,7,27.37
Not_Applicable,US-2014-148054,2014-10-07 00:00:00,2014-10-12 00:00:00,Delay,NickZandusky,United States,Meridian,Idaho,Furnishings,36X48 HARDFLOOR CHAIRMAT,USD,41.96,2,2.94
Not_Applicable,CA-2011-125759,2011-02-09 00:00:00,2011-02-10 00:00:00,On time,NathanMautz,United States,North Las Vegas,Nevada,Furnishings,"Master Caster Door Stop, Large Brown",USD,14.56,2,5.53
Not_Applicable,CA-2014-161956,2014-08-28 00:00:00,2014-08-30 00:00:00,On time,DanReichenbach,United States,Inglewood,California,Storage,Sensible Storage WireTech Storage Systems,USD,354.9,5,17.75
Not_Applicable,US-2014-120117,2014-03-31 00:00:00,2014-03-31 00:00:00,On time,TomBoeckenhauer,United States,Los Angeles,California,Phones,AT&T CL83451 4-Handset Telephone,USD,164.79,1,18.54
Not_Applicable,CA-2014-143378,2014-09-20 00:00:00,2014-09-26 00:00:00,Delay,JustinRitter,United States,Springfield,Oregon,Furnishings,"Howard Miller 14-1/2"" Diameter Chrome Round Wall Clock",USD,409.22,8,61.38
Not_Applicable,CA-2012-168767,2012-04-10 00:00:00,2012-04-15 00:00:00,Delay,DarioMedina,United States,Sacramento,California,Binders,Insertable Tab Post Binder Dividers,USD,12.83,2,4.33
Not_Applicable,TRN-2026-1028,2026-03-15 00:00:00,2026-03-17 00:00:00,On time,Trainer_Account,United States,Boston,Massachusetts,Grocery,"Kind Bars, Dark Chocolate Nuts & Sea Salt, 12 Count",USD,21.97,3,16.13
Not_Applicable,CA-2012-149713,2012-09-18 00:00:00,2012-09-22 00:00:00,On time,TrudyGlocke,United States,Long Beach,California,Paper,Rediform S.O.S. Phone Message Books,USD,19.92,4,9.76
Not_Applicable,CA-2012-113110,2012-03-19 00:00:00,2012-03-23 00:00:00,On time,BerenikeKampe,United States,San Bernardino,California,Paper,"Wirebound Message Books, 5-1/2 x 4 Forms, 2 or 4 Forms per Page",USD,40.14,6,19.67
Not_Applicable,US-2014-153948,2014-11-07 00:00:00,2014-11-07 00:00:00,On time,FrankMerwin,United States,San Francisco,California,Labels,Avery 503,USD,41.4,4,19.87
Not_Applicable,US-2012-131359,2012-10-30 00:00:00,2012-11-02 00:00:00,On time,FrankAtkinson,United States,Denver,Colorado,Phones,OtterBox Commuter Series Case - iPhone 5 & 5s,USD,87.96,5,30.79
Not_Applicable,CA-2014-166198,2014-04-22 00:00:00,2014-04-25 00:00:00,On time,JoniWasserman,United States,Seattle,Washington,Furnishings,Eldon Advantage Foldable Chair Mats for Low Pile Carpets,USD,162.6,3,34.15
Not_Applicable,CA-2013-146325,2013-12-15 00:00:00,2013-12-18 00:00:00,On time,DavidSmith,United States,San Diego,California,Storage,"Tenex Personal Project File with Scoop Front Design, Black",USD,134.8,10,35.05
Not_Applicable,US-2014-123862,2014-01-08 00:00:00,2014-01-10 00:00:00,On time,JamieFrazer,United States,Long Beach,California,Storage,Tennsco Commercial Shelving,USD,61.02,3,0.61
Not_Applicable,CA-2014-166128,2014-04-12 00:00:00,2014-04-19 00:00:00,Delay,LukeWeiss,United States,Pasadena,California,Accessories,SanDisk Ultra 64 GB MicroSDHC Class 10 Memory Card,USD,199.95,5,21.99
Not_Applicable,CA-2013-120005,2013-03-04 00:00:00,2013-03-04 00:00:00,On time,TheresaSwint,United States,San Francisco,California,Supplies,"Elite 5"" Scissors",USD,25.35,3,7.61
Not_Applicable,CA-2012-130456,2012-08-21 00:00:00,2012-08-26 00:00:00,Delay,DavidSmith,United States,San Francisco,California,Storage,Carina Double Wide Media Storage Towers in Natural & Black,USD,80.98,1,3.24
Not_Applicable,CA-2011-121664,2011-05-06 00:00:00,2011-05-10 00:00:00,On time,HaroldPawlan,United States,Los Angeles,California,Binders,Wilson Jones Legal Size Ring Binders,USD,140.74,8,52.78
Not_Applicable,CA-2014-106859,2014-03-14 00:00:00,2014-03-19 00:00:00,Delay,BenjaminFarhat,United States,Albuquerque,New Mexico,Accessories,Logitech Wireless Headset H600 Over-The-Head Design,USD,214.95,5,88.13
Not_Applicable,US-2013-169040,2013-12-07 00:00:00,2013-12-13 00:00:00,Delay,GregTran,United States,Seattle,Washington,Paper,Xerox 1880,USD,248.08,7,116.6
Not_Applicable,CA-2014-100013,2014-11-07 00:00:00,2014-11-12 00:00:00,Delay,ZuschussCarroll,United States,Los Angeles,California,Art,SANFORD Liquid Accent Tank-Style Highlighters,USD,5.68,2,1.76
Not_Applicable,CA-2014-135937,2014-02-21 00:00:00,2014-02-28 00:00:00,Delay,KatherineMurray,United States,Gilbert,Arizona,Tables,KI Adjustable-Height Table,USD,386.91,9,-185.72
Not_Applicable,US-2014-151127,2014-05-23 00:00:00,2014-05-26 00:00:00,On time,RobLucas,United States,Los Angeles,California,Art,SANFORD Major Accent Highlighters,USD,49.56,7,18.83
Not_Applicable,CA-2014-121538,2014-11-29 00:00:00,2014-12-02 00:00:00,On time,RickHansen,United States,Denver,Colorado,Paper,"Eaton Premium Continuous-Feed Paper, 25% Cotton, Letter Size, White, 1000 Shts/Box",USD,88.77,2,31.07
Not_Applicable,US-2013-157490,2013-10-07 00:00:00,2013-10-08 00:00:00,On time,LaurelBeltran,United States,Pueblo,Colorado,Binders,Recycled Easel Ring Binders,USD,17.9,4,-14.92
Not_Applicable,CA-2014-142622,2014-10-31 00:00:00,2014-11-03 00:00:00,On time,JimKarlsson,United States,Seattle,Washington,Chairs,Novimex Fabric Task Chair,USD,97.57,2,-6.1
Not_Applicable,CA-2014-115931,2014-12-23 00:00:00,2014-12-27 00:00:00,On time,JimMitchum,United States,Carlsbad,New Mexico,Art,Design Ebony Sketching Pencil,USD,4.17,3,1.08
Not_Applicable,CA-2014-111738,2014-01-04 00:00:00,2014-01-08 00:00:00,On time,ChristopherMartinez,United States,San Francisco,California,Art,Manco Dry-Lighter Erasable Highlighter,USD,9.12,3,3.1
Not_Applicable,CA-2011-101462,2011-04-20 00:00:00,2011-04-25 00:00:00,Delay,BenjaminPatterson,United States,Los Angeles,California,Furnishings,"GE 4 Foot Flourescent Tube, 40 Watt",USD,59.92,4,27.56
Not_Applicable,CA-2012-138002,2012-09-06 00:00:00,2012-09-12 00:00:00,Delay,BethThompson,United States,Seattle,Washington,Binders,Acco Hanging Data Binders,USD,6.1,2,2.13
Not_Applicable,CA-2014-121125,2014-05-31 00:00:00,2014-06-04 00:00:00,On time,MichaelGranlund,United States,Tigard,Oregon,Phones,LG G3,USD,156.79,1,17.64
Not_Applicable,CA-2013-109869,2013-04-23 00:00:00,2013-04-30 00:00:00,Delay,TanjaNorvell,United States,Phoenix,Arizona,Supplies,Premier Electric Letter Opener,USD,185.38,2,-34.76
Not_Applicable,CA-2012-121776,2012-02-16 00:00:00,2012-02-21 00:00:00,Delay,RobDowd,United States,Los Angeles,California,Paper,Xerox 1881,USD,36.84,3,17.31
Not_Applicable,CA-2012-122287,2012-06-18 00:00:00,2012-06-23 00:00:00,Delay,SkyeNorling,United States,Peoria,Arizona,Binders,Aluminum Screw Posts,USD,9.16,2,-6.1
Not_Applicable,CA-2013-107216,2013-06-15 00:00:00,2013-06-18 00:00:00,On time,PaulVanHugh,United States,San Francisco,California,Art,Newell 346,USD,8.64,3,2.51
Not_Applicable,CA-2013-115224,2013-12-09 00:00:00,2013-12-12 00:00:00,On time,DougBickford,United States,San Francisco,California,Storage,"SimpliFile Personal File, Black Granite, 15w x 6-15/16d x 11-1/4h",USD,34.05,3,9.53
Not_Applicable,CA-2012-121391,2012-10-04 00:00:00,2012-10-07 00:00:00,On time,AlexAvila,United States,San Francisco,California,Storage,"Tenex Personal Project File with Scoop Front Design, Black",USD,26.96,2,7.01
Not_Applicable,CA-2012-149636,2012-01-06 00:00:00,2012-01-12 00:00:00,Delay,StefaniaPerrino,United States,Colorado Springs,Colorado,Paper,"It's Hot Message Books with Stickers, 2 3/4"" x 5""",USD,29.6,5,9.25
Not_Applicable,CA-2013-162614,2013-10-08 00:00:00,2013-10-14 00:00:00,Delay,TimBrockman,United States,Los Angeles,California,Binders,GBC Recycled VeloBinder Covers,USD,27.26,2,8.86
Not_Applicable,CA-2012-102855,2012-04-05 00:00:00,2012-04-06 00:00:00,On time,JenniferFerguson,United States,Spokane,Washington,Art,Dixon Ticonderoga Pencils,USD,23.84,8,6.44
Not_Applicable,CA-2011-154893,2011-12-21 00:00:00,2011-12-27 00:00:00,Delay,GaryMcGarr,United States,San Diego,California,Chairs,SAFCO Arco Folding Chair,USD,1325.76,6,149.15
Not_Applicable,CA-2011-143168,2011-10-18 00:00:00,2011-10-23 00:00:00,Delay,IvanGibson,United States,Seattle,Washington,Paper,Xerox 1925,USD,61.96,2,27.88
Not_Applicable,US-2014-166688,2014-05-21 00:00:00,2014-05-27 00:00:00,Delay,RickDuston,United States,Las Vegas,Nevada,Phones,Motorola L703CM,USD,1123.13,9,70.2
Not_Applicable,CA-2012-116092,2012-02-15 00:00:00,2012-02-18 00:00:00,On time,JustinMacKendrick,United States,Los Angeles,California,Binders,Avery Durable Binders,USD,11.52,5,4.18
Not_Applicable,CA-2011-108189,2011-10-02 00:00:00,2011-10-05 00:00:00,On time,ErinSmith,United States,Tempe,Arizona,Fasteners,Staples,USD,4.67,2,1.46
Not_Applicable,CA-2011-124737,2011-08-23 00:00:00,2011-08-27 00:00:00,On time,ArthurPrichep,United States,Denver,Colorado,Furnishings,Regeneration Desk Collection,USD,4.22,3,1.27
Not_Applicable,CA-2014-123085,2014-03-04 00:00:00,2014-03-09 00:00:00,Delay,EdJacobs,United States,Los Angeles,California,Chairs,Novimex Turbo Task Chair,USD,170.35,3,-17.04
Not_Applicable,CA-2014-116988,2014-06-28 00:00:00,2014-06-30 00:00:00,On time,PaulineWebber,United States,Seattle,Washington,Paper,Xerox 1997,USD,19.44,3,9.33
Not_Applicable,CA-2014-104080,2014-03-09 00:00:00,2014-03-16 00:00:00,Delay,AlanHwang,United States,Anaheim,California,Art,Newell 323,USD,3.36,2,0.87
Not_Applicable,US-2014-149006,2014-12-07 00:00:00,2014-12-09 00:00:00,On time,BradNorvell,United States,Brentwood,California,Storage,Staples,USD,10.68,1,2.88
Not_Applicable,CA-2014-121853,2014-09-24 00:00:00,2014-09-30 00:00:00,Delay,DuaneBenoit,United States,Los Angeles,California,Chairs,GuestStacker Chair with Chrome Finish Legs,USD,594.82,2,59.48
Not_Applicable,CA-2013-127138,2013-03-13 00:00:00,2013-03-16 00:00:00,On time,DeanKatz,United States,San Francisco,California,Chairs,Hon 4070 Series Pagoda Round Back Stacking Chairs,USD,770.35,3,77.04
Not_Applicable,CA-2011-156587,2011-03-07 00:00:00,2011-03-08 00:00:00,On time,AaronBergman,United States,Seattle,Washington,Chairs,"Global Push Button Manager's Chair, Indigo",USD,48.71,1,5.48
Not_Applicable,US-2014-107979,2014-06-09 00:00:00,2014-06-14 00:00:00,Delay,FrankOlsen,United States,Glendale,Arizona,Binders,GBC VeloBinder Electric Binding Machine,USD,72.59,2,-48.39
Not_Applicable,CA-2013-154081,2013-05-23 00:00:00,2013-05-30 00:00:00,Delay,JimEpp,United States,Los Angeles,California,Phones,Nortel Business Series Terminal T7208 Digital phone,USD,222.38,2,22.24
Not_Applicable,CA-2011-168592,2011-09-08 00:00:00,2011-09-14 00:00:00,Delay,DennisPardue,United States,San Francisco,California,Fasteners,Ideal Clamps,USD,4.02,2,1.97
Not_Applicable,CA-2011-111059,2011-02-04 00:00:00,2011-02-07 00:00:00,On time,TomBoeckenhauer,United States,Seattle,Washington,Binders,Ibico Laser Imprintable Binding System Covers,USD,83.84,2,27.25
Not_Applicable,CA-2014-104080,2014-03-09 00:00:00,2014-03-16 00:00:00,Delay,AlanHwang,United States,Anaheim,California,Binders,"Green Canvas Binder for 8-1/2"" x 14"" Sheets",USD,171.2,5,64.2
Not_Applicable,CA-2012-132486,2012-10-23 00:00:00,2012-10-27 00:00:00,On time,JayFein,United States,San Diego,California,Chairs,Global Chrome Stack Chair,USD,191.97,7,16.8
Not_Applicable,CA-2013-128811,2013-09-13 00:00:00,2013-09-17 00:00:00,On time,SarahFoster,United States,Seattle,Washington,Labels,Avery 487,USD,11.07,3,5.2
Not_Applicable,TRN-2026-1013,2026-03-15 00:00:00,2026-03-17 00:00:00,On time,Trainer_Account,United States,Boston,Massachusetts,Tools & Home Improvement,"LE LED Flashlight, Small High Lumens",USD,14.4,2,16.43
Not_Applicable,CA-2014-118199,2014-05-10 00:00:00,2014-05-12 00:00:00,On time,LaurelBeltran,United States,Seattle,Washington,Storage,Rogers Profile Extra Capacity Storage Tub,USD,66.96,4,2.68
Not_Applicable,CA-2012-105725,2012-02-18 00:00:00,2012-02-24 00:00:00,Delay,GuyThornton,United States,Long Beach,California,Labels,"Avery 4027 File Folder Labels for Dot Matrix Printers, 5000 Labels per Box, White",USD,61.06,2,28.09
Not_Applicable,CA-2013-113096,2013-09-03 00:00:00,2013-09-05 00:00:00,On time,SamZeldin,United States,San Francisco,California,Storage,"Tenex File Box, Personal Filing Tote with Lid, Black",USD,46.53,3,12.1
Not_Applicable,CA-2014-148264,2014-12-09 00:00:00,2014-12-10 00:00:00,On time,LukeFoster,United States,Inglewood,California,Furnishings,"Tenex Traditional Chairmats for Hard Floors, Average Lip, 36"" x 48""",USD,128.9,2,15.47
Not_Applicable,CA-2012-164882,2012-10-31 00:00:00,2012-10-31 00:00:00,On time,SandraGlassco,United States,Redlands,California,Art,Newell 308,USD,5.04,3,1.26
Not_Applicable,CA-2014-166898,2014-09-12 00:00:00,2014-09-14 00:00:00,On time,KenHeidel,United States,Santa Ana,California,Phones,OtterBox Defender Series Case - Samsung Galaxy S4,USD,143.95,6,17.99
Not_Applicable,CA-2014-140585,2014-12-19 00:00:00,2014-12-24 00:00:00,Delay,RussellApplegate,United States,Encinitas,California,Accessories,Logitech Illuminated - Keyboard,USD,119.98,2,57.59
Not_Applicable,CA-2013-103947,2013-04-02 00:00:00,2013-04-09 00:00:00,Delay,BarryBlumstein,United States,Sierra Vista,Arizona,Fasteners,Staples,USD,31.56,5,9.86
Not_Applicable,CA-2013-133795,2013-12-19 00:00:00,2013-12-25 00:00:00,Delay,JeremyEllison,United States,San Diego,California,Furnishings,"Eldon Expressions Wood and Plastic Desk Accessories, Oak",USD,39.92,4,11.18
Not_Applicable,CA-2014-169124,2014-07-04 00:00:00,2014-07-11 00:00:00,Delay,MariaBertelson,United States,Citrus Heights,California,Furnishings,"Howard Miller 11-1/2"" Diameter Brentwood Wall Clock",USD,129.39,3,54.34
Not_Applicable,CA-2012-128356,2012-10-02 00:00:00,2012-10-07 00:00:00,Delay,ResiPölking,United States,Thornton,Colorado,Supplies,"Acme Design Line 8"" Stainless Steel Bent Scissors w/Champagne Handles, 3-1/8"" Cut",USD,10.94,2,0.96
Not_Applicable,CA-2013-101672,2013-10-04 00:00:00,2013-10-08 00:00:00,On time,DanielByrd,United States,Lake Forest,California,Chairs,Global Deluxe High-Back Manager's Chair,USD,915.14,4,102.95
Not_Applicable,CA-2011-100867,2011-10-19 00:00:00,2011-10-24 00:00:00,Delay,EugeneHildebrand,United States,Lakewood,California,Phones,RCA Visys Integrated PBX 8-Line Router,USD,321.55,6,20.1
Not_Applicable,CA-2012-138674,2012-11-14 00:00:00,2012-11-17 00:00:00,On time,KenBlack,United States,Springfield,Oregon,Fasteners,Advantus Push Pins,USD,8.72,5,2.29
Not_Applicable,CA-2013-166226,2013-11-19 00:00:00,2013-11-23 00:00:00,On time,TracyCollins,United States,Los Angeles,California,Phones,Grandstream GXP2100 Mainstream Business Phone,USD,61.19,1,6.12
Not_Applicable,US-2014-107888,2014-11-17 00:00:00,2014-11-20 00:00:00,On time,ChrisCortes,United States,Seattle,Washington,Paper,Xerox 1933,USD,73.68,6,34.63
Not_Applicable,CA-2011-133543,2011-12-22 00:00:00,2011-12-26 00:00:00,On time,KhloeMiller,United States,San Jose,California,Art,Newell 332,USD,11.76,4,3.18
Not_Applicable,TRN-2026-1009,2026-03-15 00:00:00,2026-03-17 00:00:00,On time,Trainer_Account,United States,Boston,Massachusetts,Health & Household,"Omron Silver Blood Pressure Monitor, Upper Arm",USD,5.67,3,13.82
Not_Applicable,CA-2014-123967,2014-11-02 00:00:00,2014-11-04 00:00:00,On time,SarahFoster,United States,Bellingham,Washington,Binders,GBC Standard Plastic Binding Systems' Combs,USD,25.12,5,7.85
Not_Applicable,CA-2014-136007,2014-02-24 00:00:00,2014-03-03 00:00:00,Delay,AnnChong,United States,Seattle,Washington,Fasteners,Alliance Rubber Bands,USD,8.4,5,0.34
Not_Applicable,CA-2014-136308,2014-11-17 00:00:00,2014-11-17 00:00:00,On time,MitchWillingham,United States,San Francisco,California,Machines,Bady BDG101FRU Card Printer,USD,1919.98,3,216.0
Not_Applicable,CA-2013-142615,2013-11-21 00:00:00,2013-11-25 00:00:00,On time,BrendanMurry,United States,Montebello,California,Accessories,Sony Micro Vault Click 4 GB USB 2.0 Flash Drive,USD,27.88,2,3.9
Not_Applicable,CA-2013-105494,2013-11-11 00:00:00,2013-11-13 00:00:00,On time,PamelaCoakley,United States,San Francisco,California,Storage,File Shuttle I and Handi-File,USD,155.82,7,42.07
Not_Applicable,CA-2011-115889,2011-11-02 00:00:00,2011-11-06 00:00:00,On time,ShahidHopkins,United States,San Francisco,California,Phones,AT&T CL82213,USD,46.38,2,5.22
Not_Applicable,CA-2014-104801,2014-02-14 00:00:00,2014-02-20 00:00:00,Delay,FredHarton,United States,Seattle,Washington,Furnishings,"Tenex Contemporary Contur Chairmats for Low and Medium Pile Carpet, Computer, 39"" x 49""",USD,107.53,1,21.51
Not_Applicable,CA-2012-128167,2012-06-22 00:00:00,2012-06-26 00:00:00,On time,KenLonsdale,United States,Layton,Utah,Fasteners,"OIC Binder Clips, Mini, 1/4"" Capacity, Black",USD,4.96,4,2.33
Not_Applicable,CA-2012-142601,2012-04-18 00:00:00,2012-04-20 00:00:00,On time,DeanraEno,United States,Los Angeles,California,Paper,Xerox 19,USD,61.96,2,27.88
Not_Applicable,CA-2014-154949,2014-10-16 00:00:00,2014-10-20 00:00:00,On time,MarcCrier,United States,Camarillo,California,Labels,Avery 478,USD,14.73,3,7.22
Not_Applicable,CA-2013-136406,2013-04-16 00:00:00,2013-04-18 00:00:00,On time,BillDonatelli,United States,San Francisco,California,Chairs,HON 5400 Series Task Chairs for Big and Tall,USD,1121.57,2,0.0
Not_Applicable,US-2011-119137,2011-07-23 00:00:00,2011-07-27 00:00:00,On time,ArthurGainer,United States,Tucson,Arizona,Accessories,Microsoft Natural Keyboard Elite,USD,479.04,10,-29.94
Not_Applicable,CA-2013-165330,2013-12-12 00:00:00,2013-12-12 00:00:00,On time,WilliamBrown,United States,Anaheim,California,Paper,"IBM Multi-Purpose Copy Paper, 8 1/2 x 11"", Case",USD,30.98,1,13.94
Not_Applicable,US-2011-167262,2011-10-31 00:00:00,2011-11-03 00:00:00,On time,AmyCox,United States,Avondale,Arizona,Phones,Plantronics HL10 Handset Lifter,USD,742.34,8,83.51
Not_Applicable,TRN-2026-1034,2026-03-15 00:00:00,2026-03-17 00:00:00,On time,Trainer_Account,United States,Boston,Massachusetts,Tools & Home Improvement,"Command Large Utility Hooks, White, 3-Hooks",USD,43.63,1,9.83
Not_Applicable,CA-2013-145261,2013-12-19 00:00:00,2013-12-22 00:00:00,On time,AdrianHane,United States,Salem,Oregon,Binders,Vinyl Sectional Post Binders,USD,45.24,4,-30.16
Not_Applicable,TRN-2026-1031,2026-03-15 00:00:00,2026-03-17 00:00:00,On time,Trainer_Account,United States,Boston,Massachusetts,Electronics,Logitech M325 Wireless Mouse,USD,66.89,1,4.89
Not_Applicable,CA-2011-120096,2011-07-04 00:00:00,2011-07-07 00:00:00,On time,KatrinaEdelman,United States,Aurora,Colorado,Appliances,Fellowes Mighty 8 Compact Surge Protector,USD,32.43,2,3.24
Not_Applicable,CA-2013-145583,2013-10-14 00:00:00,2013-10-20 00:00:00,Delay,LenaCreighton,United States,Roseville,California,Fasteners,Ideal Clamps,USD,4.02,2,1.97
Not_Applicable,CA-2014-128965,2014-04-18 00:00:00,2014-04-23 00:00:00,Delay,PamelaStobb,United States,Los Angeles,California,Accessories,Logitech Wireless Touch Keyboard K400,USD,274.89,11,46.73
Not_Applicable,CA-2014-139402,2014-12-10 00:00:00,2014-12-14 00:00:00,On time,NickCrebassa,United States,Phoenix,Arizona,Binders,"Acco Recycled 2"" Capacity Laser Printer Hanging Data Binders",USD,13.01,3,-9.97
Not_Applicable,CA-2013-103464,2013-11-19 00:00:00,2013-11-23 00:00:00,On time,PatrickGardner,United States,San Diego,California,Accessories,WD My Passport Ultra 2TB Portable External Hard Drive,USD,595.0,5,95.2
Not_Applicable,CA-2012-137302,2012-04-26 00:00:00,2012-05-01 00:00:00,Delay,BartWatters,United States,San Diego,California,Phones,RCA ViSYS 25825 Wireless digital phone,USD,311.98,3,39.0
Not_Applicable,CA-2014-126634,2014-03-31 00:00:00,2014-04-02 00:00:00,On time,AlanBarnes,United States,Lakewood,California,Furnishings,Flat Face Poster Frame,USD,94.2,5,39.56
Not_Applicable,CA-2011-108189,2011-10-02 00:00:00,2011-10-05 00:00:00,On time,ErinSmith,United States,Tempe,Arizona,Phones,Bose SoundLink Bluetooth Speaker,USD,318.4,2,107.46
Not_Applicable,US-2014-100209,2014-07-10 00:00:00,2014-07-16 00:00:00,Delay,TamaraDahlen,United States,Portland,Oregon,Binders,Wilson Jones Easy Flow II Sheet Lifters,USD,1.08,2,-0.79
Not_Applicable,CA-2012-116092,2012-02-15 00:00:00,2012-02-18 00:00:00,On time,JustinMacKendrick,United States,Los Angeles,California,Paper,Xerox 22,USD,19.44,3,9.33
Not_Applicable,CA-2013-145625,2013-09-12 00:00:00,2013-09-18 00:00:00,Delay,KellyCollister,United States,San Diego,California,Accessories,Logitech P710e Mobile Speakerphone,USD,3347.37,13,636.0
Not_Applicable,CA-2012-104346,2012-12-11 00:00:00,2012-12-16 00:00:00,Delay,IreneMaddox,United States,Colorado Springs,Colorado,Bookcases,"Bush Westfield Collection Bookcases, Dark Cherry Finish",USD,69.58,4,-143.79
Not_Applicable,CA-2012-129532,2012-12-08 00:00:00,2012-12-12 00:00:00,On time,YanaSorensen,United States,Los Angeles,California,Storage,"Stur-D-Stor Shelving, Vertical 5-Shelf: 72""H x 36""W x 18 1/2""D",USD,221.96,2,4.44
Not_Applicable,CA-2014-117513,2014-03-04 00:00:00,2014-03-09 00:00:00,Delay,BillTyler,United States,Los Angeles,California,Tables,"Lesro Sheffield Collection Coffee Table, End Table, Center Table, Corner Table",USD,399.67,7,-14.99
Not_Applicable,CA-2011-111962,2011-09-29 00:00:00,2011-10-04 00:00:00,Delay,EvanBailliet,United States,Seattle,Washington,Storage,Fellowes Super Stor/Drawer Files,USD,807.75,5,153.47
Not_Applicable,CA-2013-126809,2013-04-10 00:00:00,2013-04-14 00:00:00,On time,EdwardBecker,United States,Seattle,Washington,Binders,"Acco Pressboard Covers with Storage Hooks, 14 7/8"" x 11"", Light Blue",USD,35.35,9,12.82
Not_Applicable,CA-2011-161249,2011-08-09 00:00:00,2011-08-13 00:00:00,On time,RogerDemir,United States,Phoenix,Arizona,Fasteners,"Super Bands, 12/Pack",USD,4.46,3,-0.95
Not_Applicable,CA-2012-104346,2012-12-11 00:00:00,2012-12-16 00:00:00,Delay,IreneMaddox,United States,Colorado Springs,Colorado,Paper,Xerox 1932,USD,85.06,3,28.71
Not_Applicable,CA-2011-141110,2011-11-26 00:00:00,2011-12-01 00:00:00,Delay,LukeSchmidt,United States,Fresno,California,Binders,SpineVue Locking Slant-D Ring Binders by Cardinal,USD,7.31,1,2.56
Not_Applicable,CA-2013-112060,2013-12-05 00:00:00,2013-12-10 00:00:00,Delay,KeanTakahito,United States,San Francisco,California,Paper,Xerox 1915,USD,104.85,1,50.33
Not_Applicable,CA-2013-120005,2013-03-04 00:00:00,2013-03-04 00:00:00,On time,TheresaSwint,United States,San Francisco,California,Furnishings,"Executive Impressions 10"" Spectator Wall Clock",USD,35.28,3,12.0
Not_Applicable,TRN-2026-1005,2026-03-15 00:00:00,2026-03-17 00:00:00,On time,Trainer_Account,United States,Boston,Massachusetts,Health & Household,First Aid Only 299 Piece All-Purpose First Aid Kit,USD,99.0,3,9.68
Not_Applicable,CA-2011-146591,2011-01-20 00:00:00,2011-01-21 00:00:00,On time,TobySwindell,United States,Scottsdale,Arizona,Paper,"TOPS Carbonless Receipt Book, Four 2-3/4 x 7-1/4 Money Receipts per Page",USD,56.06,4,19.62
Not_Applicable,CA-2011-138681,2011-12-20 00:00:00,2011-12-22 00:00:00,On time,CarolTriggs,United States,Tucson,Arizona,Paper,Xerox 1888,USD,221.92,5,77.67
Not_Applicable,CA-2014-140760,2014-06-03 00:00:00,2014-06-06 00:00:00,On time,DennyOrdway,United States,Mesa,Arizona,Paper,Xerox 4200 Series MultiUse Premium Copy Paper (20Lb. and 84 Bright),USD,25.34,6,7.92
Not_Applicable,CA-2013-100993,2013-02-05 00:00:00,2013-02-10 00:00:00,Delay,AnnieZypern,United States,San Diego,California,Tables,Chromcraft Round Conference Tables,USD,557.73,4,6.97
Not_Applicable,US-2014-116652,2014-09-16 00:00:00,2014-09-20 00:00:00,On time,RickDuston,United States,San Francisco,California,Furnishings,"Tenex 46"" x 60"" Computer Anti-Static Chairmat, Rectangular Shaped",USD,529.9,5,105.98
Not_Applicable,CA-2012-149566,2012-12-05 00:00:00,2012-12-10 00:00:00,Delay,GeorgeBell,United States,Los Angeles,California,Accessories,Memorex Micro Travel Drive 8 GB,USD,39.0,3,17.55
Not_Applicable,CA-2012-129917,2012-10-02 00:00:00,2012-10-03 00:00:00,On time,HenryMacAllister,United States,Los Angeles,California,Binders,GBC Poly Designer Binding Covers,USD,53.57,4,19.42
Not_Applicable,CA-2014-121125,2014-05-31 00:00:00,2014-06-04 00:00:00,On time,MichaelGranlund,United States,Tigard,Oregon,Accessories,SanDisk Ultra 32 GB MicroSDHC Class 10 Memory Card,USD,35.36,2,-3.09
Not_Applicable,CA-2011-134726,2011-11-02 00:00:00,2011-11-07 00:00:00,Delay,StevenWard,United States,Seattle,Washington,Accessories,"Maxell 74 Minute CD-R Spindle, 50/Pack",USD,41.94,2,15.1
Not_Applicable,CA-2014-162978,2014-05-05 00:00:00,2014-05-10 00:00:00,Delay,LindsayWilliams,United States,San Francisco,California,Tables,Bretford Rectangular Conference Table Tops,USD,300.9,1,11.28
Not_Applicable,CA-2012-145065,2012-12-12 00:00:00,2012-12-15 00:00:00,On time,DennisKane,United States,San Diego,California,Binders,Recycled Premium Regency Composition Covers,USD,24.45,2,8.86
Not_Applicable,CA-2013-123358,2013-04-11 00:00:00,2013-04-18 00:00:00,Delay,BrianThompson,United States,San Francisco,California,Appliances,3M Replacement Filter for Office Air Cleaner for 20' x 33' Room,USD,113.76,3,44.37
Not_Applicable,CA-2013-144092,2013-11-06 00:00:00,2013-11-08 00:00:00,On time,LoganHaushalter,United States,San Jose,California,Envelopes,"Strathmore #10 Envelopes, Ultimate White",USD,158.13,3,77.48
Not_Applicable,CA-2013-163594,2013-04-13 00:00:00,2013-04-15 00:00:00,On time,JasonFortune-,United States,Los Angeles,California,Binders,Aluminum Screw Posts,USD,36.62,3,13.73
Not_Applicable,CA-2012-137946,2012-09-01 00:00:00,2012-09-04 00:00:00,On time,DougBickford,United States,Los Angeles,California,Copiers,Hewlett Packard LaserJet 3310 Copier,USD,959.98,2,335.99
Not_Applicable,US-2014-158505,2014-07-22 00:00:00,2014-07-22 00:00:00,On time,SarahFoster,United States,Murray,Utah,Phones,PayAnywhere Card Reader,USD,71.93,9,6.29
Not_Applicable,CA-2014-131807,2014-10-06 00:00:00,2014-10-11 00:00:00,Delay,GregGuthrie,United States,Chico,California,Tables,KI Adjustable-Height Table,USD,206.35,3,5.16
Not_Applicable,CA-2014-109701,2014-12-03 00:00:00,2014-12-04 00:00:00,On time,AliceMcCarthy,United States,Los Angeles,California,Appliances,Fellowes Advanced Computer Series Surge Protectors,USD,79.47,3,22.25
Not_Applicable,CA-2013-144792,2013-05-01 00:00:00,2013-05-05 00:00:00,On time,KenDana,United States,Scottsdale,Arizona,Furnishings,12-1/2 Diameter Round Wall Clock,USD,111.89,7,22.38
Not_Applicable,CA-2013-114860,2013-12-23 00:00:00,2013-12-29 00:00:00,Delay,DuaneNoonan,United States,Moreno Valley,California,Furnishings,Deflect-o DuraMat Antistatic Studded Beveled Mat for Medium Pile Carpeting,USD,842.72,8,202.25
Not_Applicable,US-2014-140312,2014-11-14 00:00:00,2014-11-20 00:00:00,Delay,KenLonsdale,United States,Dublin,California,Phones,Samsung Replacement EH64AVFWE Premium Headset,USD,22.0,5,1.38
Not_Applicable,CA-2013-118745,2013-06-12 00:00:00,2013-06-17 00:00:00,Delay,SethVernon,United States,Los Angeles,California,Tables,Bretford Rectangular Conference Table Tops,USD,902.71,3,33.85
Not_Applicable,CA-2012-137708,2012-11-22 00:00:00,2012-11-25 00:00:00,On time,NathanGelder,United States,Los Angeles,California,Storage,"Personal Folder Holder, Ebony",USD,33.63,3,10.09
Not_Applicable,CA-2012-149083,2012-09-25 00:00:00,2012-09-30 00:00:00,Delay,SallyHughsby,United States,Seattle,Washington,Chairs,Global Super Steno Chair,USD,307.14,4,-11.52
Not_Applicable,CA-2013-165330,2013-12-12 00:00:00,2013-12-12 00:00:00,On time,WilliamBrown,United States,Anaheim,California,Binders,GBC Recycled VeloBinder Covers,USD,122.69,9,39.87
Not_Applicable,CA-2014-140963,2014-06-11 00:00:00,2014-06-14 00:00:00,On time,MichelleTran,United States,Los Angeles,California,Phones,iHome FM Clock Radio with Lightning Dock,USD,279.96,5,17.5
Not_Applicable,US-2014-109484,2014-11-07 00:00:00,2014-11-13 00:00:00,Delay,RogerBarcio,United States,Portland,Oregon,Binders,Flexible Leather- Look Classic Collection Ring Binder,USD,5.68,1,-3.79
Not_Applicable,CA-2012-137113,2012-12-01 00:00:00,2012-12-05 00:00:00,On time,TamaraWillingham,United States,Seattle,Washington,Tables,Bush Advantage Collection Round Conference Table,USD,1913.4,9,401.81
Not_Applicable,CA-2014-137463,2014-12-17 00:00:00,2014-12-21 00:00:00,On time,KalycaMeade,United States,Sunnyvale,California,Binders,Accohide Poly Flexible Ring Binders,USD,5.98,2,2.24
Not_Applicable,CA-2014-129378,2014-10-02 00:00:00,2014-10-03 00:00:00,On time,NeolaSchneider,United States,San Jose,California,Chairs,"Metal Folding Chairs, Beige, 4/Carton",USD,108.61,4,9.5
Not_Applicable,CA-2012-121965,2012-06-19 00:00:00,2012-06-23 00:00:00,On time,LoganHaushalter,United States,Los Angeles,California,Furnishings,Eldon 200 Class Desk Accessories,USD,12.56,2,4.02
Not_Applicable,CA-2014-148320,2014-11-04 00:00:00,2014-11-09 00:00:00,Delay,PaulGonzalez,United States,San Francisco,California,Paper,Xerox 1992,USD,35.88,6,17.58
Not_Applicable,CA-2012-164567,2012-06-15 00:00:00,2012-06-19 00:00:00,On time,GraceKelly,United States,Los Angeles,California,Phones,Jabra SPEAK 410,USD,225.58,3,22.56
Not_Applicable,CA-2013-109925,2013-11-07 00:00:00,2013-11-11 00:00:00,On time,IreneMaddox,United States,San Diego,California,Storage,Eldon Portable Mobile Manager,USD,84.84,3,22.91
Not_Applicable,CA-2013-146633,2013-11-16 00:00:00,2013-11-18 00:00:00,On time,TobyGnade,United States,Los Angeles,California,Binders,Fellowes PB500 Electric Punch Plastic Comb Binding Machine with Manual Bind,USD,1016.79,1,381.3
Not_Applicable,CA-2012-169278,2012-05-21 00:00:00,2012-05-25 00:00:00,On time,MichelleEllison,United States,Seattle,Washington,Binders,Ibico Plastic and Wire Spiral Binding Combs,USD,26.98,4,8.77
Not_Applicable,CA-2012-140410,2012-11-03 00:00:00,2012-11-07 00:00:00,On time,CorinnaMitchell,United States,Los Angeles,California,Furnishings,Coloredge Poster Frame,USD,42.6,3,16.61
Not_Applicable,CA-2012-112305,2012-11-20 00:00:00,2012-11-25 00:00:00,Delay,KatrinaBavinger,United States,Seattle,Washington,Furnishings,"Eldon Expressions Wood Desk Accessories, Oak",USD,22.14,3,6.42
Not_Applicable,US-2014-128447,2014-11-11 00:00:00,2014-11-18 00:00:00,Delay,MichaelChen,United States,Pasco,Washington,Binders,GBC VeloBinder Manual Binding System,USD,28.79,1,10.08
Not_Applicable,CA-2011-164721,2011-11-25 00:00:00,2011-11-27 00:00:00,On time,LaurelWorkman,United States,Brentwood,California,Furnishings,Staples,USD,23.88,3,10.51
Not_Applicable,CA-2012-102848,2012-11-07 00:00:00,2012-11-09 00:00:00,On time,KarenBern,United States,Los Angeles,California,Chairs,Safco Contoured Stacking Chairs,USD,190.72,1,11.92
Not_Applicable,CA-2014-115154,2014-01-09 00:00:00,2014-01-12 00:00:00,On time,RicardoSperren,United States,Seattle,Washington,Tables,Balt Solid Wood Round Tables,USD,892.98,2,80.37
Not_Applicable,CA-2011-157546,2011-07-20 00:00:00,2011-07-22 00:00:00,On time,RogerDemir,United States,San Francisco,California,Paper,"Wirebound Message Books, Two 4 1/4"" x 5"" Forms per Page",USD,22.83,3,10.73
Not_Applicable,CA-2014-145429,2014-07-22 00:00:00,2014-07-26 00:00:00,On time,ShaunWeien,United States,San Diego,California,Paper,"Wirebound Message Forms, Four 2 3/4 x 5 Forms per Page, Pink Paper",USD,16.34,2,7.68
Not_Applicable,CA-2013-158694,2013-11-11 00:00:00,2013-11-14 00:00:00,On time,ArianneIrving,United States,Los Angeles,California,Appliances,Belkin F9S820V06 8 Outlet Surge,USD,129.92,4,38.98
Not_Applicable,CA-2014-167094,2014-10-22 00:00:00,2014-10-23 00:00:00,On time,DamalaKotsonis,United States,Springfield,Oregon,Accessories,Memorex Froggy Flash Drive 8 GB,USD,28.4,2,6.75
Not_Applicable,US-2014-125717,2014-09-29 00:00:00,2014-10-02 00:00:00,On time,DarrinSayre,United States,Aurora,Colorado,Paper,Xerox 1992,USD,14.35,3,5.2
Not_Applicable,US-2014-136784,2014-05-01 00:00:00,2014-05-06 00:00:00,Delay,AlanDominguez,United States,San Francisco,California,Paper,Xerox 1919,USD,163.96,4,80.34
Not_Applicable,CA-2014-147354,2014-03-10 00:00:00,2014-03-14 00:00:00,On time,KarlBraun,United States,Los Angeles,California,Binders,DXL Angle-View Binders with Locking Rings by Samsill,USD,30.84,5,9.64
Not_Applicable,CA-2013-148740,2013-11-16 00:00:00,2013-11-20 00:00:00,On time,AnnaHäberlin,United States,San Diego,California,Phones,Polycom SoundPoint IP 450 VoIP phone,USD,361.38,2,27.1
Not_Applicable,CA-2013-101651,2013-12-25 00:00:00,2013-12-31 00:00:00,Delay,SeanChristensen,United States,San Jose,California,Envelopes,Staples,USD,39.76,7,18.69
Not_Applicable,CA-2012-149650,2012-10-24 00:00:00,2012-10-27 00:00:00,On time,RobertDilbeck,United States,Oakland,California,Chairs,Novimex High-Tech Fabric Mesh Task Chair,USD,454.27,8,-73.82
Not_Applicable,CA-2012-145821,2012-05-01 00:00:00,2012-05-07 00:00:00,Delay,JenniferBraxton,United States,Los Angeles,California,Phones,OtterBox Defender Series Case - iPhone 5c,USD,88.75,3,11.09
Not_Applicable,US-2013-139087,2013-07-18 00:00:00,2013-07-23 00:00:00,Delay,DennisKane,United States,Seattle,Washington,Phones,Cyber Acoustics AC-202b Speech Recognition Stereo Headset,USD,20.78,2,-4.68
Not_Applicable,CA-2014-112725,2014-01-31 00:00:00,2014-02-07 00:00:00,Delay,EugeneHildebrand,United States,San Francisco,California,Art,Newell 338,USD,8.82,3,2.38
Not_Applicable,CA-2014-147354,2014-03-10 00:00:00,2014-03-14 00:00:00,On time,KarlBraun,United States,Los Angeles,California,Copiers,Hewlett Packard 310 Color Digital Copier,USD,479.98,2,60.0
Not_Applicable,US-2014-106131,2014-01-15 00:00:00,2014-01-17 00:00:00,On time,TracyPoddar,United States,Aurora,Colorado,Storage,Mobile Personal File Cube,USD,168.62,9,14.75
Not_Applicable,CA-2011-124429,2011-05-27 00:00:00,2011-05-27 00:00:00,On time,MayaHerman,United States,San Diego,California,Storage,Fellowes Officeware Wire Shelving,USD,359.32,4,7.19
Not_Applicable,US-2014-132444,2014-11-19 00:00:00,2014-11-22 00:00:00,On time,ChristinaDeMoss,United States,Seattle,Washington,Storage,Fellowes Bankers Box Stor/Drawer Steel Plus,USD,95.94,3,9.59
Not_Applicable,US-2014-120418,2014-06-12 00:00:00,2014-06-13 00:00:00,On time,BeckyCastell,United States,Peoria,Arizona,Storage,Fellowes Officeware Wire Shelving,USD,215.59,3,-48.51
Not_Applicable,US-2014-139577,2014-10-02 00:00:00,2014-10-07 00:00:00,Delay,TanjaNorvell,United States,San Francisco,California,Accessories,Sony 32GB Class 10 Micro SDHC R40 Memory Card,USD,104.75,5,22.0
Not_Applicable,US-2013-139710,2013-06-10 00:00:00,2013-06-16 00:00:00,Delay,GregMatthias,United States,Los Angeles,California,Phones,Avaya 4621SW VoIP phone,USD,177.48,3,19.97
Not_Applicable,US-2014-106131,2014-01-15 00:00:00,2014-01-17 00:00:00,On time,TracyPoddar,United States,Aurora,Colorado,Accessories,Imation 8GB Mini TravelDrive USB 2.0 Flash Drive,USD,169.06,7,-14.79
Not_Applicable,CA-2012-121965,2012-06-19 00:00:00,2012-06-23 00:00:00,On time,LoganHaushalter,United States,Los Angeles,California,Paper,Xerox 231,USD,6.48,1,3.11
Not_Applicable,CA-2013-161543,2013-05-11 00:00:00,2013-05-17 00:00:00,Delay,RogerDemir,United States,Seattle,Washington,Paper,Xerox 1965,USD,11.96,2,5.86
Not_Applicable,US-2012-136987,2012-04-11 00:00:00,2012-04-14 00:00:00,On time,AndyReiter,United States,Los Angeles,California,Paper,Staples,USD,52.76,2,24.27
Not_Applicable,CA-2011-145254,2011-07-23 00:00:00,2011-07-27 00:00:00,On time,NickCrebassa,United States,San Francisco,California,Phones,AT&T CL2909,USD,302.38,3,37.8
Not_Applicable,CA-2014-110842,2014-11-12 00:00:00,2014-11-17 00:00:00,Delay,GuyArmstrong,United States,Los Angeles,California,Paper,Xerox 201,USD,19.44,3,9.33
Not_Applicable,CA-2011-159849,2011-09-19 00:00:00,2011-09-19 00:00:00,On time,JimKriz,United States,San Francisco,California,Fasteners,Revere Boxed Rubber Bands by Revere,USD,5.67,3,0.11
Not_Applicable,CA-2012-124058,2012-11-20 00:00:00,2012-11-24 00:00:00,On time,LenaCreighton,United States,Oakland,California,Chairs,Safco Contoured Stacking Chairs,USD,572.16,3,35.76
Not_Applicable,US-2011-148194,2011-05-04 00:00:00,2011-05-07 00:00:00,On time,BillShonely,United States,Seattle,Washington,Furnishings,"Eldon Regeneration Recycled Desk Accessories, Smoke",USD,12.18,7,3.9
Not_Applicable,CA-2013-105291,2013-10-31 00:00:00,2013-11-05 00:00:00,Delay,SusanPistek,United States,San Luis Obispo,California,Fasteners,Assorted Color Push Pins,USD,3.62,2,1.19
Not_Applicable,CA-2014-131807,2014-10-06 00:00:00,2014-10-11 00:00:00,Delay,GregGuthrie,United States,Chico,California,Appliances,"Hoover Replacement Belts For Soft Guard & Commercial Ltweight Upright Vacs, 2/Pk",USD,15.8,4,4.11
Not_Applicable,CA-2014-107174,2014-11-07 00:00:00,2014-11-14 00:00:00,Delay,AdamBellavance,United States,Seattle,Washington,Accessories,SanDisk Cruzer 64 GB USB Flash Drive,USD,108.96,3,32.69
Not_Applicable,CA-2014-166093,2014-08-18 00:00:00,2014-08-25 00:00:00,Delay,RickWilson,United States,Brentwood,California,Storage,Standard Rollaway File with Lock,USD,540.57,3,140.55
Not_Applicable,CA-2014-103380,2014-11-22 00:00:00,2014-11-26 00:00:00,On time,BarryFranz,United States,Pasadena,California,Appliances,"Acco Six-Outlet Power Strip, 4' Cord Length",USD,8.62,1,2.24
Not_Applicable,CA-2012-109603,2012-01-26 00:00:00,2012-02-01 00:00:00,Delay,ElizabethMoffitt,United States,Moreno Valley,California,Paper,Xerox 1991,USD,182.72,8,84.05
Not_Applicable,CA-2012-111514,2012-08-31 00:00:00,2012-09-02 00:00:00,On time,ScottCohen,United States,San Francisco,California,Bookcases,"Atlantic Metals Mobile 3-Shelf Bookcases, Custom Colors",USD,1552.83,7,200.95
Not_Applicable,CA-2011-104178,2011-08-25 00:00:00,2011-08-29 00:00:00,On time,JanetMolinari,United States,Los Angeles,California,Accessories,SanDisk Cruzer 32 GB USB Flash Drive,USD,95.1,5,30.43
Not_Applicable,CA-2012-141593,2012-12-14 00:00:00,2012-12-16 00:00:00,On time,DarrenBudd,United States,Los Angeles,California,Tables,"Bush Andora Conference Table, Maple/Graphite Gray Finish",USD,273.57,2,10.26
Not_Applicable,CA-2012-111829,2012-03-19 00:00:00,2012-03-20 00:00:00,On time,FredHopkins,United States,Seattle,Washington,Paper,Multicolor Computer Printout Paper,USD,209.7,2,100.66
Not_Applicable,CA-2012-130883,2012-09-26 00:00:00,2012-10-02 00:00:00,Delay,TracyBlumstein,United States,Portland,Oregon,Paper,Staples,USD,141.76,5,47.84
Not_Applicable,CA-2012-100216,2012-04-13 00:00:00,2012-04-14 00:00:00,On time,HeatherJas,United States,Mesa,Arizona,Paper,Xerox 1973,USD,54.82,3,17.82
Not_Applicable,CA-2011-110555,2011-04-11 00:00:00,2011-04-18 00:00:00,Delay,MichelleMoray,United States,Great Falls,Montana,Accessories,Memorex Mini Travel Drive 64 GB USB 2.0 Flash Drive,USD,217.44,6,91.32
Not_Applicable,CA-2014-137022,2014-11-17 00:00:00,2014-11-23 00:00:00,Delay,ScottWilliamson,United States,San Diego,California,Storage,Tennsco Regal Shelving Units,USD,811.28,8,24.34
Not_Applicable,US-2014-130687,2014-09-08 00:00:00,2014-09-11 00:00:00,On time,PhillipFlathmann,United States,Edmonds,Washington,Art,Boston 1799 Powerhouse Electric Pencil Sharpener,USD,25.98,1,7.27
Not_Applicable,CA-2014-100748,2014-05-14 00:00:00,2014-05-21 00:00:00,Delay,RossBaird,United States,San Francisco,California,Labels,Self-Adhesive Address Labels for Typewriters by Universal,USD,58.48,8,27.49
Not_Applicable,CA-2012-143490,2012-12-06 00:00:00,2012-12-13 00:00:00,Delay,NaresjPatel,United States,San Diego,California,Phones,AT&T 1080 Corded phone,USD,219.18,2,19.18
Not_Applicable,CA-2013-100944,2013-09-25 00:00:00,2013-09-29 00:00:00,On time,EdwardHooks,United States,Los Angeles,California,Chairs,Hon Olson Stacker Stools,USD,563.24,5,56.32
Not_Applicable,CA-2014-145772,2014-06-04 00:00:00,2014-06-08 00:00:00,On time,SaphhiraShifley,United States,Los Angeles,California,Accessories,Kingston Digital DataTraveler 16GB USB 2.0,USD,44.75,5,8.5
Not_Applicable,CA-2014-134915,2014-11-13 00:00:00,2014-11-13 00:00:00,On time,EugeneMoren,United States,Glendale,Arizona,Accessories,Memorex Micro Travel Drive 8 GB,USD,41.6,4,13.0
Not_Applicable,CA-2011-147298,2011-04-26 00:00:00,2011-05-03 00:00:00,Delay,AleksandraGannaway,United States,Los Angeles,California,Chairs,Bevis Steel Folding Chairs,USD,230.28,3,23.03
Not_Applicable,US-2014-103828,2014-08-14 00:00:00,2014-08-14 00:00:00,On time,JayKimmel,United States,San Francisco,California,Art,Newell 345,USD,59.52,3,15.48
Not_Applicable,CA-2014-156951,2014-10-02 00:00:00,2014-10-09 00:00:00,Delay,EllisBallard,United States,Seattle,Washington,Paper,Personal Creations Ink Jet Cards and Labels,USD,91.84,8,45.0
Not_Applicable,CA-2014-127432,2014-01-23 00:00:00,2014-01-28 00:00:00,Delay,AlanDominguez,United States,Great Falls,Montana,Storage,Tennsco Single-Tier Lockers,USD,1126.02,3,56.3
Not_Applicable,CA-2012-104346,2012-12-11 00:00:00,2012-12-16 00:00:00,Delay,IreneMaddox,United States,Colorado Springs,Colorado,Art,Newell 313,USD,13.12,5,1.15
Not_Applicable,US-2013-108098,2013-10-15 00:00:00,2013-10-19 00:00:00,On time,ChristinePhan,United States,Seattle,Washington,Accessories,WD My Passport Ultra 500GB Portable External Hard Drive,USD,177.0,3,30.09
Not_Applicable,CA-2013-148593,2013-06-17 00:00:00,2013-06-19 00:00:00,On time,BillDonatelli,United States,Los Angeles,California,Paper,"Wirebound Message Books, Four 2 3/4"" x 5"" Forms per Page, 600 Sets per Book",USD,46.35,5,21.78
Not_Applicable,CA-2011-168592,2011-09-08 00:00:00,2011-09-14 00:00:00,Delay,DennisPardue,United States,San Francisco,California,Storage,Pizazz Global Quick File,USD,14.97,1,4.19
Not_Applicable,US-2014-155999,2014-08-08 00:00:00,2014-08-14 00:00:00,Delay,JayKimmel,United States,San Diego,California,Phones,GE DSL Phone Line Filter,USD,159.96,5,18.0
Not_Applicable,CA-2013-166163,2013-08-16 00:00:00,2013-08-21 00:00:00,Delay,CraigYedwab,United States,Oakland,California,Labels,Avery 488,USD,3.15,1,1.51
Not_Applicable,CA-2014-151008,2014-09-08 00:00:00,2014-09-09 00:00:00,On time,JustinMacKendrick,United States,Draper,Utah,Furnishings,"DAX Copper Panel Document Frame, 5 x 7 Size",USD,25.16,2,10.57
Not_Applicable,CA-2012-102855,2012-04-05 00:00:00,2012-04-06 00:00:00,On time,JenniferFerguson,United States,Spokane,Washington,Accessories,SanDisk Ultra 64 GB MicroSDHC Class 10 Memory Card,USD,239.94,6,26.39
Not_Applicable,CA-2011-131247,2011-03-30 00:00:00,2011-04-04 00:00:00,Delay,GuyArmstrong,United States,San Francisco,California,Bookcases,O'Sullivan Living Dimensions 2-Shelf Bookcases,USD,205.67,2,-12.1
Not_Applicable,US-2014-147886,2014-03-29 00:00:00,2014-04-01 00:00:00,On time,DaveHallsten,United States,Fairfield,California,Storage,SAFCO Boltless Steel Shelving,USD,795.48,7,7.95
Not_Applicable,CA-2012-127418,2012-06-13 00:00:00,2012-06-14 00:00:00,On time,JenniferJackson,United States,Los Angeles,California,Binders,Aluminum Screw Posts,USD,36.62,3,13.73
Not_Applicable,US-2014-110604,2014-05-16 00:00:00,2014-05-21 00:00:00,Delay,JasonFortune-,United States,Seattle,Washington,Chairs,SAFCO Arco Folding Chair,USD,220.96,1,24.86
Not_Applicable,CA-2011-107139,2011-07-05 00:00:00,2011-07-11 00:00:00,Delay,DennisPardue,United States,Los Angeles,California,Binders,Vinyl Sectional Post Binders,USD,180.96,6,67.86
Not_Applicable,CA-2012-129546,2012-09-28 00:00:00,2012-10-05 00:00:00,Delay,RoyPhan,United States,Los Angeles,California,Binders,GBC Recycled VeloBinder Covers,USD,81.79,6,26.58
Not_Applicable,CA-2013-123512,2013-06-18 00:00:00,2013-06-20 00:00:00,On time,MikeVittorini,United States,Los Angeles,California,Paper,Xerox 1914,USD,219.84,4,107.72
Not_Applicable,CA-2013-116379,2013-11-08 00:00:00,2013-11-13 00:00:00,Delay,LisaDeCherney,United States,San Francisco,California,Binders,GBC VeloBinder Manual Binding System,USD,57.58,2,20.15
Not_Applicable,CA-2013-116547,2013-01-10 00:00:00,2013-01-17 00:00:00,Delay,KenBlack,United States,Seattle,Washington,Accessories,Logitech Media Keyboard K200,USD,69.98,2,13.3
Not_Applicable,CA-2011-164210,2011-11-18 00:00:00,2011-11-20 00:00:00,On time,PierreWener,United States,Louisville,Colorado,Tables,Bevis Rectangular Conference Tables,USD,145.98,2,-99.27
Not_Applicable,CA-2011-143917,2011-07-25 00:00:00,2011-07-27 00:00:00,On time,KenLonsdale,United States,San Francisco,California,Supplies,High Speed Automatic Electric Letter Opener,USD,8187.65,5,327.51
Not_Applicable,CA-2012-118948,2012-05-28 00:00:00,2012-06-03 00:00:00,Delay,NeilKnudson,United States,Seattle,Washington,Art,Newell 311,USD,6.63,3,1.79
Not_Applicable,CA-2012-146465,2012-11-20 00:00:00,2012-11-24 00:00:00,On time,PatrickBzostek,United States,San Francisco,California,Binders,Cardinal Poly Pocket Divider Pockets for Ring Binders,USD,24.19,9,7.56
Not_Applicable,CA-2014-127096,2014-09-16 00:00:00,2014-09-18 00:00:00,On time,ChristopherSchild,United States,San Francisco,California,Tables,Bretford Rectangular Conference Table Tops,USD,300.9,1,11.28
Not_Applicable,CA-2013-109953,2013-07-15 00:00:00,2013-07-19 00:00:00,On time,RaymondBuch,United States,San Francisco,California,Phones,Panasonic Kx-TS550,USD,110.38,3,12.42
Not_Applicable,CA-2013-106656,2013-09-24 00:00:00,2013-09-27 00:00:00,On time,DarrinVanHuff,United States,San Diego,California,Envelopes,Poly String Tie Envelopes,USD,4.08,2,1.92
Not_Applicable,CA-2011-122679,2011-07-22 00:00:00,2011-07-28 00:00:00,Delay,AlejandroBallentine,United States,Los Angeles,California,Art,Crayola Colored Pencils,USD,19.68,6,6.49
Not_Applicable,US-2014-148054,2014-10-07 00:00:00,2014-10-12 00:00:00,Delay,NickZandusky,United States,Meridian,Idaho,Paper,Computer Printout Paper with Letter-Trim Perforations,USD,37.94,2,18.21
Not_Applicable,CA-2012-150770,2012-05-03 00:00:00,2012-05-06 00:00:00,On time,LenaCacioppo,United States,San Francisco,California,Accessories,Logitech Gaming G510s - Keyboard,USD,339.96,4,122.39
Not_Applicable,US-2012-146745,2012-09-03 00:00:00,2012-09-08 00:00:00,Delay,AnnSteele,United States,San Francisco,California,Binders,"Avery Durable Slant Ring Binders, No Labels",USD,6.37,2,2.15
Not_Applicable,CA-2011-151295,2011-11-12 00:00:00,2011-11-16 00:00:00,On time,JosephAirdo,United States,Los Angeles,California,Tables,Bevis Boat-Shaped Conference Table,USD,629.06,3,31.45
Not_Applicable,CA-2014-159226,2014-04-26 00:00:00,2014-04-28 00:00:00,On time,RobLucas,United States,Los Angeles,California,Bookcases,"Bush Westfield Collection Bookcases, Medium Cherry Finish",USD,344.98,7,28.41
Not_Applicable,CA-2012-120880,2012-05-29 00:00:00,2012-06-03 00:00:00,Delay,JohnLucas,United States,Seattle,Washington,Paper,Xerox 1894,USD,32.4,5,15.55
Not_Applicable,CA-2013-167241,2013-08-16 00:00:00,2013-08-23 00:00:00,Delay,BillDonatelli,United States,Los Angeles,California,Phones,AT&T 841000 Phone,USD,165.6,3,10.35
Not_Applicable,CA-2012-124800,2012-09-26 00:00:00,2012-09-30 00:00:00,On time,RickWilson,United States,Mesa,Arizona,Binders,GBC VeloBinder Electric Binding Machine,USD,72.59,2,-48.39
Not_Applicable,CA-2014-139080,2014-01-24 00:00:00,2014-01-29 00:00:00,Delay,ChrisSelesnick,United States,Seattle,Washington,Binders,Pressboard Hanging Data Binders for Unburst Sheets,USD,19.68,5,6.89
Not_Applicable,CA-2012-142944,2012-03-06 00:00:00,2012-03-11 00:00:00,Delay,JohnLucas,United States,San Francisco,California,Furnishings,Deflect-o Glass Clear Studded Chair Mats,USD,435.26,7,95.76
Not_Applicable,CA-2014-143665,2014-04-27 00:00:00,2014-05-02 00:00:00,Delay,PhilisseOvercash,United States,Seattle,Washington,Paper,Strathmore Photo Mount Cards,USD,20.34,3,9.36
Not_Applicable,CA-2014-131492,2014-10-20 00:00:00,2014-10-25 00:00:00,Delay,HilaryHolden,United States,San Francisco,California,Labels,Avery 518,USD,31.5,10,15.12
Not_Applicable,CA-2012-119627,2012-08-17 00:00:00,2012-08-23 00:00:00,Delay,StevenCartwright,United States,Peoria,Arizona,Paper,Xerox 21,USD,36.29,7,12.7
Not_Applicable,CA-2013-140382,2013-06-24 00:00:00,2013-06-26 00:00:00,On time,RubenDartt,United States,San Francisco,California,Phones,Nortel Meridian M3904 Professional Digital phone,USD,862.34,7,97.01
Not_Applicable,CA-2013-166163,2013-08-16 00:00:00,2013-08-21 00:00:00,Delay,CraigYedwab,United States,Oakland,California,Phones,Nokia Lumia 521 (T-Mobile),USD,71.98,3,7.2
Not_Applicable,CA-2011-153983,2011-11-29 00:00:00,2011-12-06 00:00:00,Delay,AlanHwang,United States,San Francisco,California,Phones,Wilson SignalBoost 841262 DB PRO Amplifier Kit,USD,575.92,2,71.99
Not_Applicable,CA-2014-134152,2014-05-28 00:00:00,2014-06-01 00:00:00,On time,RoyPhan,United States,Seattle,Washington,Art,Staples,USD,31.44,3,7.86
Not_Applicable,CA-2014-123778,2014-09-24 00:00:00,2014-10-01 00:00:00,Delay,BruceStewart,United States,San Francisco,California,Binders,"Acco PRESSTEX Data Binder with Storage Hooks, Light Blue, 9 1/2"" X 11""",USD,25.82,6,9.04
Not_Applicable,CA-2011-146969,2011-09-29 00:00:00,2011-10-03 00:00:00,On time,ArthurPrichep,United States,Los Angeles,California,Furnishings,Luxo Professional Combination Clamp-On Lamps,USD,204.6,2,53.2
Not_Applicable,CA-2014-140963,2014-06-11 00:00:00,2014-06-14 00:00:00,On time,MichelleTran,United States,Los Angeles,California,Bookcases,O'Sullivan Living Dimensions 2-Shelf Bookcases,USD,514.17,5,-30.25
Not_Applicable,CA-2012-143616,2012-09-27 00:00:00,2012-09-29 00:00:00,On time,SaphhiraShifley,United States,Seattle,Washington,Art,Newell 334,USD,99.2,5,25.79
Not_Applicable,CA-2014-131212,2014-12-06 00:00:00,2014-12-10 00:00:00,On time,AlanBarnes,United States,Bellevue,Washington,Binders,Zipper Ring Binder Pockets,USD,14.98,6,5.43
Not_Applicable,US-2011-160780,2011-06-21 00:00:00,2011-06-21 00:00:00,On time,StewartVisinsky,United States,Pueblo,Colorado,Binders,"Avery Trapezoid Extra Heavy Duty 4"" Binders",USD,25.16,2,-16.78
Not_Applicable,US-2011-150532,2011-07-14 00:00:00,2011-07-21 00:00:00,Delay,PhilipBrown,United States,Phoenix,Arizona,Storage,Eldon Fold 'N Roll Cart System,USD,55.92,5,6.29
Not_Applicable,CA-2014-107174,2014-11-07 00:00:00,2014-11-14 00:00:00,Delay,AdamBellavance,United States,Seattle,Washington,Chairs,Hon 2090 “Pillow Soft” Series Mid Back Swivel/Tilt Chairs,USD,449.57,2,-73.05
Not_Applicable,CA-2012-164882,2012-10-31 00:00:00,2012-10-31 00:00:00,On time,SandraGlassco,United States,Redlands,California,Fasteners,OIC Bulk Pack Metal Binder Clips,USD,17.45,5,8.03
Not_Applicable,CA-2013-150350,2013-08-24 00:00:00,2013-08-31 00:00:00,Delay,MaxwellSchwartz,United States,Seattle,Washington,Machines,Okidata C331dn Printer,USD,837.6,3,62.82
Not_Applicable,CA-2012-121776,2012-02-16 00:00:00,2012-02-21 00:00:00,Delay,RobDowd,United States,Los Angeles,California,Labels,Avery 485,USD,87.71,7,41.22
Not_Applicable,CA-2012-151470,2012-09-20 00:00:00,2012-09-26 00:00:00,Delay,AnneMcFarland,United States,Las Vegas,Nevada,Binders,Wilson Jones Impact Binders,USD,45.58,11,16.52
Not_Applicable,CA-2011-133389,2011-06-22 00:00:00,2011-06-22 00:00:00,On time,TobyBraunhardt,United States,Phoenix,Arizona,Binders,SpineVue Locking Slant-D Ring Binders by Cardinal,USD,8.23,3,-6.03
Not_Applicable,CA-2014-141117,2014-10-03 00:00:00,2014-10-09 00:00:00,Delay,JulianaKrohn,United States,Springfield,Oregon,Bookcases,O'Sullivan 4-Shelf Bookcase in Odessa Pine,USD,217.76,6,-384.72
Not_Applicable,CA-2014-156958,2014-12-06 00:00:00,2014-12-07 00:00:00,On time,PatrickBzostek,United States,Seattle,Washington,Phones,Cyber Acoustics AC-202b Speech Recognition Stereo Headset,USD,31.18,3,-7.01
Not_Applicable,US-2011-117163,2011-01-28 00:00:00,2011-02-03 00:00:00,Delay,EdJacobs,United States,San Diego,California,Tables,Balt Split Level Computer Training Table,USD,333.0,3,-16.65
Not_Applicable,CA-2014-166695,2014-05-21 00:00:00,2014-05-25 00:00:00,On time,ChuckClark,United States,Lakewood,California,Furnishings,G.E. Halogen Desk Lamp Bulbs,USD,6.98,1,3.35
Not_Applicable,CA-2011-139451,2011-10-12 00:00:00,2011-10-16 00:00:00,On time,DuaneNoonan,United States,San Francisco,California,Storage,"Sortfiler Multipurpose Personal File Organizer, Black",USD,21.39,1,6.2
Not_Applicable,US-2013-123610,2013-05-13 00:00:00,2013-05-17 00:00:00,On time,VivianMathis,United States,Mission Viejo,California,Accessories,Memorex Mini Travel Drive 32 GB USB 2.0 Flash Drive,USD,120.0,6,46.8
Not_Applicable,CA-2012-149636,2012-01-06 00:00:00,2012-01-12 00:00:00,Delay,StefaniaPerrino,United States,Colorado Springs,Colorado,Binders,Recycled Pressboard Report Cover with Reinforced Top Hinge,USD,1.94,2,-1.36
Not_Applicable,CA-2014-140515,2014-03-20 00:00:00,2014-03-25 00:00:00,Delay,GeorgeZrebassa,United States,Los Angeles,California,Appliances,Belkin 5 Outlet SurgeMaster Power Centers,USD,381.36,7,106.78
Not_Applicable,US-2011-120740,2011-04-15 00:00:00,2011-04-15 00:00:00,On time,PaulStevenson,United States,Los Angeles,California,Appliances,Belkin F9G930V10-GRY 9 Outlet Surge,USD,106.96,2,31.02
Not_Applicable,CA-2012-155306,2012-04-17 00:00:00,2012-04-21 00:00:00,On time,GeorgeAshbrook,United States,San Francisco,California,Phones,Plantronics Calisto P620-M USB Wireless Speakerphone System,USD,783.96,5,68.6
Not_Applicable,US-2014-147655,2014-09-05 00:00:00,2014-09-06 00:00:00,On time,AaronSmayling,United States,Redmond,Oregon,Binders,"Avery Trapezoid Extra Heavy Duty 4"" Binders",USD,88.07,7,-58.72
Not_Applicable,CA-2014-126242,2014-11-20 00:00:00,2014-11-25 00:00:00,Delay,MickCrebagga,United States,Los Angeles,California,Furnishings,"Executive Impressions 13-1/2"" Indoor/Outdoor Wall Clock",USD,18.7,1,7.11
Not_Applicable,CA-2014-153227,2014-12-05 00:00:00,2014-12-07 00:00:00,On time,ChrisSelesnick,United States,Los Angeles,California,Paper,"Adams Telephone Message Book W/Dividers/Space For Phone Numbers, 5 1/4""X8 1/2"", 300/Messages",USD,11.76,2,5.76
Not_Applicable,TRN-2026-1018,2026-03-15 00:00:00,2026-03-17 00:00:00,On time,Trainer_Account,United States,Boston,Massachusetts,Beauty & Personal Care,Crest 3D White Professional Effects Whitestrips,USD,10.58,2,1.64
Not_Applicable,CA-2012-101707,2012-08-27 00:00:00,2012-09-01 00:00:00,Delay,PhilipFox,United States,San Diego,California,Paper,Xerox 1973,USD,114.2,5,52.53
Not_Applicable,US-2013-157490,2013-10-07 00:00:00,2013-10-08 00:00:00,On time,LaurelBeltran,United States,Pueblo,Colorado,Accessories,"Memorex 25GB 6X Branded Blu-Ray Recordable Disc, 15/Pack",USD,67.96,5,0.85
Not_Applicable,CA-2012-133837,2012-04-13 00:00:00,2012-04-18 00:00:00,Delay,TheaHendricks,United States,Glendale,Arizona,Storage,"Neat Ideas Personal Hanging Folder Files, Black",USD,10.74,1,0.81
Not_Applicable,CA-2011-128237,2011-03-25 00:00:00,2011-03-30 00:00:00,Delay,ChristinaAnderson,United States,San Francisco,California,Art,Newell 35,USD,6.56,2,1.9
Not_Applicable,CA-2014-107853,2014-05-27 00:00:00,2014-06-01 00:00:00,Delay,CarlosDaly,United States,Oceanside,California,Paper,Xerox 201,USD,12.96,2,6.22
Not_Applicable,US-2013-169040,2013-12-07 00:00:00,2013-12-13 00:00:00,Delay,GregTran,United States,Seattle,Washington,Binders,GBC Standard Therm-A-Bind Covers,USD,59.81,3,19.44
Not_Applicable,CA-2014-101665,2014-11-26 00:00:00,2014-12-02 00:00:00,Delay,TracyZic,United States,San Francisco,California,Art,DIXON Oriole Pencils,USD,5.16,2,1.34
Not_Applicable,US-2012-129007,2012-09-13 00:00:00,2012-09-15 00:00:00,On time,KenDana,United States,Anaheim,California,Furnishings,Flat Face Poster Frame,USD,131.88,7,55.39
Not_Applicable,US-2014-124821,2014-06-26 00:00:00,2014-06-30 00:00:00,On time,AnneMcFarland,United States,Seattle,Washington,Tables,"Chromcraft Bull-Nose Wood Round Conference Table Top, Wood Base",USD,871.4,4,148.14
Not_Applicable,CA-2013-103107,2013-07-05 00:00:00,2013-07-05 00:00:00,On time,RickBensley,United States,Seattle,Washington,Phones,OtterBox Defender Series Case - Samsung Galaxy S4,USD,71.98,3,9.0
Not_Applicable,US-2013-169040,2013-12-07 00:00:00,2013-12-13 00:00:00,Delay,GregTran,United States,Seattle,Washington,Paper,"Snap-A-Way Black Print Carbonless Ruled Speed Letter, Triplicate",USD,189.7,5,89.16
Not_Applicable,US-2014-113852,2014-07-30 00:00:00,2014-08-03 00:00:00,On time,GiuliettaWeimer,United States,Seattle,Washington,Accessories,Imation 8GB Mini TravelDrive USB 2.0 Flash Drive,USD,90.57,3,11.77
Not_Applicable,US-2014-147886,2014-03-29 00:00:00,2014-04-01 00:00:00,On time,DaveHallsten,United States,Fairfield,California,Furnishings,DAX Black Cherry Wood-Tone Poster Frame,USD,26.48,1,10.06
Not_Applicable,CA-2011-101392,2011-12-07 00:00:00,2011-12-13 00:00:00,Delay,AnnSteele,United States,Seattle,Washington,Storage,Advantus Rolling Drawer Organizers,USD,269.36,7,70.03
Not_Applicable,CA-2014-161333,2014-02-03 00:00:00,2014-02-08 00:00:00,Delay,JohnLee,United States,Los Angeles,California,Furnishings,"Howard Miller 11-1/2"" Diameter Grantwood Wall Clock",USD,86.26,2,29.33
Not_Applicable,CA-2014-143084,2014-03-19 00:00:00,2014-03-23 00:00:00,On time,BarryPond,United States,Los Angeles,California,Art,Prang Drawing Pencil Set,USD,13.9,5,3.75
Not_Applicable,CA-2011-159800,2011-11-28 00:00:00,2011-12-01 00:00:00,On time,SheriGordon,United States,San Francisco,California,Appliances,Acco 6 Outlet Guardian Premium Surge Suppressor,USD,43.68,3,11.79
Not_Applicable,CA-2011-140403,2011-10-10 00:00:00,2011-10-10 00:00:00,On time,TanjaNorvell,United States,Manteca,California,Envelopes,"#10- 4 1/8"" x 9 1/2"" Security-Tint Envelopes",USD,15.28,2,7.49
Not_Applicable,CA-2011-153808,2011-04-06 00:00:00,2011-04-10 00:00:00,On time,FrankHawley,United States,Los Angeles,California,Binders,"Avery Trapezoid Ring Binder, 3"" Capacity, Black, 1040 sheets",USD,65.57,2,23.77
Not_Applicable,CA-2014-131828,2014-02-12 00:00:00,2014-02-14 00:00:00,On time,CariSayre,United States,Seattle,Washington,Phones,"Logitech B530 USB Headset - headset - Full size, Binaural",USD,88.78,3,7.77
Not_Applicable,US-2013-113985,2013-12-03 00:00:00,2013-12-08 00:00:00,Delay,KeithDawkins,United States,San Jose,California,Furnishings,"Eldon Regeneration Recycled Desk Accessories, Black",USD,14.52,3,5.66
Not_Applicable,US-2014-106145,2014-09-27 00:00:00,2014-09-27 00:00:00,On time,RubenAusman,United States,San Francisco,California,Envelopes,Staples,USD,71.88,6,33.06
Not_Applicable,CA-2014-110478,2014-03-05 00:00:00,2014-03-10 00:00:00,Delay,SungPak,United States,Los Angeles,California,Art,American Pencil,USD,9.32,4,2.7
Not_Applicable,CA-2011-124737,2011-08-23 00:00:00,2011-08-27 00:00:00,On time,ArthurPrichep,United States,Denver,Colorado,Supplies,Acme Titanium Bonded Scissors,USD,6.8,1,0.51
Not_Applicable,CA-2011-125829,2011-11-04 00:00:00,2011-11-11 00:00:00,Delay,WilliamBrown,United States,Los Angeles,California,Phones,Polycom SoundPoint Pro SE-225 Corded phone,USD,666.34,7,66.63
Not_Applicable,CA-2011-127131,2011-11-24 00:00:00,2011-11-30 00:00:00,Delay,HaroldRyan,United States,Seattle,Washington,Paper,Xerox 220,USD,25.92,4,12.44
Not_Applicable,CA-2014-115931,2014-12-23 00:00:00,2014-12-27 00:00:00,On time,JimMitchum,United States,Carlsbad,New Mexico,Phones,"iKross Bluetooth Portable Keyboard + Cell Phone Stand Holder + Brush for Apple iPhone 5S 5C 5, 4S 4",USD,67.04,4,6.7
Not_Applicable,CA-2012-141936,2012-08-07 00:00:00,2012-08-12 00:00:00,Delay,ParhenaNorris,United States,Bakersfield,California,Binders,Cardinal Hold-It CD Pocket,USD,19.15,3,6.46
Not_Applicable,CA-2011-137351,2011-09-30 00:00:00,2011-10-04 00:00:00,On time,DougBickford,United States,Seattle,Washington,Binders,DXL Angle-View Binders with Locking Rings by Samsill,USD,43.18,7,13.49
Not_Applicable,CA-2013-119018,2013-11-05 00:00:00,2013-11-09 00:00:00,On time,CarlWeiss,United States,Los Angeles,California,Paper,Xerox 229,USD,38.88,6,18.66
Not_Applicable,CA-2013-114727,2013-07-19 00:00:00,2013-07-25 00:00:00,Delay,LindaSouthworth,United States,Denver,Colorado,Chairs,Hon GuestStacker Chair,USD,544.01,3,40.8
Not_Applicable,CA-2011-146969,2011-09-29 00:00:00,2011-10-03 00:00:00,On time,ArthurPrichep,United States,Los Angeles,California,Storage,"Fellowes Mobile File Cart, Black",USD,62.18,1,16.79
Not_Applicable,CA-2013-164889,2013-06-04 00:00:00,2013-06-07 00:00:00,On time,ChristinePhan,United States,Los Angeles,California,Tables,Hon 61000 Series Interactive Training Tables,USD,71.09,2,-1.78
Not_Applicable,CA-2012-149566,2012-12-05 00:00:00,2012-12-10 00:00:00,Delay,GeorgeBell,United States,Los Angeles,California,Labels,Avery 488,USD,12.6,4,6.05
Not_Applicable,CA-2012-116092,2012-02-15 00:00:00,2012-02-18 00:00:00,On time,JustinMacKendrick,United States,Los Angeles,California,Appliances,Kensington 6 Outlet MasterPiece HOMEOFFICE Power Control Center,USD,541.44,6,157.02
Not_Applicable,US-2014-128398,2014-05-03 00:00:00,2014-05-06 00:00:00,On time,ElizabethMoffitt,United States,Los Angeles,California,Accessories,Logitech MX Performance Wireless Mouse,USD,159.56,4,59.04
Not_Applicable,CA-2011-143336,2011-08-27 00:00:00,2011-09-01 00:00:00,Delay,ZuschussDonatelli,United States,San Francisco,California,Art,Newell 341,USD,8.56,2,2.48
Not_Applicable,CA-2012-121188,2012-08-28 00:00:00,2012-09-04 00:00:00,Delay,CassandraBrandow,United States,Los Angeles,California,Phones,invisibleSHIELD by ZAGG Smudge-Free Screen Protector,USD,43.18,3,15.11
Not_Applicable,CA-2014-161578,2014-12-17 00:00:00,2014-12-22 00:00:00,Delay,RickBensley,United States,Los Angeles,California,Storage,"Safco Wire Cube Shelving System, For Use as 4 or 5 14"" Cubes, Black",USD,158.9,5,7.95
Not_Applicable,CA-2013-108875,2013-09-25 00:00:00,2013-10-02 00:00:00,Delay,CraigLeslie,United States,Aurora,Colorado,Storage,Sensible Storage WireTech Storage Systems,USD,511.06,9,-95.82
Not_Applicable,CA-2011-113579,2011-12-13 00:00:00,2011-12-15 00:00:00,On time,KatherineDucich,United States,Los Angeles,California,Paper,White GlueTop Scratch Pads,USD,90.24,6,41.51
Not_Applicable,CA-2011-155264,2011-10-19 00:00:00,2011-10-22 00:00:00,On time,RachelPayne,United States,San Francisco,California,Binders,Avery Durable Slant Ring Binders With Label Holder,USD,20.06,6,7.02
Not_Applicable,CA-2013-162138,2013-04-24 00:00:00,2013-04-28 00:00:00,On time,GraceKelly,United States,Hesperia,California,Binders,Ibico Laser Imprintable Binding System Covers,USD,251.52,6,81.74
Not_Applicable,US-2011-110674,2011-02-13 00:00:00,2011-02-19 00:00:00,Delay,SanjitChand,United States,Concord,California,Chairs,"Global Geo Office Task Chair, Gray",USD,129.57,2,-24.29
Not_Applicable,CA-2014-121048,2014-07-15 00:00:00,2014-07-19 00:00:00,On time,TobyCarlisle,United States,Westminster,California,Fasteners,"OIC Binder Clips, Mini, 1/4"" Capacity, Black",USD,4.96,4,2.33
Not_Applicable,US-2011-164406,2011-08-15 00:00:00,2011-08-19 00:00:00,On time,BrianDahlen,United States,San Francisco,California,Chairs,Novimex Fabric Task Chair,USD,195.14,4,-12.2
Not_Applicable,CA-2012-126725,2012-11-17 00:00:00,2012-11-21 00:00:00,On time,BrianStugart,United States,San Diego,California,Storage,Carina Media Storage Towers in Natural & Black,USD,304.9,5,6.1
Not_Applicable,CA-2012-113040,2012-08-27 00:00:00,2012-08-31 00:00:00,On time,ChadCunningham,United States,Los Angeles,California,Binders,Avery Heavy-Duty EZD View Binder with Locking Rings,USD,5.1,1,1.66
Not_Applicable,CA-2013-103107,2013-07-05 00:00:00,2013-07-05 00:00:00,On time,RickBensley,United States,Seattle,Washington,Furnishings,"Master Caster Door Stop, Brown",USD,25.4,5,8.64
Not_Applicable,TRN-2026-1019,2026-03-15 00:00:00,2026-03-17 00:00:00,On time,Trainer_Account,United States,Boston,Massachusetts,Home & Kitchen,"KitchenAid Classic Mixing Bowls, Set of 3",USD,18.69,1,18.49
Not_Applicable,CA-2014-158169,2014-08-13 00:00:00,2014-08-16 00:00:00,On time,JustinMacKendrick,United States,Lake Forest,California,Furnishings,DAX Wood Document Frame,USD,54.92,4,19.77
Not_Applicable,US-2012-120502,2012-04-13 00:00:00,2012-04-19 00:00:00,Delay,BillTyler,United States,Los Angeles,California,Furnishings,Flat Face Poster Frame,USD,37.68,2,15.83
Not_Applicable,US-2014-132444,2014-11-19 00:00:00,2014-11-22 00:00:00,On time,ChristinaDeMoss,United States,Seattle,Washington,Storage,Eldon Portable Mobile Manager,USD,169.68,6,45.81
Not_Applicable,US-2014-147886,2014-03-29 00:00:00,2014-04-01 00:00:00,On time,DaveHallsten,United States,Fairfield,California,Paper,Xerox 1977,USD,20.04,3,9.62
Not_Applicable,CA-2012-137750,2012-06-25 00:00:00,2012-06-30 00:00:00,Delay,JillFjeld,United States,San Francisco,California,Furnishings,Dana Halogen Swing-Arm Architect Lamp,USD,204.85,5,57.36
Not_Applicable,CA-2012-158456,2012-12-24 00:00:00,2012-12-29 00:00:00,Delay,KeanTakahito,United States,Los Angeles,California,Fasteners,"Vinyl Coated Wire Paper Clips in Organizer Box, 800/Box",USD,45.92,4,21.58
Not_Applicable,CA-2013-107328,2013-08-09 00:00:00,2013-08-16 00:00:00,Delay,CathyArmstrong,United States,Los Angeles,California,Binders,Acco Hanging Data Binders,USD,15.24,5,5.33
Not_Applicable,CA-2014-142643,2014-10-16 00:00:00,2014-10-21 00:00:00,Delay,DionisLloyd,United States,Thousand Oaks,California,Labels,"Avery 4027 File Folder Labels for Dot Matrix Printers, 5000 Labels per Box, White",USD,152.65,5,70.22
Not_Applicable,CA-2011-126361,2011-08-04 00:00:00,2011-08-09 00:00:00,Delay,ValerieDominguez,United States,Pleasant Grove,Utah,Paper,Xerox 1934,USD,447.84,8,219.44
Not_Applicable,CA-2014-102099,2014-12-19 00:00:00,2014-12-20 00:00:00,On time,EmilyPhan,United States,Los Angeles,California,Paper,Xerox 213,USD,32.4,5,15.55
Not_Applicable,CA-2014-101700,2014-04-24 00:00:00,2014-04-27 00:00:00,On time,SeanO'Donnell,United States,Greeley,Colorado,Envelopes,Staples,USD,18.69,2,7.01
Not_Applicable,CA-2011-107181,2011-02-05 00:00:00,2011-02-09 00:00:00,On time,DeborahBrumfield,United States,San Diego,California,Paper,"Message Book, Standard Line ""While You Were Out"", 5 1/2"" X 4"", 200 Sets/Book",USD,34.24,4,16.09
Not_Applicable,CA-2012-134075,2012-12-12 00:00:00,2012-12-16 00:00:00,On time,HelenAbelman,United States,San Jose,California,Furnishings,Eldon Cleatmat Chair Mats for Medium Pile Carpets,USD,166.5,3,21.65
Not_Applicable,CA-2014-151183,2014-10-15 00:00:00,2014-10-20 00:00:00,Delay,BerenikeKampe,United States,San Francisco,California,Accessories,"Verbatim 25 GB 6x Blu-ray Single Layer Recordable Disc, 10/Pack",USD,46.36,4,15.3
Not_Applicable,CA-2014-144484,2014-09-12 00:00:00,2014-09-12 00:00:00,On time,CassandraBrandow,United States,San Francisco,California,Appliances,Kensington 4 Outlet MasterPiece Compact Power Control Center,USD,406.6,5,113.85
Not_Applicable,CA-2012-100146,2012-05-14 00:00:00,2012-05-19 00:00:00,Delay,ClaudiaBergmann,United States,Camarillo,California,Chairs,Novimex Fabric Task Chair,USD,97.57,2,-6.1
Not_Applicable,CA-2014-130141,2014-10-23 00:00:00,2014-10-25 00:00:00,On time,HelenAbelman,United States,Fort Collins,Colorado,Binders,Storex Flexible Poly Binders with Double Pockets,USD,3.17,4,-2.53
Not_Applicable,US-2011-117163,2011-01-28 00:00:00,2011-02-03 00:00:00,Delay,EdJacobs,United States,San Diego,California,Storage,Recycled Steel Personal File for Hanging File Folders,USD,57.23,1,14.31
Not_Applicable,CA-2013-145898,2013-09-27 00:00:00,2013-09-27 00:00:00,On time,ChuckMagee,United States,Redlands,California,Paper,Great White Multi-Use Recycled Paper (20Lb. and 84 Bright),USD,29.9,5,13.46
Not_Applicable,CA-2014-111591,2014-03-22 00:00:00,2014-03-26 00:00:00,On time,PaulStevenson,United States,Seattle,Washington,Furnishings,"Eldon Expressions Wood Desk Accessories, Oak",USD,22.14,3,6.42
Not_Applicable,CA-2012-135580,2012-12-30 00:00:00,2013-01-03 00:00:00,On time,ClayLudtke,United States,Los Angeles,California,Envelopes,Tyvek Side-Opening Peel & Seel Expanding Envelopes,USD,271.44,3,122.15
Not_Applicable,CA-2014-135937,2014-02-21 00:00:00,2014-02-28 00:00:00,Delay,KatherineMurray,United States,Gilbert,Arizona,Accessories,Microsoft Wireless Mobile Mouse 4000,USD,31.99,1,4.8
Not_Applicable,CA-2013-154053,2013-03-05 00:00:00,2013-03-11 00:00:00,Delay,MichaelGranlund,United States,San Diego,California,Art,Berol Giant Pencil Sharpener,USD,16.99,1,4.93
Not_Applicable,CA-2014-143378,2014-09-20 00:00:00,2014-09-26 00:00:00,Delay,JustinRitter,United States,Springfield,Oregon,Phones,Mophie Juice Pack Helium for iPhone,USD,191.98,3,19.2
Not_Applicable,CA-2013-161746,2013-10-22 00:00:00,2013-10-28 00:00:00,Delay,CarlosSoltero,United States,Los Angeles,California,Storage,SAFCO Boltless Steel Shelving,USD,340.92,3,3.41
Not_Applicable,US-2013-151862,2013-03-02 00:00:00,2013-03-09 00:00:00,Delay,OdellaNelson,United States,Denver,Colorado,Phones,RCA ViSYS 25423RE1 Corded phone,USD,159.98,2,14.0
Not_Applicable,CA-2013-114748,2013-10-10 00:00:00,2013-10-15 00:00:00,Delay,MariaZettner,United States,Phoenix,Arizona,Furnishings,"Tenex 46"" x 60"" Computer Anti-Static Chairmat, Rectangular Shaped",USD,169.57,2,0.0
Not_Applicable,CA-2013-131639,2013-12-18 00:00:00,2013-12-24 00:00:00,Delay,NoelStaavos,United States,Carlsbad,New Mexico,Binders,"GBC Laser Imprintable Binding System Covers, Desert Sand",USD,11.42,1,3.85
Not_Applicable,CA-2013-162348,2013-11-11 00:00:00,2013-11-16 00:00:00,Delay,BenFerrer,United States,Sacramento,California,Furnishings,"Eldon Expressions Wood and Plastic Desk Accessories, Oak",USD,9.98,1,2.79
Not_Applicable,CA-2011-162992,2011-12-19 00:00:00,2011-12-21 00:00:00,On time,BartPistole,United States,Los Angeles,California,Phones,Wi-Ex zBoost YX540 Cellular Phone Signal Booster,USD,583.8,5,72.98
Not_Applicable,US-2014-140907,2014-12-11 00:00:00,2014-12-13 00:00:00,On time,BenPeterman,United States,Seattle,Washington,Accessories,Logitech Desktop MK120 Mouse and keyboard Combo,USD,49.08,3,4.91
Not_Applicable,CA-2012-163440,2012-03-22 00:00:00,2012-03-24 00:00:00,On time,RubenDartt,United States,Thousand Oaks,California,Phones,Square Credit Card Reader,USD,15.98,2,1.2
Not_Applicable,CA-2014-166128,2014-04-12 00:00:00,2014-04-19 00:00:00,Delay,LukeWeiss,United States,Pasadena,California,Art,"Dixon Ticonderoga Erasable Colored Pencil Set, 12-Color",USD,41.86,7,14.23
Not_Applicable,CA-2014-149881,2014-04-02 00:00:00,2014-04-04 00:00:00,On time,NickCrebassa,United States,San Francisco,California,Bookcases,"Safco Value Mate Steel Bookcase, Baked Enamel Finish on Steel, Black",USD,482.66,8,85.18
Not_Applicable,CA-2011-111962,2011-09-29 00:00:00,2011-10-04 00:00:00,Delay,EvanBailliet,United States,Seattle,Washington,Binders,GBC Standard Plastic Binding Systems' Combs,USD,10.05,2,3.14
Not_Applicable,CA-2013-123512,2013-06-18 00:00:00,2013-06-20 00:00:00,On time,MikeVittorini,United States,Los Angeles,California,Bookcases,"Bush Heritage Pine Collection 5-Shelf Bookcase, Albany Pine Finish, *Special Order",USD,239.67,2,14.1
Not_Applicable,CA-2012-168207,2012-11-02 00:00:00,2012-11-06 00:00:00,On time,LizThompson,United States,San Diego,California,Binders,GBC Premium Transparent Covers with Diagonal Lined Pattern,USD,117.49,7,41.12
Not_Applicable,CA-2014-105487,2014-10-09 00:00:00,2014-10-15 00:00:00,Delay,ChrisSelesnick,United States,San Diego,California,Accessories,KeyTronic E03601U1 - Keyboard - Beige,USD,36.0,2,6.48
Not_Applicable,CA-2013-125794,2013-09-30 00:00:00,2013-10-04 00:00:00,On time,MarisLaWare,United States,Los Angeles,California,Accessories,Memorex Mini Travel Drive 64 GB USB 2.0 Flash Drive,USD,36.24,1,15.22
Not_Applicable,CA-2012-109638,2012-12-15 00:00:00,2012-12-22 00:00:00,Delay,JosephHolt,United States,Seattle,Washington,Accessories,Logitech G700s Rechargeable Gaming Mouse,USD,899.91,9,377.96
Not_Applicable,CA-2012-155334,2012-07-30 00:00:00,2012-07-31 00:00:00,On time,HelenAndreada,United States,San Francisco,California,Binders,Presstex Flexible Ring Binders,USD,10.92,3,4.1
Not_Applicable,US-2013-139087,2013-07-18 00:00:00,2013-07-23 00:00:00,Delay,DennisKane,United States,Seattle,Washington,Binders,"Pressboard Data Binder, Crimson, 12"" X 8 1/2""",USD,12.82,3,4.17
Not_Applicable,CA-2011-157882,2011-10-03 00:00:00,2011-10-08 00:00:00,Delay,AllenRosenblatt,United States,Los Angeles,California,Tables,Bevis Round Conference Room Tables and Bases,USD,143.43,1,3.59
Not_Applicable,CA-2012-150875,2012-11-16 00:00:00,2012-11-20 00:00:00,On time,HeatherKirkland,United States,Boise,Idaho,Phones,Jabra BIZ 2300 Duo QD Duo Corded Headset,USD,304.78,3,22.86
Not_Applicable,CA-2011-148614,2011-01-21 00:00:00,2011-01-26 00:00:00,Delay,MarkVanHuff,United States,Los Angeles,California,Furnishings,"Eldon Expressions Desk Accessory, Wood Pencil Holder, Oak",USD,19.3,2,5.79
Not_Applicable,CA-2012-127502,2012-12-10 00:00:00,2012-12-14 00:00:00,On time,MegTillman,United States,San Francisco,California,Labels,Avery File Folder Labels,USD,5.76,2,2.82
Not_Applicable,US-2011-139640,2011-11-07 00:00:00,2011-11-11 00:00:00,On time,TroyBlackwell,United States,Portland,Oregon,Paper,Xerox 1995,USD,25.92,5,9.07
Not_Applicable,CA-2011-166954,2011-04-25 00:00:00,2011-04-30 00:00:00,Delay,BethThompson,United States,San Gabriel,California,Furnishings,"Tenex Traditional Chairmats for Medium Pile Carpet, Standard Lip, 36"" x 48""",USD,303.25,5,63.68
Not_Applicable,US-2014-147886,2014-03-29 00:00:00,2014-04-01 00:00:00,On time,DaveHallsten,United States,Fairfield,California,Machines,StarTech.com 10/100 VDSL2 Ethernet Extender Kit,USD,532.72,2,53.27
Not_Applicable,CA-2014-149881,2014-04-02 00:00:00,2014-04-04 00:00:00,On time,NickCrebassa,United States,San Francisco,California,Machines,Cubify CubeX 3D Printer Double Head Print,USD,4799.98,2,360.0
Not_Applicable,CA-2014-130148,2014-09-25 00:00:00,2014-09-29 00:00:00,On time,NeilKnudson,United States,San Francisco,California,Paper,Array Memo Cubes,USD,31.08,6,15.23
Not_Applicable,CA-2013-123337,2013-09-17 00:00:00,2013-09-23 00:00:00,Delay,KeithDawkins,United States,San Jose,California,Appliances,"Eureka Sanitaire  Multi-Pro Heavy-Duty Upright, Disposable Bags",USD,17.48,4,4.54
Not_Applicable,CA-2011-168494,2011-12-12 00:00:00,2011-12-14 00:00:00,On time,NoraPreis,United States,Fresno,California,Tables,Hon Non-Folding Utility Tables,USD,764.69,6,95.59
Not_Applicable,CA-2013-128223,2013-06-15 00:00:00,2013-06-15 00:00:00,On time,EdBraxton,United States,Anaheim,California,Tables,"Bush Cubix Conference Tables, Fully Assembled",USD,1293.49,7,80.84
Not_Applicable,CA-2013-107216,2013-06-15 00:00:00,2013-06-18 00:00:00,On time,PaulVanHugh,United States,San Francisco,California,Accessories,Logitech ClearChat Comfort/USB Headset H390,USD,29.29,1,9.67
Not_Applicable,US-2014-106145,2014-09-27 00:00:00,2014-09-27 00:00:00,On time,RubenAusman,United States,San Francisco,California,Binders,Fellowes PB300 Plastic Comb Binding Machine,USD,931.18,3,314.27
Not_Applicable,US-2014-141509,2014-09-30 00:00:00,2014-10-02 00:00:00,On time,SoniaCooley,United States,Los Angeles,California,Art,Newell 334,USD,99.2,5,25.79
Not_Applicable,CA-2014-107321,2014-09-01 00:00:00,2014-09-05 00:00:00,On time,ArthurWiediger,United States,San Francisco,California,Phones,Aastra 6757i CT Wireless VoIP phone,USD,689.41,4,77.56
Not_Applicable,CA-2013-107328,2013-08-09 00:00:00,2013-08-16 00:00:00,Delay,CathyArmstrong,United States,Los Angeles,California,Tables,"Chromcraft 48"" x 96"" Racetrack Double Pedestal Table",USD,513.02,2,12.83
Not_Applicable,CA-2014-104619,2014-01-25 00:00:00,2014-01-30 00:00:00,Delay,KeithDawkins,United States,San Jose,California,Appliances,"Acco Six-Outlet Power Strip, 4' Cord Length",USD,25.86,3,6.72
Not_Applicable,CA-2013-127138,2013-03-13 00:00:00,2013-03-16 00:00:00,On time,DeanKatz,United States,San Francisco,California,Appliances,Euro-Pro Shark Turbo Vacuum,USD,154.9,5,40.27
Not_Applicable,US-2014-112347,2014-12-03 00:00:00,2014-12-07 00:00:00,On time,BillStewart,United States,Denver,Colorado,Phones,Macally Suction Cup Mount,USD,57.36,6,-14.34
Not_Applicable,CA-2012-134117,2012-12-17 00:00:00,2012-12-19 00:00:00,On time,PaulGonzalez,United States,Los Angeles,California,Binders,Avery Arch Ring Binders,USD,92.96,2,31.37
Not_Applicable,CA-2014-117261,2014-09-05 00:00:00,2014-09-11 00:00:00,Delay,TiffanyHouse,United States,Los Angeles,California,Storage,"Rogers Jumbo File, Granite",USD,54.32,4,0.54
Not_Applicable,CA-2013-134348,2013-11-13 00:00:00,2013-11-20 00:00:00,Delay,MauriceSatty,United States,Mesa,Arizona,Binders,Avery Durable Slant Ring Binders With Label Holder,USD,6.27,5,-4.6
Not_Applicable,CA-2011-169803,2011-04-06 00:00:00,2011-04-12 00:00:00,Delay,ScottCohen,United States,Seattle,Washington,Tables,"Chromcraft Bull-Nose Wood Round Conference Table Top, Wood Base",USD,653.55,3,111.1
Not_Applicable,CA-2011-127866,2011-07-20 00:00:00,2011-07-23 00:00:00,On time,JonathanDoherty,United States,Riverside,California,Paper,Xerox 1965,USD,11.96,2,5.86
Not_Applicable,CA-2012-151253,2012-04-22 00:00:00,2012-04-26 00:00:00,On time,AnnieZypern,United States,Los Angeles,California,Art,Boston 1730 StandUp Electric Pencil Sharpener,USD,64.14,3,16.68
Not_Applicable,US-2013-126452,2013-08-22 00:00:00,2013-08-29 00:00:00,Delay,ScotCoram,United States,Los Angeles,California,Phones,Motorola HK250 Universal Bluetooth Headset,USD,91.96,5,-20.69
Not_Applicable,CA-2014-124436,2014-03-20 00:00:00,2014-03-23 00:00:00,On time,SueAnnReed,United States,Fresno,California,Binders,SpineVue Locking Slant-D Ring Binders by Cardinal,USD,14.62,2,5.12
Not_Applicable,CA-2013-127138,2013-03-13 00:00:00,2013-03-16 00:00:00,On time,DeanKatz,United States,San Francisco,California,Storage,"Tennsco Stur-D-Stor Boltless Shelving, 5 Shelves, 24"" Deep, Sand",USD,676.55,5,6.77
Not_Applicable,US-2011-102071,2011-05-09 00:00:00,2011-05-15 00:00:00,Delay,PatrickGardner,United States,San Francisco,California,Accessories,Kingston Digital DataTraveler 32GB USB 2.0,USD,67.8,4,4.07
Not_Applicable,CA-2011-100972,2011-11-19 00:00:00,2011-11-24 00:00:00,Delay,DennisBolton,United States,Salt Lake City,Utah,Paper,Xerox 1888,USD,166.44,3,79.89
Not_Applicable,CA-2012-112305,2012-11-20 00:00:00,2012-11-25 00:00:00,Delay,KatrinaBavinger,United States,Seattle,Washington,Art,Newell 334,USD,119.04,6,30.95
Not_Applicable,CA-2014-129378,2014-10-02 00:00:00,2014-10-03 00:00:00,On time,NeolaSchneider,United States,San Jose,California,Binders,Wilson Jones Easy Flow II Sheet Lifters,USD,1.44,1,0.5
Not_Applicable,CA-2011-148915,2011-11-01 00:00:00,2011-11-05 00:00:00,On time,NatalieDeCherney,United States,Portland,Oregon,Storage,"Carina Mini System Audio Rack, Model AR050B",USD,443.92,5,-94.33
Not_Applicable,US-2013-102239,2013-05-06 00:00:00,2013-05-07 00:00:00,On time,LindsayWilliams,United States,Henderson,Nevada,Tables,Global Adaptabilities Conference Tables,USD,1685.88,6,320.32
Not_Applicable,CA-2011-128538,2011-10-11 00:00:00,2011-10-15 00:00:00,On time,AlanShonely,United States,Redondo Beach,California,Envelopes,"#10- 4 1/8"" x 9 1/2"" Security-Tint Envelopes",USD,7.64,1,3.74
Not_Applicable,CA-2011-144666,2011-11-09 00:00:00,2011-11-11 00:00:00,On time,JeremyPistek,United States,San Francisco,California,Storage,SAFCO Boltless Steel Shelving,USD,340.92,3,3.41
Not_Applicable,CA-2011-168305,2011-11-01 00:00:00,2011-11-08 00:00:00,Delay,PaulLucas,United States,Los Angeles,California,Labels,Avery 475,USD,44.4,3,22.2
Not_Applicable,CA-2013-145261,2013-12-19 00:00:00,2013-12-22 00:00:00,On time,AdrianHane,United States,Salem,Oregon,Paper,"Black Print Carbonless 8 1/2"" x 8 1/4"" Rapid Memo Book",USD,11.65,2,3.79
Not_Applicable,CA-2012-161830,2012-09-24 00:00:00,2012-09-26 00:00:00,On time,MaxEngle,United States,Seattle,Washington,Binders,Avery Hole Reinforcements,USD,14.95,3,5.42
Not_Applicable,CA-2013-152814,2013-04-29 00:00:00,2013-05-03 00:00:00,On time,EricaHernandez,United States,Denver,Colorado,Paper,Xerox 1881,USD,29.47,3,9.95
Not_Applicable,CA-2014-124401,2014-09-08 00:00:00,2014-09-13 00:00:00,Delay,RubenDartt,United States,Portland,Oregon,Storage,Hanging Personal Folder File,USD,37.68,3,2.36
Not_Applicable,CA-2013-123512,2013-06-18 00:00:00,2013-06-20 00:00:00,On time,MikeVittorini,United States,Los Angeles,California,Labels,Avery 496,USD,22.5,6,10.8
Not_Applicable,CA-2013-155978,2013-08-02 00:00:00,2013-08-02 00:00:00,On time,ThomasSeio,United States,Riverside,California,Phones,Apple iPhone 5,USD,1039.73,2,90.98
Not_Applicable,US-2013-116729,2013-12-26 00:00:00,2013-12-29 00:00:00,On time,GraceKelly,United States,Los Angeles,California,Accessories,SanDisk Cruzer 64 GB USB Flash Drive,USD,254.24,7,76.27
Not_Applicable,CA-2013-119018,2013-11-05 00:00:00,2013-11-09 00:00:00,On time,CarlWeiss,United States,Los Angeles,California,Binders,Acco Economy Flexible Poly Round Ring Binder,USD,4.18,1,1.31
Not_Applicable,CA-2014-102946,2014-07-01 00:00:00,2014-07-06 00:00:00,Delay,VictorPreis,United States,Las Vegas,Nevada,Binders,Tuf-Vin Binders,USD,75.79,3,25.58
Not_Applicable,CA-2011-135657,2011-06-03 00:00:00,2011-06-07 00:00:00,On time,StevenCartwright,United States,Seattle,Washington,Tables,KI Adjustable-Height Table,USD,515.88,6,113.49
Not_Applicable,CA-2011-153150,2011-07-01 00:00:00,2011-07-06 00:00:00,Delay,Dorrisliebe,United States,Seattle,Washington,Binders,Cardinal Holdit Business Card Pockets,USD,19.92,5,6.97
Not_Applicable,CA-2012-142944,2012-03-06 00:00:00,2012-03-11 00:00:00,Delay,JohnLucas,United States,San Francisco,California,Copiers,Canon PC1060 Personal Laser Copier,USD,1119.98,2,377.99
Not_Applicable,CA-2014-133046,2014-07-28 00:00:00,2014-08-02 00:00:00,Delay,DennisKane,United States,Seattle,Washington,Furnishings,Staples,USD,23.88,3,10.51
Not_Applicable,CA-2011-142769,2011-09-13 00:00:00,2011-09-13 00:00:00,On time,ResiPölking,United States,Seattle,Washington,Accessories,Logitech Wireless Performance Mouse MX for PC and Mac,USD,199.98,2,75.99
Not_Applicable,CA-2014-138464,2014-07-09 00:00:00,2014-07-13 00:00:00,On time,VickyFreymann,United States,Seattle,Washington,Binders,GBC VeloBinder Manual Binding System,USD,86.38,3,30.23
Not_Applicable,CA-2012-127481,2012-12-12 00:00:00,2012-12-15 00:00:00,On time,JonathanDoherty,United States,Las Vegas,Nevada,Paper,Xerox 1916,USD,97.88,2,48.94
Not_Applicable,CA-2011-128237,2011-03-25 00:00:00,2011-03-30 00:00:00,Delay,ChristinaAnderson,United States,San Francisco,California,Art,"Eberhard Faber 3 1/2"" Golf Pencils",USD,14.88,2,3.72
Not_Applicable,CA-2013-129868,2013-12-27 00:00:00,2014-01-01 00:00:00,Delay,MikeCaudle,United States,Los Angeles,California,Tables,Bretford Rectangular Conference Table Tops,USD,902.71,3,33.85
Not_Applicable,US-2012-106873,2012-09-24 00:00:00,2012-09-29 00:00:00,Delay,KunstMiller,United States,Avondale,Arizona,Accessories,HP Standard 104 key PS/2 Keyboard,USD,23.2,2,1.45
Not_Applicable,CA-2014-136875,2014-12-04 00:00:00,2014-12-04 00:00:00,On time,TobyCarlisle,United States,San Diego,California,Paper,Xerox 1888,USD,166.44,3,79.89
Not_Applicable,CA-2014-145233,2014-12-02 00:00:00,2014-12-06 00:00:00,On time,DiannaVittorini,United States,Denver,Colorado,Binders,Recycled Pressboard Report Cover with Reinforced Top Hinge,USD,6.78,7,-4.75
Not_Applicable,CA-2014-168396,2014-08-04 00:00:00,2014-08-09 00:00:00,Delay,BruceDegenhardt,United States,San Francisco,California,Furnishings,"Deflect-o EconoMat Studded, No Bevel Mat for Low Pile Carpeting",USD,123.96,3,11.16
Not_Applicable,CA-2014-134915,2014-11-13 00:00:00,2014-11-13 00:00:00,On time,EugeneMoren,United States,Glendale,Arizona,Furnishings,"Tenex V2T-RE Standard Weight Series Chair Mat, 45"" x 53"", Lip 25"" x 12""",USD,113.57,2,-5.68
Not_Applicable,CA-2014-119809,2014-08-19 00:00:00,2014-08-26 00:00:00,Delay,YanaSorensen,United States,Seattle,Washington,Binders,Fellowes PB300 Plastic Comb Binding Machine,USD,2793.53,9,942.82
Not_Applicable,CA-2012-162166,2012-09-08 00:00:00,2012-09-11 00:00:00,On time,NeomaMurray,United States,Moreno Valley,California,Paper,Xerox 1928,USD,26.4,5,11.88
Not_Applicable,CA-2014-117457,2014-12-09 00:00:00,2014-12-13 00:00:00,On time,KeithHerrera,United States,San Francisco,California,Paper,"Wirebound Service Call Books, 5 1/2"" x 4""",USD,9.68,1,4.65
Not_Applicable,CA-2014-122504,2014-11-08 00:00:00,2014-11-13 00:00:00,Delay,DeborahBrumfield,United States,Brentwood,California,Phones,"Plantronics CS 50-USB - headset - Convertible, Monaural",USD,761.54,7,66.64
Not_Applicable,CA-2013-142398,2013-04-13 00:00:00,2013-04-17 00:00:00,On time,BethPaige,United States,Los Angeles,California,Chairs,Hon Comfortask Task/Swivel Chairs,USD,638.29,7,-31.91
Not_Applicable,CA-2011-115812,2011-06-09 00:00:00,2011-06-14 00:00:00,Delay,BrosinaHoffman,United States,Los Angeles,California,Phones,Mitel 5320 IP Phone VoIP phone,USD,907.15,4,90.72
Not_Applicable,CA-2014-163979,2014-12-29 00:00:00,2015-01-03 00:00:00,Delay,KristenHastings,United States,San Francisco,California,Storage,Adjustable Depth Letter/Legal Cart,USD,725.84,4,210.49
Not_Applicable,CA-2013-140613,2013-07-23 00:00:00,2013-07-30 00:00:00,Delay,KristinaNunn,United States,Sparks,Nevada,Supplies,"Fiskars 8"" Scissors, 2/Pack",USD,86.2,5,25.0
Not_Applicable,CA-2014-116204,2014-02-12 00:00:00,2014-02-15 00:00:00,On time,VictoriaWilson,United States,San Francisco,California,Binders,"Acco Pressboard Covers with Storage Hooks, 14 7/8"" x 11"", Dark Blue",USD,21.34,7,7.73
Not_Applicable,CA-2011-115812,2011-06-09 00:00:00,2011-06-14 00:00:00,Delay,BrosinaHoffman,United States,Los Angeles,California,Appliances,Belkin F5C206VTEL 6 Outlet Surge,USD,114.9,5,34.47
Not_Applicable,CA-2014-123001,2014-09-03 00:00:00,2014-09-09 00:00:00,Delay,AnthonyWitt,United States,Bakersfield,California,Phones,Ooma Telo VoIP Home Phone System,USD,201.58,2,12.6
Not_Applicable,US-2013-159856,2013-10-19 00:00:00,2013-10-23 00:00:00,On time,EmilyPhan,United States,Tempe,Arizona,Chairs,Global Deluxe Steno Chair,USD,307.92,5,-34.64
Not_Applicable,CA-2014-131954,2014-01-22 00:00:00,2014-01-26 00:00:00,On time,DarrinSayre,United States,Seattle,Washington,Storage,Carina Double Wide Media Storage Towers in Natural & Black,USD,242.94,3,9.72
Not_Applicable,CA-2011-106264,2011-12-26 00:00:00,2011-12-30 00:00:00,On time,ClytieKelty,United States,San Diego,California,Supplies,Acme Rosewood Handle Letter Opener,USD,11.91,3,0.12
Not_Applicable,CA-2012-144267,2012-08-21 00:00:00,2012-08-23 00:00:00,On time,NickZandusky,United States,San Francisco,California,Paper,Xerox 1974,USD,23.92,4,11.72
Not_Applicable,CA-2011-131947,2011-09-17 00:00:00,2011-09-22 00:00:00,Delay,JosephAirdo,United States,Springfield,Oregon,Paper,Xerox 1960,USD,148.7,6,46.47
Not_Applicable,CA-2013-161676,2013-07-19 00:00:00,2013-07-24 00:00:00,Delay,JenniferPatt,United States,Glendale,Arizona,Supplies,"Elite 5"" Scissors",USD,33.8,5,4.23
Not_Applicable,CA-2014-118199,2014-05-10 00:00:00,2014-05-12 00:00:00,On time,LaurelBeltran,United States,Seattle,Washington,Accessories,Razer Kraken 7.1 Surround Sound Over Ear USB Gaming Headset,USD,199.98,2,87.99
Not_Applicable,CA-2012-104346,2012-12-11 00:00:00,2012-12-16 00:00:00,Delay,IreneMaddox,United States,Colorado Springs,Colorado,Accessories,Logitech Keyboard K120,USD,58.08,4,-6.53
Not_Applicable,CA-2013-129238,2013-01-31 00:00:00,2013-02-04 00:00:00,On time,SampleCompanyA,United States,Los Angeles,California,Phones,AT&T 1080 Phone,USD,109.59,1,8.22
Not_Applicable,CA-2012-127824,2012-10-18 00:00:00,2012-10-22 00:00:00,On time,JohnCastell,United States,Seattle,Washington,Paper,Xerox 1903,USD,17.94,3,8.79
Not_Applicable,TRN-2026-1025,2026-03-15 00:00:00,2026-03-17 00:00:00,On time,Trainer_Account,United States,Boston,Massachusetts,Health & Household,Miralax Laxative Powder for Gentle Constipation Relief,USD,41.18,3,8.39
Not_Applicable,CA-2011-166961,2011-12-27 00:00:00,2011-12-31 00:00:00,On time,CynthiaDelaney,United States,Moreno Valley,California,Binders,GBC VeloBind Cover Sets,USD,37.06,3,13.9
Not_Applicable,CA-2011-104808,2011-02-05 00:00:00,2011-02-09 00:00:00,On time,MarkHaberlin,United States,Escondido,California,Binders,"GBC Standard Recycled Report Covers, Clear Plastic Sheets",USD,17.25,2,6.04
Not_Applicable,CA-2014-166695,2014-05-21 00:00:00,2014-05-25 00:00:00,On time,ChuckClark,United States,Lakewood,California,Chairs,"Global Geo Office Task Chair, Gray",USD,518.27,8,-97.18
Not_Applicable,CA-2012-143364,2012-07-14 00:00:00,2012-07-19 00:00:00,Delay,TobyGnade,United States,Mesa,Arizona,Chairs,SAFCO Arco Folding Chair,USD,441.92,2,49.72
Not_Applicable,CA-2013-108224,2013-05-15 00:00:00,2013-05-15 00:00:00,On time,TiffanyHouse,United States,Yuma,Arizona,Accessories,Imation 16GB Mini TravelDrive USB 2.0 Flash Drive,USD,185.53,7,48.7
Not_Applicable,CA-2011-102652,2011-04-06 00:00:00,2011-04-12 00:00:00,Delay,AndyYotov,United States,Los Angeles,California,Furnishings,C-Line Cubicle Keepers Polyproplyene Holder With Velcro Backings,USD,33.11,7,12.91
Not_Applicable,CA-2011-146591,2011-01-20 00:00:00,2011-01-21 00:00:00,On time,TobySwindell,United States,Scottsdale,Arizona,Binders,"GBC Standard Recycled Report Covers, Clear Plastic Sheets",USD,32.34,10,-23.72
Not_Applicable,CA-2011-157924,2011-10-11 00:00:00,2011-10-13 00:00:00,On time,HelenAndreada,United States,Pasadena,California,Storage,Iris Project Case,USD,31.92,4,8.3
Not_Applicable,CA-2014-167661,2014-10-06 00:00:00,2014-10-11 00:00:00,Delay,MikePelletier,United States,San Francisco,California,Binders,Avery Hole Reinforcements,USD,19.94,4,7.23
Not_Applicable,CA-2013-113516,2013-09-09 00:00:00,2013-09-11 00:00:00,On time,ValerieMitchum,United States,Lancaster,California,Binders,"Square Ring Data Binders, Rigid 75 Pt. Covers, 11"" x 14-7/8""",USD,33.02,2,11.56
Not_Applicable,CA-2014-104850,2014-06-14 00:00:00,2014-06-20 00:00:00,Delay,TamaraWillingham,United States,Seattle,Washington,Chairs,"Global Wood Trimmed Manager's Task Chair, Khaki",USD,291.14,4,-25.47
Not_Applicable,CA-2014-138149,2014-06-30 00:00:00,2014-07-01 00:00:00,On time,WilliamBrown,United States,Los Angeles,California,Storage,"Trav-L-File Heavy-Duty Shuttle II, Black",USD,130.71,3,39.21
Not_Applicable,US-2011-135972,2011-09-21 00:00:00,2011-09-23 00:00:00,On time,JackGarza,United States,Des Moines,Washington,Phones,Nortel Meridian M3904 Professional Digital phone,USD,246.38,2,27.72
Not_Applicable,CA-2011-124737,2011-08-23 00:00:00,2011-08-27 00:00:00,On time,ArthurPrichep,United States,Denver,Colorado,Paper,Xerox 1931,USD,31.1,6,10.89
Not_Applicable,US-2013-166660,2013-01-30 00:00:00,2013-02-01 00:00:00,On time,TimBrockman,United States,Seattle,Washington,Chairs,Global Deluxe High-Back Office Chair in Storm,USD,435.17,4,-59.84
Not_Applicable,CA-2012-156440,2012-12-05 00:00:00,2012-12-09 00:00:00,On time,MattHagelstein,United States,San Diego,California,Furnishings,"Executive Impressions 14"" Contract Wall Clock",USD,44.46,2,14.67
Not_Applicable,CA-2012-168207,2012-11-02 00:00:00,2012-11-06 00:00:00,On time,LizThompson,United States,San Diego,California,Binders,Cardinal Holdit Business Card Pockets,USD,11.95,3,4.18
Not_Applicable,CA-2014-131954,2014-01-22 00:00:00,2014-01-26 00:00:00,On time,DarrinSayre,United States,Seattle,Washington,Bookcases,O'Sullivan Cherrywood Estates Traditional Bookcase,USD,84.98,1,18.7
Not_Applicable,CA-2014-108329,2014-12-10 00:00:00,2014-12-15 00:00:00,Delay,LaurelElliston,United States,Whittier,California,Phones,Nortel Business Series Terminal T7208 Digital phone,USD,444.77,4,44.48
Not_Applicable,CA-2014-111591,2014-03-22 00:00:00,2014-03-26 00:00:00,On time,PaulStevenson,United States,Seattle,Washington,Storage,Fellowes Officeware Wire Shelving,USD,359.32,4,7.19
Not_Applicable,CA-2012-110289,2012-10-29 00:00:00,2012-11-02 00:00:00,On time,NonaBalk,United States,San Francisco,California,Paper,Xerox 1898,USD,33.4,5,16.03
Not_Applicable,CA-2013-109827,2013-12-26 00:00:00,2014-01-02 00:00:00,Delay,LaurelWorkman,United States,Phoenix,Arizona,Machines,Panasonic KX MC6040 Color Laser Multifunction Printer,USD,269.97,2,-386.96
Not_Applicable,CA-2014-123491,2014-10-31 00:00:00,2014-11-06 00:00:00,Delay,JamieKunitz,United States,San Francisco,California,Paper,"""While you Were Out"" Message Book, One Form per Page",USD,7.42,2,3.71
Not_Applicable,CA-2013-148796,2013-04-15 00:00:00,2013-04-19 00:00:00,On time,PhilipBrown,United States,Los Angeles,California,Chairs,Bevis Steel Folding Chairs,USD,383.8,5,38.38
Not_Applicable,CA-2013-148852,2013-05-27 00:00:00,2013-06-01 00:00:00,Delay,StewartVisinsky,United States,Santa Ana,California,Chairs,Global Low Back Tilter Chair,USD,484.7,6,-84.82
Not_Applicable,CA-2014-101308,2014-10-03 00:00:00,2014-10-08 00:00:00,Delay,FrankGastineau,United States,Seattle,Washington,Fasteners,Staples,USD,8.94,3,4.11
Not_Applicable,CA-2011-128524,2011-11-11 00:00:00,2011-11-13 00:00:00,On time,MaryZewe,United States,Seattle,Washington,Accessories,Belkin Standard 104 key USB Keyboard,USD,102.13,7,15.32
Not_Applicable,CA-2011-102652,2011-04-06 00:00:00,2011-04-12 00:00:00,Delay,AndyYotov,United States,Los Angeles,California,Paper,Xerox 211,USD,19.44,3,9.33
Not_Applicable,CA-2012-168207,2012-11-02 00:00:00,2012-11-06 00:00:00,On time,LizThompson,United States,San Diego,California,Bookcases,O'Sullivan Living Dimensions 3-Shelf Bookcases,USD,512.5,3,-30.15
Not_Applicable,CA-2014-137463,2014-12-17 00:00:00,2014-12-21 00:00:00,On time,KalycaMeade,United States,Sunnyvale,California,Art,Bulldog Table or Wall-Mount Pencil Sharpener,USD,29.95,5,8.69
Not_Applicable,CA-2013-165995,2013-08-31 00:00:00,2013-09-07 00:00:00,Delay,BruceGeld,United States,Los Angeles,California,Phones,Panasonic KX TS3282W Corded phone,USD,339.96,5,42.5
Not_Applicable,CA-2012-132101,2012-03-19 00:00:00,2012-03-25 00:00:00,Delay,JesusOcampo,United States,Seattle,Washington,Phones,Wireless Extenders zBoost YX545 SOHO Signal Booster,USD,453.58,3,39.69
Not_Applicable,CA-2011-111192,2011-07-30 00:00:00,2011-08-05 00:00:00,Delay,TomStivers,United States,Seattle,Washington,Bookcases,"Rush Hierlooms Collection 1"" Thick Stackable Bookcases",USD,1367.84,8,259.89
Not_Applicable,CA-2011-141838,2011-03-26 00:00:00,2011-03-31 00:00:00,Delay,DamalaKotsonis,United States,San Francisco,California,Binders,Wilson Jones Leather-Like Binders with DublLock Round Rings,USD,27.94,4,9.43
Not_Applicable,US-2013-166660,2013-01-30 00:00:00,2013-02-01 00:00:00,On time,TimBrockman,United States,Seattle,Washington,Bookcases,O'Sullivan 2-Shelf Heavy-Duty Bookcases,USD,48.58,1,7.77
Not_Applicable,CA-2012-110870,2012-12-12 00:00:00,2012-12-15 00:00:00,On time,KarenDaniels,United States,Los Angeles,California,Supplies,Staples,USD,25.76,7,0.52
Not_Applicable,CA-2014-105487,2014-10-09 00:00:00,2014-10-15 00:00:00,Delay,ChrisSelesnick,United States,San Diego,California,Storage,Tennsco Commercial Shelving,USD,40.68,2,0.41
Not_Applicable,CA-2013-164483,2013-01-30 00:00:00,2013-02-03 00:00:00,On time,JeremyFarry,United States,San Francisco,California,Binders,Heavy-Duty E-Z-D Binders,USD,17.46,2,5.89
Not_Applicable,CA-2014-161333,2014-02-03 00:00:00,2014-02-08 00:00:00,Delay,JohnLee,United States,Los Angeles,California,Storage,"Multi-Use Personal File Cart and Caster Set, Three Stacking Bins",USD,139.04,4,38.93
Not_Applicable,US-2014-146416,2014-10-21 00:00:00,2014-10-23 00:00:00,On time,JustinEllison,United States,Woodland,California,Binders,Wilson Jones Four-Pocket Poly Binders,USD,20.93,4,7.59
Not_Applicable,CA-2011-158372,2011-11-10 00:00:00,2011-11-16 00:00:00,Delay,RubenDartt,United States,San Diego,California,Furnishings,Luxo Economy Swing Arm Lamp,USD,39.88,2,11.17
Not_Applicable,CA-2012-127019,2012-12-21 00:00:00,2012-12-25 00:00:00,On time,ElpidaRittenbach,United States,Colorado Springs,Colorado,Appliances,Belkin 6 Outlet Metallic Surge Strip,USD,60.98,7,4.57
Not_Applicable,CA-2012-142692,2012-10-23 00:00:00,2012-10-28 00:00:00,Delay,AndrewGjertsen,United States,Seattle,Washington,Binders,Avery Non-Stick Binders,USD,3.59,1,1.12
Not_Applicable,CA-2012-148180,2012-07-26 00:00:00,2012-07-31 00:00:00,Delay,BartPistole,United States,Oxnard,California,Art,Newell 334,USD,99.2,5,25.79
Not_Applicable,CA-2013-114727,2013-07-19 00:00:00,2013-07-25 00:00:00,Delay,LindaSouthworth,United States,Denver,Colorado,Chairs,Hon 4700 Series Mobuis Mid-Back Task Chairs with Adjustable Arms,USD,854.35,3,10.68
Not_Applicable,CA-2013-169887,2013-10-23 00:00:00,2013-10-23 00:00:00,On time,MaryBethSkach,United States,Seattle,Washington,Furnishings,"Linden 12"" Wall Clock With Oak Frame",USD,101.94,3,30.58
Not_Applicable,CA-2013-109806,2013-09-18 00:00:00,2013-09-23 00:00:00,Delay,JimSink,United States,Los Angeles,California,Paper,Xerox 1995,USD,6.48,1,3.11
Not_Applicable,CA-2014-159884,2014-09-01 00:00:00,2014-09-06 00:00:00,Delay,JeremyFarry,United States,Tempe,Arizona,Storage,"Neat Ideas Personal Hanging Folder Files, Black",USD,10.74,1,0.81
Not_Applicable,CA-2013-122728,2013-05-19 00:00:00,2013-05-25 00:00:00,Delay,EricBarreto,United States,San Francisco,California,Storage,Home/Office Personal File Carts,USD,104.28,3,26.07
Not_Applicable,CA-2011-157882,2011-10-03 00:00:00,2011-10-08 00:00:00,Delay,AllenRosenblatt,United States,Los Angeles,California,Chairs,"Global Deluxe Stacking Chair, Gray",USD,122.35,3,13.76
Not_Applicable,CA-2011-104269,2011-03-01 00:00:00,2011-03-06 00:00:00,Delay,DaveBrooks,United States,Seattle,Washington,Chairs,Global Deluxe High-Back Manager's Chair,USD,457.57,2,51.48
Not_Applicable,CA-2011-106439,2011-10-31 00:00:00,2011-11-04 00:00:00,On time,GregGuthrie,United States,Los Angeles,California,Accessories,Maxell LTO Ultrium - 800 GB,USD,251.91,9,47.86
Not_Applicable,CA-2012-126445,2012-08-27 00:00:00,2012-08-31 00:00:00,On time,RyanAkin,United States,Murrieta,California,Storage,Fellowes Super Stor/Drawer Files,USD,484.65,3,92.08
Not_Applicable,US-2013-103674,2013-12-07 00:00:00,2013-12-11 00:00:00,On time,AnnePryor,United States,Los Angeles,California,Paper,Xerox 1977,USD,13.36,2,6.41
Not_Applicable,CA-2011-110786,2011-12-29 00:00:00,2012-01-02 00:00:00,On time,AnthonyJohnson,United States,San Francisco,California,Furnishings,"Executive Impressions 10"" Spectator Wall Clock",USD,70.56,6,23.99
Not_Applicable,CA-2014-103968,2014-12-02 00:00:00,2014-12-08 00:00:00,Delay,MaxLudwig,United States,Stockton,California,Furnishings,"Tenex ""The Solids"" Textured Chair Mats",USD,629.64,9,107.04
Not_Applicable,CA-2012-119214,2012-01-23 00:00:00,2012-01-27 00:00:00,On time,CarlWeiss,United States,Bozeman,Montana,Paper,"Wirebound Service Call Books, 5 1/2"" x 4""",USD,29.04,3,13.94
Not_Applicable,CA-2011-100090,2011-07-08 00:00:00,2011-07-12 00:00:00,On time,EdBraxton,United States,San Francisco,California,Tables,Hon 2111 Invitation Series Corner Table,USD,502.49,3,-87.94
Not_Applicable,US-2012-138716,2012-09-17 00:00:00,2012-09-20 00:00:00,On time,CariSayre,United States,Seattle,Washington,Binders,"Acco Data Flex Cable Posts For Top & Bottom Load Binders, 6"" Capacity",USD,25.03,3,7.82
Not_Applicable,CA-2013-159730,2013-09-18 00:00:00,2013-09-22 00:00:00,On time,SanjitJacobs,United States,Seattle,Washington,Chairs,Harbour Creations 67200 Series Stacking Chairs,USD,113.89,2,9.97
Not_Applicable,CA-2014-140585,2014-12-19 00:00:00,2014-12-24 00:00:00,Delay,RussellApplegate,United States,Encinitas,California,Binders,Binding Machine Supplies,USD,46.67,2,16.34
Not_Applicable,CA-2014-106180,2014-09-19 00:00:00,2014-09-24 00:00:00,Delay,SallyHughsby,United States,San Francisco,California,Paper,Xerox 1911,USD,143.7,3,68.98
Not_Applicable,US-2011-119137,2011-07-23 00:00:00,2011-07-27 00:00:00,On time,ArthurGainer,United States,Tucson,Arizona,Art,Newell 324,USD,9.24,1,0.92
Not_Applicable,CA-2013-110009,2013-09-09 00:00:00,2013-09-14 00:00:00,Delay,TobyRitter,United States,Seattle,Washington,Furnishings,"Howard Miller 11-1/2"" Diameter Grantwood Wall Clock",USD,43.13,1,14.66
Not_Applicable,CA-2012-112011,2012-08-13 00:00:00,2012-08-20 00:00:00,Delay,OdellaNelson,United States,Yucaipa,California,Art,50 Colored Long Pencils,USD,50.8,5,13.21
Not_Applicable,CA-2013-165330,2013-12-12 00:00:00,2013-12-12 00:00:00,On time,WilliamBrown,United States,Anaheim,California,Binders,Recycled Easel Ring Binders,USD,35.81,3,11.19
Not_Applicable,CA-2014-153822,2014-09-20 00:00:00,2014-09-26 00:00:00,Delay,AdrianBarton,United States,Phoenix,Arizona,Phones,Polycom VoiceStation 500 Conference phone,USD,471.92,2,29.5
Not_Applicable,CA-2014-141929,2014-09-05 00:00:00,2014-09-09 00:00:00,On time,RalphArnett,United States,Los Angeles,California,Binders,Ibico Hi-Tech Manual Binding System,USD,487.98,2,152.5
Not_Applicable,CA-2014-131807,2014-10-06 00:00:00,2014-10-11 00:00:00,Delay,GregGuthrie,United States,Chico,California,Fasteners,Staples,USD,14.9,5,6.85
Not_Applicable,CA-2013-147473,2013-05-31 00:00:00,2013-06-04 00:00:00,On time,NancyLomonaco,United States,Los Angeles,California,Paper,Xerox 228,USD,38.88,6,18.66
Not_Applicable,CA-2013-142405,2013-06-12 00:00:00,2013-06-16 00:00:00,On time,SanjitEngle,United States,Seattle,Washington,Binders,Wilson Jones Turn Tabs Binder Tool for Ring Binders,USD,53.98,14,17.54
Not_Applicable,CA-2012-160171,2012-10-19 00:00:00,2012-10-24 00:00:00,Delay,RobertMarley,United States,Los Angeles,California,Accessories,NETGEAR N750 Dual Band Wi-Fi Gigabit Router,USD,270.0,3,97.2
Not_Applicable,CA-2013-134803,2013-05-29 00:00:00,2013-06-04 00:00:00,Delay,ClayLudtke,United States,Los Angeles,California,Binders,"Wilson Jones Hanging View Binder, White, 1""",USD,22.72,4,7.38
Not_Applicable,CA-2012-135580,2012-12-30 00:00:00,2013-01-03 00:00:00,On time,ClayLudtke,United States,Los Angeles,California,Storage,2300 Heavy-Duty Transfer File Systems by Perma,USD,74.94,3,14.24
Not_Applicable,CA-2011-113271,2011-07-09 00:00:00,2011-07-14 00:00:00,Delay,DarrinSayre,United States,San Francisco,California,Art,Prang Drawing Pencil Set,USD,5.56,2,2.22
Not_Applicable,CA-2014-127285,2014-10-31 00:00:00,2014-11-07 00:00:00,Delay,MichelleMoray,United States,Seattle,Washington,Binders,Cardinal Slant-D Ring Binders,USD,13.9,2,5.21
Not_Applicable,CA-2011-141355,2011-09-25 00:00:00,2011-09-30 00:00:00,Delay,BarryFranz,United States,Aurora,Colorado,Art,Dixon Ticonderoga Core-Lock Colored Pencils,USD,14.58,2,2.37
Not_Applicable,CA-2014-105445,2014-02-21 00:00:00,2014-02-26 00:00:00,Delay,BartPistole,United States,Louisville,Colorado,Fasteners,Staples,USD,9.43,3,3.07
Not_Applicable,CA-2013-116911,2013-09-16 00:00:00,2013-09-21 00:00:00,Delay,JustinDeggeller,United States,Twin Falls,Idaho,Binders,Avery Heavy-Duty EZD View Binder with Locking Rings,USD,20.42,4,6.64
Not_Applicable,CA-2013-112109,2013-07-09 00:00:00,2013-07-13 00:00:00,On time,JoeElijah,United States,Broomfield,Colorado,Binders,Wilson Jones Active Use Binders,USD,8.74,4,-6.12
Not_Applicable,CA-2011-138681,2011-12-20 00:00:00,2011-12-22 00:00:00,On time,CarolTriggs,United States,Tucson,Arizona,Chairs,Global Low Back Tilter Chair,USD,242.35,3,-42.41
Not_Applicable,CA-2014-118017,2014-12-04 00:00:00,2014-12-07 00:00:00,On time,LenaCacioppo,United States,Thornton,Colorado,Furnishings,"Eldon Image Series Desk Accessories, Burgundy",USD,16.72,5,3.34
Not_Applicable,CA-2011-118962,2011-08-05 00:00:00,2011-08-09 00:00:00,On time,ChadSievert,United States,Los Angeles,California,Paper,Xerox 1913,USD,110.96,2,53.26
Not_Applicable,CA-2014-121853,2014-09-24 00:00:00,2014-09-30 00:00:00,Delay,DuaneBenoit,United States,Los Angeles,California,Paper,Xerox 1909,USD,211.04,8,97.08
Not_Applicable,CA-2011-141607,2011-12-12 00:00:00,2011-12-17 00:00:00,Delay,WilliamBrown,United States,Concord,California,Furnishings,Eldon Advantage Chair Mats for Low to Medium Pile Carpets,USD,43.31,1,4.33
Not_Applicable,CA-2013-142902,2013-09-13 00:00:00,2013-09-15 00:00:00,On time,BenPeterman,United States,Arvada,Colorado,Labels,Avery 509,USD,6.26,3,2.04
Not_Applicable,CA-2012-164882,2012-10-31 00:00:00,2012-10-31 00:00:00,On time,SandraGlassco,United States,Redlands,California,Bookcases,DMI Eclipse Executive Suite Bookcases,USD,425.83,1,20.04
Not_Applicable,CA-2014-140186,2014-09-30 00:00:00,2014-10-03 00:00:00,On time,PatrickGardner,United States,Bakersfield,California,Binders,Binding Machine Supplies,USD,46.67,2,16.34
Not_Applicable,CA-2012-148250,2012-12-13 00:00:00,2012-12-17 00:00:00,On time,RachelPayne,United States,Riverside,California,Paper,Xerox 213,USD,12.96,2,6.22
Not_Applicable,CA-2011-123477,2011-01-19 00:00:00,2011-01-22 00:00:00,On time,DavidWiener,United States,Springfield,Oregon,Appliances,Fellowes Mighty 8 Compact Surge Protector,USD,64.86,4,6.49
Not_Applicable,CA-2014-117212,2014-02-27 00:00:00,2014-03-01 00:00:00,On time,BradleyTalbott,United States,Los Angeles,California,Chairs,GuestStacker Chair with Chrome Finish Legs,USD,892.22,3,89.22
Not_Applicable,CA-2013-160500,2013-05-06 00:00:00,2013-05-09 00:00:00,On time,DarrinMartin,United States,Encinitas,California,Tables,Bevis 36 x 72 Conference Tables,USD,298.78,3,7.47
Not_Applicable,CA-2014-112431,2014-10-13 00:00:00,2014-10-15 00:00:00,On time,RobertWaldorf,United States,Los Angeles,California,Accessories,SanDisk Cruzer 64 GB USB Flash Drive,USD,435.84,12,130.75
Not_Applicable,CA-2012-114048,2012-12-14 00:00:00,2012-12-18 00:00:00,On time,EricHoffmann,United States,Costa Mesa,California,Furnishings,Staples,USD,29.22,3,12.86
Not_Applicable,US-2014-138086,2014-04-17 00:00:00,2014-04-21 00:00:00,On time,JesusOcampo,United States,San Francisco,California,Appliances,Hoover Commercial SteamVac,USD,40.74,3,12.22
Not_Applicable,CA-2014-108574,2014-10-08 00:00:00,2014-10-12 00:00:00,On time,MikeGockenbach,United States,Los Angeles,California,Accessories,Logitech G19 Programmable Gaming Keyboard,USD,1115.91,9,200.86
Not_Applicable,CA-2011-150329,2011-10-10 00:00:00,2011-10-14 00:00:00,On time,ShirleyDaniels,United States,Phoenix,Arizona,Furnishings,Westinghouse Clip-On Gooseneck Lamps,USD,46.87,7,3.52
Not_Applicable,CA-2011-153808,2011-04-06 00:00:00,2011-04-10 00:00:00,On time,FrankHawley,United States,Los Angeles,California,Accessories,Razer Kraken 7.1 Surround Sound Over Ear USB Gaming Headset,USD,299.97,3,131.99
Not_Applicable,CA-2013-145583,2013-10-14 00:00:00,2013-10-20 00:00:00,Delay,LenaCreighton,United States,Roseville,California,Binders,GBC Wire Binding Strips,USD,76.18,3,26.66
Not_Applicable,CA-2014-102974,2014-09-20 00:00:00,2014-09-25 00:00:00,Delay,DavePoirier,United States,Los Angeles,California,Art,Newell 33,USD,16.74,3,4.85
Not_Applicable,CA-2014-133431,2014-12-18 00:00:00,2014-12-22 00:00:00,On time,LoganCurrie,United States,San Francisco,California,Binders,"Acco Pressboard Covers with Storage Hooks, 9 1/2"" x 11"", Executive Red",USD,15.24,5,5.14
Not_Applicable,CA-2012-147501,2012-08-02 00:00:00,2012-08-06 00:00:00,On time,Corey-Lock,United States,Seattle,Washington,Binders,Ibico Presentation Index for Binding Systems,USD,6.37,2,2.15
Not_Applicable,CA-2014-161102,2014-08-01 00:00:00,2014-08-04 00:00:00,On time,ErinCreighton,United States,San Francisco,California,Furnishings,"Master Big Foot Doorstop, Beige",USD,36.96,7,11.46
Not_Applicable,CA-2013-130162,2013-10-29 00:00:00,2013-11-02 00:00:00,On time,JonathanHowell,United States,Los Angeles,California,Phones,Adtran 1202752G1,USD,302.38,3,22.68
Not_Applicable,US-2012-159513,2012-04-02 00:00:00,2012-04-09 00:00:00,Delay,JohnDryer,United States,Los Angeles,California,Machines,"Vtech AT&T CL2940 Corded Speakerphone, Black",USD,71.98,3,24.29
Not_Applicable,CA-2014-166093,2014-08-18 00:00:00,2014-08-25 00:00:00,Delay,RickWilson,United States,Brentwood,California,Binders,"Wilson Jones Clip & Carry Folder Binder Tool for Ring Binders, Clear",USD,13.92,3,4.87
Not_Applicable,CA-2014-120222,2014-04-26 00:00:00,2014-05-03 00:00:00,Delay,LaurenLeatherbury,United States,Los Angeles,California,Paper,"Telephone Message Books with Fax/Mobile Section, 5 1/2"" x 3 3/16""",USD,19.05,3,8.76
Not_Applicable,CA-2013-109869,2013-04-23 00:00:00,2013-04-30 00:00:00,Delay,TanjaNorvell,United States,Phoenix,Arizona,Appliances,"Fellowes Premier Superior Surge Suppressor, 10-Outlet, With Phone and Remote",USD,78.27,2,5.87
Not_Applicable,CA-2013-126935,2013-05-20 00:00:00,2013-05-25 00:00:00,Delay,BillTyler,United States,San Francisco,California,Binders,GBC Personal VeloBind Strips,USD,9.58,1,3.35
Not_Applicable,CA-2013-123358,2013-04-11 00:00:00,2013-04-18 00:00:00,Delay,BrianThompson,United States,San Francisco,California,Storage,Fellowes Staxonsteel Drawer Files,USD,579.51,3,81.13
Not_Applicable,CA-2012-103716,2012-04-30 00:00:00,2012-05-06 00:00:00,Delay,KenBlack,United States,San Francisco,California,Phones,Cush Cases Heavy Duty Rugged Cover Case for Samsung Galaxy S5 - Purple,USD,19.8,5,1.73
Not_Applicable,CA-2014-169264,2014-08-15 00:00:00,2014-08-17 00:00:00,On time,NoraPreis,United States,San Francisco,California,Labels,Avery File Folder Labels,USD,5.76,2,2.82
Not_Applicable,CA-2012-130204,2012-09-03 00:00:00,2012-09-09 00:00:00,Delay,DavidBremer,United States,San Francisco,California,Storage,Sterilite Officeware Hinged File Box,USD,31.44,3,8.49
Not_Applicable,CA-2011-153969,2011-09-21 00:00:00,2011-09-25 00:00:00,On time,HerbertFlentye,United States,San Francisco,California,Art,Newell 34,USD,59.52,3,15.48
Not_Applicable,US-2012-159499,2012-11-21 00:00:00,2012-11-23 00:00:00,On time,EudokiaMartin,United States,Phoenix,Arizona,Appliances,Fellowes Command Center 5-outlet power strip,USD,325.63,6,28.49
Not_Applicable,US-2013-139486,2013-05-22 00:00:00,2013-05-24 00:00:00,On time,LoganHaushalter,United States,Los Angeles,California,Phones,Motorola HK250 Universal Bluetooth Headset,USD,55.18,3,-12.41
Not_Applicable,CA-2012-101910,2012-11-27 00:00:00,2012-12-03 00:00:00,Delay,CarlosDaly,United States,Lake Elsinore,California,Chairs,"Situations Contoured Folding Chairs, 4/Set",USD,283.92,5,17.75
Not_Applicable,CA-2013-124793,2013-03-15 00:00:00,2013-03-17 00:00:00,On time,MuhammedMacIntyre,United States,Seattle,Washington,Chairs,"Global High-Back Leather Tilter, Burgundy",USD,196.78,2,-22.14
Not_Applicable,CA-2012-132815,2012-09-19 00:00:00,2012-09-22 00:00:00,On time,RickWilson,United States,Los Angeles,California,Paper,Personal Creations Ink Jet Cards and Labels,USD,22.96,2,11.25
Not_Applicable,CA-2014-164959,2014-07-12 00:00:00,2014-07-16 00:00:00,On time,KatherineNockton,United States,Los Angeles,California,Labels,Avery 482,USD,8.67,3,4.07
Not_Applicable,US-2011-144078,2011-11-25 00:00:00,2011-11-29 00:00:00,On time,RichardBierner,United States,Los Angeles,California,Chairs,Hon GuestStacker Chair,USD,725.34,4,54.4
Not_Applicable,CA-2014-107909,2014-09-02 00:00:00,2014-09-07 00:00:00,Delay,SungShariari,United States,Redmond,Washington,Accessories,Logitech LS21 Speaker System - PC Multimedia - 2.1-CH - Wired,USD,19.99,1,6.8
Not_Applicable,US-2012-156496,2012-08-10 00:00:00,2012-08-16 00:00:00,Delay,WilliamBrown,United States,Redmond,Oregon,Phones,AT&T 1080 Corded phone,USD,438.37,4,38.36
Not_Applicable,CA-2011-138436,2011-03-26 00:00:00,2011-03-30 00:00:00,On time,JonathanDoherty,United States,Los Angeles,California,Accessories,SanDisk Ultra 32 GB MicroSDHC Class 10 Memory Card,USD,66.3,3,8.62
Not_Applicable,US-2013-125402,2013-09-26 00:00:00,2013-10-02 00:00:00,Delay,DanLawera,United States,Long Beach,California,Art,Newell 346,USD,5.76,2,1.67
Not_Applicable,CA-2014-135937,2014-02-21 00:00:00,2014-02-28 00:00:00,Delay,KatherineMurray,United States,Gilbert,Arizona,Phones,Toshiba IPT2010-SD IP Telephone,USD,333.58,3,25.02
Not_Applicable,US-2012-164448,2012-10-31 00:00:00,2012-11-04 00:00:00,On time,DamalaKotsonis,United States,Salinas,California,Binders,Prestige Round Ring Binders,USD,9.73,2,3.28
Not_Applicable,CA-2011-103660,2011-08-25 00:00:00,2011-08-30 00:00:00,Delay,MitchWebber,United States,Seattle,Washington,Phones,Polycom VVX 310 VoIP phone,USD,1007.94,7,75.6
Not_Applicable,CA-2014-142888,2014-11-22 00:00:00,2014-11-26 00:00:00,On time,BenjaminPatterson,United States,Spokane,Washington,Tables,Safco Drafting Table,USD,70.98,1,20.58
Not_Applicable,CA-2012-138219,2012-03-23 00:00:00,2012-03-30 00:00:00,Delay,BartPistole,United States,Los Angeles,California,Paper,"REDIFORM Incoming/Outgoing Call Register, 11"" X 8 1/2"", 100 Messages",USD,33.36,4,16.68
Not_Applicable,CA-2011-113271,2011-07-09 00:00:00,2011-07-14 00:00:00,Delay,DarrinSayre,United States,San Francisco,California,Bookcases,"Bush Heritage Pine Collection 5-Shelf Bookcase, Albany Pine Finish, *Special Order",USD,119.83,1,7.05
Not_Applicable,CA-2013-107146,2013-06-18 00:00:00,2013-06-20 00:00:00,On time,LenaCreighton,United States,Longmont,Colorado,Chairs,"Global Manager's Adjustable Task Chair, Storm",USD,483.14,4,54.35
Not_Applicable,CA-2012-138674,2012-11-14 00:00:00,2012-11-17 00:00:00,On time,KenBlack,United States,Springfield,Oregon,Accessories,Plantronics Audio 478 Stereo USB Headset,USD,159.97,4,29.99
Not_Applicable,CA-2014-108574,2014-10-08 00:00:00,2014-10-12 00:00:00,On time,MikeGockenbach,United States,Los Angeles,California,Phones,"Square Credit Card Reader, 4 1/2"" x 4 1/2"" x 1"", White",USD,79.92,10,26.97
Not_Applicable,CA-2014-115427,2014-12-31 00:00:00,2015-01-04 00:00:00,On time,EricaBern,United States,Fairfield,California,Binders,"Cardinal Slant-D Ring Binder, Heavy Gauge Vinyl",USD,13.9,2,4.52
Not_Applicable,CA-2011-124429,2011-05-27 00:00:00,2011-05-27 00:00:00,On time,MayaHerman,United States,San Diego,California,Tables,KI Conference Tables,USD,567.12,10,-28.36
Not_Applicable,CA-2013-151148,2013-09-13 00:00:00,2013-09-14 00:00:00,On time,PhilisseOvercash,United States,Louisville,Colorado,Chairs,"Global Stack Chair without Arms, Black",USD,83.14,4,5.2
Not_Applicable,CA-2013-117912,2013-02-04 00:00:00,2013-02-08 00:00:00,On time,TracyBlumstein,United States,Sierra Vista,Arizona,Furnishings,Nu-Dell Float Frame 11 x 14 1/2,USD,14.37,2,3.95
Not_Applicable,CA-2013-152534,2013-06-21 00:00:00,2013-06-26 00:00:00,Delay,DavePoirier,United States,Salinas,California,Paper,Xerox 202,USD,38.88,6,18.66
Not_Applicable,CA-2014-168655,2014-10-13 00:00:00,2014-10-19 00:00:00,Delay,MichelleLonsdale,United States,Albuquerque,New Mexico,Binders,GBC Twin Loop Wire Binding Elements,USD,79.87,3,29.95
Not_Applicable,CA-2012-139164,2012-06-23 00:00:00,2012-06-28 00:00:00,Delay,ChristineSundaresam,United States,Long Beach,California,Phones,"Plantronics CS 50-USB - headset - Convertible, Monaural",USD,217.58,2,19.04
Not_Applicable,US-2012-164448,2012-10-31 00:00:00,2012-11-04 00:00:00,On time,DamalaKotsonis,United States,Salinas,California,Labels,"Avery 4027 File Folder Labels for Dot Matrix Printers, 5000 Labels per Box, White",USD,427.42,14,196.61
Not_Applicable,CA-2013-101938,2013-01-07 00:00:00,2013-01-12 00:00:00,Delay,DiannaWilson,United States,Oakland,California,Art,Panasonic KP-350BK Electric Pencil Sharpener with Auto Stop,USD,34.58,1,10.03
Not_Applicable,CA-2014-105809,2014-02-21 00:00:00,2014-02-24 00:00:00,On time,HelenWasserman,United States,San Diego,California,Furnishings,"Executive Impressions 14"" Contract Wall Clock",USD,22.23,1,7.34
Not_Applicable,US-2014-115609,2014-11-03 00:00:00,2014-11-08 00:00:00,Delay,CindyStewart,United States,Los Angeles,California,Appliances,Fellowes 8 Outlet Superior Workstation Surge Protector w/o Phone/Fax/Modem Protection,USD,168.1,5,43.71
Not_Applicable,CA-2014-143651,2014-03-26 00:00:00,2014-03-31 00:00:00,Delay,FiliaMcAdams,United States,Seattle,Washington,Art,Newell 309,USD,23.1,2,6.93
Not_Applicable,CA-2013-105081,2013-12-26 00:00:00,2013-12-31 00:00:00,Delay,JoeElijah,United States,Seattle,Washington,Chairs,Global Executive Mid-Back Manager's Chair,USD,698.35,3,52.38
Not_Applicable,CA-2014-139080,2014-01-24 00:00:00,2014-01-29 00:00:00,Delay,ChrisSelesnick,United States,Seattle,Washington,Paper,Xerox 192,USD,6.48,1,3.11
Not_Applicable,CA-2014-120614,2014-05-31 00:00:00,2014-06-05 00:00:00,Delay,SuzanneMcNair,United States,Los Angeles,California,Paper,"Rediform S.O.S. 1-Up Phone Message Bk, 4-1/4x3-1/16 Bk, 1 Form/Pg, 40 Messages/Bk, 3/Pk",USD,37.52,4,18.01
Not_Applicable,CA-2011-142769,2011-09-13 00:00:00,2011-09-13 00:00:00,On time,ResiPölking,United States,Seattle,Washington,Furnishings,C-Line Cubicle Keepers Polyproplyene Holder With Velcro Backings,USD,14.19,3,5.53
Not_Applicable,CA-2013-126732,2013-09-03 00:00:00,2013-09-07 00:00:00,On time,LenaRadford,United States,Los Angeles,California,Binders,SpineVue Locking Slant-D Ring Binders by Cardinal,USD,7.31,1,2.56
Not_Applicable,US-2013-108455,2013-12-03 00:00:00,2013-12-09 00:00:00,Delay,MikeKennedy,United States,San Francisco,California,Paper,Xerox 192,USD,25.92,4,12.44
Not_Applicable,CA-2014-168228,2014-04-28 00:00:00,2014-04-30 00:00:00,On time,ArthurPrichep,United States,Los Angeles,California,Art,Newell Chalk Holder,USD,12.39,3,5.7
Not_Applicable,CA-2014-105214,2014-06-17 00:00:00,2014-06-20 00:00:00,On time,TroyStaebel,United States,San Francisco,California,Chairs,Hon Multipurpose Stacking Arm Chairs,USD,1212.96,7,90.97
Not_Applicable,US-2012-165743,2012-11-20 00:00:00,2012-11-23 00:00:00,On time,MichelleMoray,United States,Aurora,Colorado,Bookcases,Sauder Barrister Bookcases,USD,145.76,6,-247.8
Not_Applicable,CA-2011-162992,2011-12-19 00:00:00,2011-12-21 00:00:00,On time,BartPistole,United States,Los Angeles,California,Phones,Clarity 53712,USD,211.17,4,15.84
Not_Applicable,US-2013-139087,2013-07-18 00:00:00,2013-07-23 00:00:00,Delay,DennisKane,United States,Seattle,Washington,Furnishings,"Eldon 300 Class Desk Accessories, Black",USD,24.75,5,10.89
Not_Applicable,CA-2012-126725,2012-11-17 00:00:00,2012-11-21 00:00:00,On time,BrianStugart,United States,San Diego,California,Furnishings,"DAX Contemporary Wood Frame with Silver Metal Mat, Desktop, 11 x 14 Size",USD,80.96,4,29.15
Not_Applicable,CA-2011-109918,2011-09-07 00:00:00,2011-09-12 00:00:00,Delay,LisaRyan,United States,Santa Clara,California,Paper,"Message Book, Wirebound, Four 5 1/2"" X 4"" Forms/Pg., 200 Dupl. Sets/Book",USD,20.56,2,9.66
Not_Applicable,CA-2011-129364,2011-12-08 00:00:00,2011-12-13 00:00:00,Delay,TimBrockman,United States,Salem,Oregon,Storage,Adjustable Personal File Tote,USD,39.07,3,2.93
Not_Applicable,CA-2012-130883,2012-09-26 00:00:00,2012-10-02 00:00:00,Delay,TracyBlumstein,United States,Portland,Oregon,Accessories,Microsoft Arc Touch Mouse,USD,239.8,5,47.96
Not_Applicable,CA-2012-150714,2012-10-26 00:00:00,2012-11-01 00:00:00,Delay,KristenHastings,United States,Springfield,Oregon,Storage,Fellowes Officeware Wire Shelving,USD,718.64,10,-161.69
Not_Applicable,US-2014-141852,2014-11-10 00:00:00,2014-11-15 00:00:00,Delay,JoelEaton,United States,Oceanside,California,Furnishings,Eldon Wave Desk Accessories,USD,47.12,8,20.73
Not_Applicable,CA-2014-117632,2014-05-13 00:00:00,2014-05-19 00:00:00,Delay,CharlesSheldon,United States,San Francisco,California,Appliances,Hoover Commercial Soft Guard Upright Vacuum And Disposable Filtration Bags,USD,7.77,1,2.1
Not_Applicable,CA-2013-145898,2013-09-27 00:00:00,2013-09-27 00:00:00,On time,ChuckMagee,United States,Redlands,California,Art,SANFORD Major Accent Highlighters,USD,35.4,5,13.45
Not_Applicable,CA-2014-143378,2014-09-20 00:00:00,2014-09-26 00:00:00,Delay,JustinRitter,United States,Springfield,Oregon,Bookcases,O'Sullivan 4-Shelf Bookcase in Odessa Pine,USD,72.59,2,-128.24
Not_Applicable,CA-2014-124086,2014-02-11 00:00:00,2014-02-15 00:00:00,On time,MikePelletier,United States,Laguna Niguel,California,Bookcases,"Bush Andora Bookcase, Maple/Graphite Gray Finish",USD,203.98,2,16.8
Not_Applicable,US-2014-132444,2014-11-19 00:00:00,2014-11-22 00:00:00,On time,ChristinaDeMoss,United States,Seattle,Washington,Accessories,Imation 16GB Mini TravelDrive USB 2.0 Flash Drive,USD,132.52,4,54.33
Not_Applicable,CA-2014-162978,2014-05-05 00:00:00,2014-05-10 00:00:00,Delay,LindsayWilliams,United States,San Francisco,California,Paper,Things To Do Today Pad,USD,17.61,3,8.45
Not_Applicable,CA-2012-101707,2012-08-27 00:00:00,2012-09-01 00:00:00,Delay,PhilipFox,United States,San Diego,California,Supplies,Fiskars Softgrip Scissors,USD,32.94,3,9.22
Not_Applicable,CA-2014-122798,2014-12-29 00:00:00,2015-01-02 00:00:00,On time,SusanVittorini,United States,Albuquerque,New Mexico,Paper,Xerox 1953,USD,4.28,1,1.93
Not_Applicable,CA-2014-135937,2014-02-21 00:00:00,2014-02-28 00:00:00,Delay,KatherineMurray,United States,Gilbert,Arizona,Storage,Fellowes Bankers Box Stor/Drawer Steel Plus,USD,51.17,2,-6.4
Not_Applicable,CA-2014-151071,2014-04-26 00:00:00,2014-04-30 00:00:00,On time,MickBrown,United States,Los Angeles,California,Binders,"Cardinal Slant-D Ring Binder, Heavy Gauge Vinyl",USD,13.9,2,4.52
Not_Applicable,CA-2014-132619,2014-09-01 00:00:00,2014-09-06 00:00:00,Delay,MaxwellSchwartz,United States,San Francisco,California,Storage,Space Solutions Commercial Steel Shelving,USD,193.95,3,9.7
Not_Applicable,CA-2012-138002,2012-09-06 00:00:00,2012-09-12 00:00:00,Delay,BethThompson,United States,Seattle,Washington,Furnishings,"Howard Miller 16"" Diameter Gallery Wall Clock",USD,191.82,3,74.81
Not_Applicable,CA-2011-103940,2011-09-17 00:00:00,2011-09-21 00:00:00,On time,BradleyNguyen,United States,Seattle,Washington,Storage,Eldon Gobal File Keepers,USD,30.28,2,1.21
Not_Applicable,CA-2011-123260,2011-08-26 00:00:00,2011-08-30 00:00:00,On time,FrankMerwin,United States,Los Angeles,California,Accessories,SanDisk Ultra 32 GB MicroSDHC Class 10 Memory Card,USD,176.8,8,22.98
Not_Applicable,US-2013-144211,2013-08-29 00:00:00,2013-09-03 00:00:00,Delay,ChadSievert,United States,Englewood,Colorado,Phones,AT&T 17929 Lendline Telephone,USD,108.58,3,8.14
Not_Applicable,CA-2014-102218,2014-09-03 00:00:00,2014-09-05 00:00:00,On time,LukeWeiss,United States,Fort Collins,Colorado,Labels,Avery 519,USD,11.7,2,3.95
Not_Applicable,CA-2011-109897,2011-08-12 00:00:00,2011-08-16 00:00:00,On time,BenWallace,United States,San Francisco,California,Furnishings,"Seth Thomas 14"" Day/Date Wall Clock",USD,85.44,3,31.61
Not_Applicable,CA-2011-116834,2011-10-11 00:00:00,2011-10-16 00:00:00,Delay,Deanpercer,United States,Seattle,Washington,Accessories,WD My Passport Ultra 1TB Portable External Hard Drive,USD,345.0,5,58.65
Not_Applicable,CA-2012-142027,2012-04-09 00:00:00,2012-04-14 00:00:00,Delay,JayKimmel,United States,Long Beach,California,Tables,Laminate Occasional Tables,USD,369.91,3,-13.87
Not_Applicable,CA-2013-109827,2013-12-26 00:00:00,2014-01-02 00:00:00,Delay,LaurelWorkman,United States,Phoenix,Arizona,Accessories,Imation Clip USB flash drive - 8 GB,USD,45.12,3,-7.9
Not_Applicable,CA-2011-127012,2011-08-11 00:00:00,2011-08-15 00:00:00,On time,GregMatthias,United States,Seattle,Washington,Art,Sanford 52201 APSCO Electric Pencil Sharpener,USD,40.97,1,10.65
Not_Applicable,CA-2014-142342,2014-07-18 00:00:00,2014-07-20 00:00:00,On time,AnthonyJohnson,United States,Apple Valley,California,Bookcases,"Atlantic Metals Mobile 4-Shelf Bookcases, Custom Colors",USD,1194.17,5,210.74
Not_Applicable,CA-2014-133074,2014-09-22 00:00:00,2014-09-26 00:00:00,On time,DougBickford,United States,San Francisco,California,Paper,"Adams Telephone Message Book w/Frequently-Called Numbers Space, 400 Messages per Book",USD,55.86,7,27.93
Not_Applicable,CA-2014-122770,2014-12-14 00:00:00,2014-12-19 00:00:00,Delay,EmilyPhan,United States,San Francisco,California,Paper,Xerox 1996,USD,38.88,6,18.66
Not_Applicable,CA-2014-116988,2014-06-28 00:00:00,2014-06-30 00:00:00,On time,PaulineWebber,United States,Seattle,Washington,Accessories,Logitech P710e Mobile Speakerphone,USD,1287.45,5,244.62
Not_Applicable,CA-2012-136420,2012-11-20 00:00:00,2012-11-21 00:00:00,On time,ChrisSelesnick,United States,San Diego,California,Labels,Avery 485,USD,50.12,4,23.56
Not_Applicable,CA-2011-167164,2011-05-13 00:00:00,2011-05-15 00:00:00,On time,AlejandroGrove,United States,West Jordan,Utah,Storage,Fellowes Super Stor/Drawer,USD,55.5,2,9.99
Not_Applicable,US-2011-120740,2011-04-15 00:00:00,2011-04-15 00:00:00,On time,PaulStevenson,United States,Los Angeles,California,Furnishings,"Howard Miller 13"" Diameter Goldtone Round Wall Clock",USD,187.76,4,76.98
Not_Applicable,CA-2013-127138,2013-03-13 00:00:00,2013-03-16 00:00:00,On time,DeanKatz,United States,San Francisco,California,Envelopes,Security-Tint Envelopes,USD,30.56,4,14.97
Not_Applicable,CA-2012-141012,2012-06-09 00:00:00,2012-06-11 00:00:00,On time,TrudyGlocke,United States,Pocatello,Idaho,Furnishings,Luxo Adjustable Task Clamp Lamp,USD,355.36,4,92.39
Not_Applicable,CA-2012-116092,2012-02-15 00:00:00,2012-02-18 00:00:00,On time,JustinMacKendrick,United States,Los Angeles,California,Paper,Xerox 1959,USD,13.36,2,6.41
Not_Applicable,CA-2011-151995,2011-10-13 00:00:00,2011-10-15 00:00:00,On time,ZuschussCarroll,United States,Edmonds,Washington,Tables,"Bevis Round Bullnose 29"" High Table Top",USD,1298.55,5,311.65
Not_Applicable,CA-2014-139304,2014-01-30 00:00:00,2014-02-03 00:00:00,On time,VivekGonzalez,United States,San Francisco,California,Supplies,Acme Office Executive Series Stainless Steel Trimmers,USD,8.57,1,2.23
Not_Applicable,CA-2014-115427,2014-12-31 00:00:00,2015-01-04 00:00:00,On time,EricaBern,United States,Fairfield,California,Binders,GBC Binding covers,USD,20.72,2,6.48
Not_Applicable,CA-2011-157147,2011-01-14 00:00:00,2011-01-19 00:00:00,Delay,BrianDahlen,United States,San Francisco,California,Art,4009 Highlighters by Sanford,USD,19.9,5,6.57
Not_Applicable,CA-2011-127586,2011-09-26 00:00:00,2011-09-30 00:00:00,On time,ChristopherSchild,United States,Seattle,Washington,Storage,"Dual Level, Single-Width Filing Carts",USD,310.12,2,80.63
Not_Applicable,US-2014-146213,2014-09-10 00:00:00,2014-09-15 00:00:00,Delay,MattConnell,United States,Los Angeles,California,Accessories,Microsoft Wireless Mobile Mouse 4000,USD,159.96,4,51.19
Not_Applicable,CA-2012-134075,2012-12-12 00:00:00,2012-12-16 00:00:00,On time,HelenAbelman,United States,San Jose,California,Storage,Standard Rollaway File with Lock,USD,360.38,2,93.7
Not_Applicable,CA-2011-124702,2011-11-18 00:00:00,2011-11-25 00:00:00,Delay,MayaHerman,United States,Seattle,Washington,Furnishings,"Howard Miller 13-1/2"" Diameter Rosebrook Wall Clock",USD,137.54,2,55.02
Not_Applicable,CA-2012-132486,2012-10-23 00:00:00,2012-10-27 00:00:00,On time,JayFein,United States,San Diego,California,Paper,Xerox 196,USD,11.56,2,5.66
Not_Applicable,CA-2012-143364,2012-07-14 00:00:00,2012-07-19 00:00:00,Delay,TobyGnade,United States,Mesa,Arizona,Paper,Xerox 1899,USD,18.5,4,6.7
Not_Applicable,CA-2014-150602,2014-02-10 00:00:00,2014-02-15 00:00:00,Delay,MarinaLichtenstein,United States,Los Angeles,California,Furnishings,"Master Big Foot Doorstop, Beige",USD,21.12,4,6.55
Not_Applicable,CA-2013-155187,2013-09-25 00:00:00,2013-09-27 00:00:00,On time,LauraArmstrong,United States,Los Angeles,California,Paper,"REDIFORM Incoming/Outgoing Call Register, 11"" X 8 1/2"", 100 Messages",USD,41.7,5,20.85
Not_Applicable,CA-2013-145583,2013-10-14 00:00:00,2013-10-20 00:00:00,Delay,LenaCreighton,United States,Roseville,California,Art,"Sanford Colorific Colored Pencils, 12/Box",USD,11.52,4,3.46
Not_Applicable,CA-2012-140144,2012-06-20 00:00:00,2012-06-25 00:00:00,Delay,StewartCarmichael,United States,San Francisco,California,Furnishings,"Howard Miller 13"" Diameter Pewter Finish Round Wall Clock",USD,257.64,6,100.48
Not_Applicable,CA-2014-123491,2014-10-31 00:00:00,2014-11-06 00:00:00,Delay,JamieKunitz,United States,San Francisco,California,Appliances,"Acco 7-Outlet Masterpiece Power Center, Wihtout Fax/Phone Line Protection",USD,1702.12,14,510.64
Not_Applicable,CA-2014-118199,2014-05-10 00:00:00,2014-05-12 00:00:00,On time,LaurelBeltran,United States,Seattle,Washington,Binders,"GBC Velobind Prepunched Cover Sets, Regency Series",USD,147.92,5,46.23
Not_Applicable,CA-2014-107748,2014-12-11 00:00:00,2014-12-13 00:00:00,On time,AlexGrayson,United States,Stockton,California,Paper,Xerox 225,USD,12.96,2,6.22
Not_Applicable,CA-2014-141929,2014-09-05 00:00:00,2014-09-09 00:00:00,On time,RalphArnett,United States,Los Angeles,California,Phones,QVS USB Car Charger 2-Port 2.1Amp for iPod/iPhone/iPad/iPad 2/iPad 3,USD,5.56,1,1.74
Not_Applicable,CA-2011-158372,2011-11-10 00:00:00,2011-11-16 00:00:00,Delay,RubenDartt,United States,San Diego,California,Paper,"Southworth 100% Résumé Paper, 24lb.",USD,62.24,8,28.01
Not_Applicable,CA-2011-127012,2011-08-11 00:00:00,2011-08-15 00:00:00,On time,GregMatthias,United States,Seattle,Washington,Furnishings,"Eldon Image Series Desk Accessories, Ebony",USD,12.35,1,5.43
Not_Applicable,CA-2013-130267,2013-09-20 00:00:00,2013-09-24 00:00:00,On time,ScotWooten,United States,Stockton,California,Paper,"Xerox Color Copier Paper, 11"" x 17"", Ream",USD,159.88,7,73.54
Not_Applicable,CA-2014-117212,2014-02-27 00:00:00,2014-03-01 00:00:00,On time,BradleyTalbott,United States,Los Angeles,California,Appliances,Kensington 6 Outlet Guardian Standard Surge Protector,USD,81.92,4,22.12
Not_Applicable,CA-2011-130729,2011-10-24 00:00:00,2011-10-29 00:00:00,Delay,AllenArmold,United States,Rancho Cucamonga,California,Binders,Avery Premier Heavy-Duty Binder with Round Locking Rings,USD,34.27,3,11.14
Not_Applicable,CA-2012-115945,2012-06-25 00:00:00,2012-07-01 00:00:00,Delay,AlanBarnes,United States,Los Angeles,California,Binders,"GBC Velobind Prepunched Cover Sets, Regency Series",USD,88.75,3,27.74
Not_Applicable,CA-2013-108882,2013-01-09 00:00:00,2013-01-15 00:00:00,Delay,LauraArmstrong,United States,Fresno,California,Phones,netTALK DUO VoIP Telephone Service,USD,377.93,9,141.72
Not_Applicable,CA-2012-144806,2012-12-06 00:00:00,2012-12-11 00:00:00,Delay,GaryHwang,United States,Tucson,Arizona,Paper,Xerox 1960,USD,198.27,8,61.96
Not_Applicable,CA-2014-105851,2014-03-14 00:00:00,2014-03-21 00:00:00,Delay,SanjitEngle,United States,Denver,Colorado,Supplies,Martin Yale Chadless Opener Electric Letter Opener,USD,1332.5,2,-299.81
Not_Applicable,CA-2011-153808,2011-04-06 00:00:00,2011-04-10 00:00:00,On time,FrankHawley,United States,Los Angeles,California,Art,Boston Home & Office Model 2000 Electric Pencil Sharpeners,USD,70.95,3,18.45
Not_Applicable,CA-2011-107818,2011-09-08 00:00:00,2011-09-14 00:00:00,Delay,MarcCrier,United States,Pasco,Washington,Storage,Carina Double Wide Media Storage Towers in Natural & Black,USD,485.88,6,19.44
Not_Applicable,CA-2014-119564,2014-12-16 00:00:00,2014-12-21 00:00:00,Delay,PaulLucas,United States,Seattle,Washington,Furnishings,"Master Giant Foot Doorstop, Safety Yellow",USD,22.77,3,9.79
Not_Applicable,CA-2011-159121,2011-07-26 00:00:00,2011-08-01 00:00:00,Delay,JackO'Briant,United States,Draper,Utah,Accessories,Memorex Micro Travel Drive 16 GB,USD,111.93,7,34.7
Not_Applicable,CA-2012-137526,2012-01-13 00:00:00,2012-01-17 00:00:00,On time,PhilipBrown,United States,Los Angeles,California,Furnishings,"Deflect-o EconoMat Nonstudded, No Bevel Mat",USD,464.85,9,92.97
Not_Applicable,CA-2011-119144,2011-11-16 00:00:00,2011-11-18 00:00:00,On time,JustinDeggeller,United States,Los Angeles,California,Bookcases,"Bush Andora Bookcase, Maple/Graphite Gray Finish",USD,305.97,3,25.2
Not_Applicable,CA-2014-134838,2014-02-20 00:00:00,2014-02-21 00:00:00,On time,EmilyDucich,United States,Los Angeles,California,Art,Newell 320,USD,12.84,3,3.47
Not_Applicable,CA-2014-105991,2014-05-06 00:00:00,2014-05-07 00:00:00,On time,LisaHazard,United States,Louisville,Colorado,Bookcases,Bestar Classic Bookcase,USD,89.99,3,-152.98
Not_Applicable,CA-2013-146010,2013-05-21 00:00:00,2013-05-24 00:00:00,On time,EugeneHildebrand,United States,Colorado Springs,Colorado,Binders,GBC Durable Plastic Covers,USD,40.64,7,-32.51
Not_Applicable,CA-2011-159814,2011-06-24 00:00:00,2011-06-28 00:00:00,On time,LizPelletier,United States,Tucson,Arizona,Furnishings,Acrylic Self-Standing Desk Frames,USD,4.27,2,0.96
Not_Applicable,CA-2014-118136,2014-09-17 00:00:00,2014-09-18 00:00:00,On time,BarryBlumstein,United States,Inglewood,California,Art,Newell 330,USD,5.98,1,1.55
Not_Applicable,CA-2014-140760,2014-06-03 00:00:00,2014-06-06 00:00:00,On time,DennyOrdway,United States,Mesa,Arizona,Envelopes,"Manila Recycled Extra-Heavyweight Clasp Envelopes, 6"" x 9""",USD,43.92,5,15.92
Not_Applicable,CA-2012-147788,2012-05-31 00:00:00,2012-06-04 00:00:00,On time,TamaraManning,United States,Orem,Utah,Labels,Self-Adhesive Removable Labels,USD,15.75,5,7.56
Not_Applicable,CA-2014-156139,2014-01-01 00:00:00,2014-01-07 00:00:00,Delay,BeckyPak,United States,San Francisco,California,Binders,"GBC Pre-Punched Binding Paper, Plastic, White, 8-1/2"" x 11""",USD,38.38,3,13.43
Not_Applicable,US-2013-126452,2013-08-22 00:00:00,2013-08-29 00:00:00,Delay,ScotCoram,United States,Los Angeles,California,Accessories,Logitech Gaming G510s - Keyboard,USD,254.97,3,91.79
Not_Applicable,CA-2013-158260,2013-11-05 00:00:00,2013-11-09 00:00:00,On time,CindyChapman,United States,San Diego,California,Machines,Okidata B400 Printer,USD,686.4,2,77.22
Not_Applicable,CA-2014-167640,2014-03-07 00:00:00,2014-03-11 00:00:00,On time,FrankCarlisle,United States,San Francisco,California,Phones,Digium D40 VoIP phone,USD,206.38,2,23.22
Not_Applicable,CA-2013-109869,2013-04-23 00:00:00,2013-04-30 00:00:00,Delay,TanjaNorvell,United States,Phoenix,Arizona,Furnishings,Eldon Wave Desk Accessories,USD,23.56,5,7.07
Not_Applicable,CA-2013-103163,2013-06-08 00:00:00,2013-06-12 00:00:00,On time,FrankMerwin,United States,Bakersfield,California,Binders,Avery Hanging File Binders,USD,4.78,1,1.55
Not_Applicable,US-2013-169040,2013-12-07 00:00:00,2013-12-13 00:00:00,Delay,GregTran,United States,Seattle,Washington,Binders,Ibico Plastic and Wire Spiral Binding Combs,USD,47.21,7,15.34
Not_Applicable,CA-2012-168564,2012-08-08 00:00:00,2012-08-08 00:00:00,On time,ThomasThornton,United States,San Francisco,California,Binders,Presstex Flexible Ring Binders,USD,7.28,2,2.73
Not_Applicable,CA-2011-147298,2011-04-26 00:00:00,2011-05-03 00:00:00,Delay,AleksandraGannaway,United States,Los Angeles,California,Binders,"Acco Pressboard Covers with Storage Hooks, 14 7/8"" x 11"", Executive Red",USD,18.29,6,5.72
Not_Applicable,CA-2012-104346,2012-12-11 00:00:00,2012-12-16 00:00:00,Delay,IreneMaddox,United States,Colorado Springs,Colorado,Paper,Avery Personal Creations Heavyweight Cards,USD,27.7,3,9.69
Not_Applicable,CA-2011-101931,2011-10-28 00:00:00,2011-10-31 00:00:00,On time,ToddSumrall,United States,Los Angeles,California,Bookcases,O'Sullivan Living Dimensions 2-Shelf Bookcases,USD,617.0,6,-36.29
Not_Applicable,CA-2014-108560,2014-07-09 00:00:00,2014-07-16 00:00:00,Delay,JennaCaffey,United States,Kent,Washington,Binders,"GBC White Gloss Covers, Plain Front",USD,23.17,2,7.82
Not_Applicable,TRN-2026-1011,2026-03-15 00:00:00,2026-03-17 00:00:00,On time,Trainer_Account,United States,Boston,Massachusetts,Health & Household,"Benadryl UltraTabs Allergy Medicine, 100 ct",USD,40.29,1,4.16
Not_Applicable,CA-2014-147844,2014-05-03 00:00:00,2014-05-07 00:00:00,On time,DorothyDickinson,United States,Los Angeles,California,Art,Newell 34,USD,59.52,3,15.48
Not_Applicable,CA-2013-133802,2013-03-15 00:00:00,2013-03-21 00:00:00,Delay,StephaniePhelps,United States,Redwood City,California,Binders,Wilson Jones Leather-Like Binders with DublLock Round Rings,USD,41.9,6,14.14
Not_Applicable,CA-2014-121048,2014-07-15 00:00:00,2014-07-19 00:00:00,On time,TobyCarlisle,United States,Westminster,California,Accessories,Sony Micro Vault Click 8 GB USB 2.0 Flash Drive,USD,140.97,3,19.74
Not_Applicable,US-2014-163300,2014-09-16 00:00:00,2014-09-22 00:00:00,Delay,EricaSmith,United States,Los Angeles,California,Binders,GBC DocuBind 200 Manual Binding Machine,USD,2357.49,7,884.06
Not_Applicable,CA-2011-153983,2011-11-29 00:00:00,2011-12-06 00:00:00,Delay,AlanHwang,United States,San Francisco,California,Fasteners,Staples,USD,30.4,5,15.2
Not_Applicable,CA-2012-148635,2012-07-25 00:00:00,2012-07-27 00:00:00,On time,MichelleHuthwaite,United States,Seattle,Washington,Fasteners,Plymouth Boxed Rubber Bands by Plymouth,USD,9.42,2,0.47
Not_Applicable,CA-2014-115931,2014-12-23 00:00:00,2014-12-27 00:00:00,On time,JimMitchum,United States,Carlsbad,New Mexico,Storage,Eldon Simplefile Box Office,USD,37.32,3,10.45
Not_Applicable,CA-2011-112291,2011-04-03 00:00:00,2011-04-08 00:00:00,Delay,KatrinaEdelman,United States,Los Angeles,California,Accessories,Enermax Briskie RF Wireless Keyboard and Mouse Combo,USD,62.31,3,22.43
Not_Applicable,CA-2011-166961,2011-12-27 00:00:00,2011-12-31 00:00:00,On time,CynthiaDelaney,United States,Moreno Valley,California,Fasteners,Staples,USD,7.86,3,3.62
Not_Applicable,CA-2013-156265,2013-08-03 00:00:00,2013-08-05 00:00:00,On time,BarryFranzösisch,United States,Los Angeles,California,Binders,XtraLife ClearVue Slant-D Ring Binders by Cardinal,USD,12.54,2,4.7
Not_Applicable,CA-2011-142769,2011-09-13 00:00:00,2011-09-13 00:00:00,On time,ResiPölking,United States,Seattle,Washington,Appliances,"Holmes Replacement Filter for HEPA Air Cleaner, Medium Room",USD,22.66,2,9.74
Not_Applicable,CA-2013-165918,2013-09-11 00:00:00,2013-09-15 00:00:00,On time,BryanDavis,United States,Edmonds,Washington,Labels,Avery 487,USD,7.38,2,3.47
Not_Applicable,CA-2014-118199,2014-05-10 00:00:00,2014-05-12 00:00:00,On time,LaurelBeltran,United States,Seattle,Washington,Tables,"Riverside Furniture Oval Coffee Table, Oval End Table, End Table with Drawer",USD,286.85,1,63.11
Not_Applicable,CA-2012-149678,2012-04-13 00:00:00,2012-04-15 00:00:00,On time,AnthonyWitt,United States,Farmington,New Mexico,Supplies,Martin-Yale Premier Letter Opener,USD,12.88,1,0.39
Not_Applicable,CA-2014-100650,2014-06-30 00:00:00,2014-07-04 00:00:00,On time,DeanKatz,United States,Anaheim,California,Storage,Tennsco 16-Compartment Lockers with Coat Rack,USD,1295.78,2,310.99
Not_Applicable,CA-2013-145583,2013-10-14 00:00:00,2013-10-20 00:00:00,Delay,LenaCreighton,United States,Roseville,California,Paper,Xerox 195,USD,20.04,3,9.62
Not_Applicable,CA-2014-157448,2014-11-17 00:00:00,2014-11-21 00:00:00,On time,LenaCreighton,United States,Los Angeles,California,Furnishings,Eldon Radial Chair Mat for Low to Medium Pile Carpets,USD,119.94,3,23.99
Not_Applicable,CA-2013-117849,2013-04-16 00:00:00,2013-04-18 00:00:00,On time,JulieKriz,United States,San Diego,California,Paper,Xerox 1911,USD,143.7,3,68.98
Not_Applicable,CA-2013-142902,2013-09-13 00:00:00,2013-09-15 00:00:00,On time,BenPeterman,United States,Arvada,Colorado,Chairs,Hon 4070 Series Pagoda Armless Upholstered Stacking Chairs,USD,466.77,2,52.51
Not_Applicable,CA-2014-121258,2014-02-27 00:00:00,2014-03-04 00:00:00,Delay,DaveBrooks,United States,Costa Mesa,California,Paper,"It's Hot Message Books with Stickers, 2 3/4"" x 5""",USD,29.6,4,13.32
Not_Applicable,CA-2011-100363,2011-04-08 00:00:00,2011-04-15 00:00:00,Delay,JimMitchum,United States,Glendale,Arizona,Fasteners,Binder Clips by OIC,USD,2.37,2,0.83
Not_Applicable,CA-2011-158225,2011-09-22 00:00:00,2011-09-28 00:00:00,Delay,SanjitEngle,United States,San Jose,California,Storage,"File Shuttle II and Handi-File, Black",USD,169.45,5,42.36
Not_Applicable,CA-2014-111591,2014-03-22 00:00:00,2014-03-26 00:00:00,On time,PaulStevenson,United States,Seattle,Washington,Binders,"C-Line Peel & Stick Add-On Filing Pockets, 8-3/4 x 5-1/8, 10/Pack",USD,30.58,6,10.32
Not_Applicable,CA-2013-145261,2013-12-19 00:00:00,2013-12-22 00:00:00,On time,AdrianHane,United States,Salem,Oregon,Art,Newell 312,USD,18.69,4,2.34
Not_Applicable,CA-2011-156594,2011-12-20 00:00:00,2011-12-23 00:00:00,On time,MichaelChen,United States,Los Angeles,California,Art,Boston Home & Office Model 2000 Electric Pencil Sharpeners,USD,47.3,2,12.3
Not_Applicable,CA-2014-134565,2014-06-12 00:00:00,2014-06-14 00:00:00,On time,TomBoeckenhauer,United States,Seattle,Washington,Bookcases,O'Sullivan 3-Shelf Heavy-Duty Bookcases,USD,174.42,3,41.86
Not_Applicable,CA-2013-103947,2013-04-02 00:00:00,2013-04-09 00:00:00,Delay,BarryBlumstein,United States,Sierra Vista,Arizona,Appliances,Belkin F9H710-06 7 Outlet SurgeMaster Surge Protector,USD,30.14,2,3.01
Not_Applicable,CA-2011-168984,2011-11-26 00:00:00,2011-12-02 00:00:00,Delay,NatalieWebber,United States,Tigard,Oregon,Phones,Jawbone MINI JAMBOX Wireless Bluetooth Speaker,USD,438.34,4,-87.67
Not_Applicable,CA-2013-110730,2013-09-24 00:00:00,2013-09-27 00:00:00,On time,CandaceMcMahon,United States,Seattle,Washington,Supplies,Acme Design Stainless Steel Bent Scissors,USD,13.68,2,3.69
Not_Applicable,CA-2011-156349,2011-05-26 00:00:00,2011-05-30 00:00:00,On time,MarinaLichtenstein,United States,Los Angeles,California,Phones,VTech DS6151,USD,201.58,2,20.16
Not_Applicable,CA-2014-152310,2014-08-13 00:00:00,2014-08-20 00:00:00,Delay,DanaKaydos,United States,Seattle,Washington,Phones,Grandstream GXP1160 VoIP phone,USD,242.62,8,27.3
Not_Applicable,US-2014-147886,2014-03-29 00:00:00,2014-04-01 00:00:00,On time,DaveHallsten,United States,Fairfield,California,Paper,Xerox 1968,USD,26.72,4,12.83
Not_Applicable,CA-2012-121965,2012-06-19 00:00:00,2012-06-23 00:00:00,On time,LoganHaushalter,United States,Los Angeles,California,Envelopes,Cameo Buff Policy Envelopes,USD,186.69,3,87.74
Not_Applicable,US-2013-114888,2013-09-20 00:00:00,2013-09-25 00:00:00,Delay,ChuckClark,United States,San Francisco,California,Binders,Cardinal Holdit Business Card Pockets,USD,11.95,3,4.18
Not_Applicable,CA-2013-163594,2013-04-13 00:00:00,2013-04-15 00:00:00,On time,JasonFortune-,United States,Los Angeles,California,Chairs,"Global Geo Office Task Chair, Gray",USD,194.35,3,-36.44
Not_Applicable,CA-2011-103310,2011-05-10 00:00:00,2011-05-15 00:00:00,Delay,GregMatthias,United States,San Jose,California,Paper,Southworth 25% Cotton Premium Laser Paper and Envelopes,USD,39.96,2,19.18
Not_Applicable,CA-2012-104486,2012-05-01 00:00:00,2012-05-06 00:00:00,Delay,PatrickO'Brill,United States,San Francisco,California,Binders,"GBC Twin Loop Wire Binding Elements, 9/16"" Spine, Black",USD,12.18,1,4.41
Not_Applicable,CA-2014-167661,2014-10-06 00:00:00,2014-10-11 00:00:00,Delay,MikePelletier,United States,San Francisco,California,Paper,Xerox 1951,USD,61.96,2,27.88
Not_Applicable,US-2014-131849,2014-06-07 00:00:00,2014-06-11 00:00:00,On time,GaryHansen,United States,San Francisco,California,Storage,Sterilite Show Offs Storage Containers,USD,26.4,5,0.0
Not_Applicable,CA-2013-124814,2013-04-11 00:00:00,2013-04-17 00:00:00,Delay,FiliaMcAdams,United States,Bakersfield,California,Binders,"Wilson Jones Clip & Carry Folder Binder Tool for Ring Binders, Clear",USD,23.2,5,8.12
Not_Applicable,CA-2014-128965,2014-04-18 00:00:00,2014-04-23 00:00:00,Delay,PamelaStobb,United States,Los Angeles,California,Chairs,"Global Wood Trimmed Manager's Task Chair, Khaki",USD,218.35,3,-19.11
Not_Applicable,CA-2014-145779,2014-05-07 00:00:00,2014-05-11 00:00:00,On time,DougBickford,United States,Tucson,Arizona,Paper,Xerox 1883,USD,84.42,4,27.44
Not_Applicable,CA-2014-124436,2014-03-20 00:00:00,2014-03-23 00:00:00,On time,SueAnnReed,United States,Fresno,California,Binders,"Pressboard Covers with Storage Hooks, 9 1/2"" x 11"", Light Blue",USD,27.5,7,9.28
Not_Applicable,CA-2012-167745,2012-09-18 00:00:00,2012-09-23 00:00:00,Delay,GeorgeBell,United States,Los Angeles,California,Furnishings,Advantus Panel Wall Certificate Holder - 8.5x11,USD,24.4,2,10.25
Not_Applicable,US-2011-128685,2011-04-04 00:00:00,2011-04-05 00:00:00,On time,MaryZewe,United States,Los Angeles,California,Binders,Avery Non-Stick Binders,USD,7.18,2,2.25
Not_Applicable,CA-2012-137302,2012-04-26 00:00:00,2012-05-01 00:00:00,Delay,BartWatters,United States,San Diego,California,Binders,GBC Premium Transparent Covers with Diagonal Lined Pattern,USD,50.35,3,17.62
Not_Applicable,CA-2014-137428,2014-12-17 00:00:00,2014-12-22 00:00:00,Delay,AndyYotov,United States,Oceanside,California,Chairs,"Global Deluxe Stacking Chair, Gray",USD,81.57,2,9.18
Not_Applicable,CA-2014-133046,2014-07-28 00:00:00,2014-08-02 00:00:00,Delay,DennisKane,United States,Seattle,Washington,Accessories,Sony Micro Vault Click 8 GB USB 2.0 Flash Drive,USD,234.95,5,32.89
Not_Applicable,CA-2012-148628,2012-12-06 00:00:00,2012-12-11 00:00:00,Delay,KatherineMurray,United States,Thousand Oaks,California,Paper,"Message Book, Phone, Wirebound Standard Line Memo, 2 3/4"" X 5""",USD,32.75,5,15.07
Not_Applicable,CA-2011-132500,2011-09-08 00:00:00,2011-09-12 00:00:00,On time,GaryZandusky,United States,San Francisco,California,Accessories,Logitech Wireless Touch Keyboard K400,USD,49.98,2,8.5
Not_Applicable,US-2014-120418,2014-06-12 00:00:00,2014-06-13 00:00:00,On time,BeckyCastell,United States,Peoria,Arizona,Storage,"Sortfiler Multipurpose Personal File Organizer, Black",USD,68.45,4,7.7
Not_Applicable,TRN-2026-1040,2026-03-15 00:00:00,2026-03-17 00:00:00,On time,Trainer_Account,United States,Boston,Massachusetts,Health & Household,Accu-Chek Guide Me Blood Glucose Monitoring System,USD,47.51,1,10.0
Not_Applicable,CA-2011-156594,2011-12-20 00:00:00,2011-12-23 00:00:00,On time,MichaelChen,United States,Los Angeles,California,Art,Newell 31,USD,4.13,1,1.16
Not_Applicable,CA-2011-142769,2011-09-13 00:00:00,2011-09-13 00:00:00,On time,ResiPölking,United States,Seattle,Washington,Paper,Xerox 1942,USD,48.94,1,24.47
Not_Applicable,US-2014-106145,2014-09-27 00:00:00,2014-09-27 00:00:00,On time,RubenAusman,United States,San Francisco,California,Binders,"Wilson Jones Hanging View Binder, White, 1""",USD,17.04,3,5.54
Not_Applicable,CA-2011-126760,2011-07-26 00:00:00,2011-08-02 00:00:00,Delay,KunstMiller,United States,North Las Vegas,Nevada,Furnishings,Tensor Computer Mounted Lamp,USD,134.01,9,36.18
Not_Applicable,US-2012-110569,2012-05-23 00:00:00,2012-05-30 00:00:00,Delay,EmilyBurns,United States,Phoenix,Arizona,Binders,Cardinal EasyOpen D-Ring Binders,USD,19.19,7,-12.8
Not_Applicable,CA-2011-154837,2011-08-23 00:00:00,2011-08-27 00:00:00,On time,RobertBarroso,United States,Los Angeles,California,Binders,GBC Linen Binding Covers,USD,49.57,2,17.35
Not_Applicable,CA-2012-157770,2012-12-13 00:00:00,2012-12-15 00:00:00,On time,RobDowd,United States,Temecula,California,Accessories,Memorex Mini Travel Drive 64 GB USB 2.0 Flash Drive,USD,36.24,1,15.22
Not_Applicable,CA-2012-121188,2012-08-28 00:00:00,2012-09-04 00:00:00,Delay,CassandraBrandow,United States,Los Angeles,California,Bookcases,O'Sullivan 2-Door Barrister Bookcase in Odessa Pine,USD,307.67,2,28.96
Not_Applicable,CA-2011-129364,2011-12-08 00:00:00,2011-12-13 00:00:00,Delay,TimBrockman,United States,Salem,Oregon,Paper,Xerox 232,USD,10.37,2,3.63
Not_Applicable,CA-2014-138149,2014-06-30 00:00:00,2014-07-01 00:00:00,On time,WilliamBrown,United States,Los Angeles,California,Binders,GBC DocuBind TL200 Manual Binding Machine,USD,895.92,5,302.37
Not_Applicable,CA-2011-158225,2011-09-22 00:00:00,2011-09-28 00:00:00,Delay,SanjitEngle,United States,San Jose,California,Storage,Tennsco Commercial Shelving,USD,40.68,2,0.41
Not_Applicable,CA-2012-149972,2012-09-21 00:00:00,2012-09-23 00:00:00,On time,CynthiaDelaney,United States,Los Angeles,California,Chairs,Hon Every-Day Series Multi-Task Chairs,USD,601.54,4,0.0
Not_Applicable,CA-2011-144666,2011-11-09 00:00:00,2011-11-11 00:00:00,On time,JeremyPistek,United States,San Francisco,California,Paper,Xerox 1912,USD,94.85,5,45.53
Not_Applicable,CA-2012-141593,2012-12-14 00:00:00,2012-12-16 00:00:00,On time,DarrenBudd,United States,Los Angeles,California,Binders,"GBC Laser Imprintable Binding System Covers, Desert Sand",USD,34.25,3,11.56
Not_Applicable,CA-2012-153220,2012-11-12 00:00:00,2012-11-14 00:00:00,On time,YosephCarroll,United States,Los Angeles,California,Paper,"Adams ""While You Were Out"" Message Pads",USD,15.7,5,7.07
Not_Applicable,CA-2014-105214,2014-06-17 00:00:00,2014-06-20 00:00:00,On time,TroyStaebel,United States,San Francisco,California,Paper,"Wirebound Message Books, Four 2 3/4"" x 5"" Forms per Page, 600 Sets per Book",USD,18.54,2,8.71
Not_Applicable,CA-2011-104563,2011-03-07 00:00:00,2011-03-12 00:00:00,Delay,CraigMolinari,United States,Seattle,Washington,Art,Newell Chalk Holder,USD,20.65,5,9.5
Not_Applicable,CA-2013-118899,2013-03-23 00:00:00,2013-03-23 00:00:00,On time,MarcCrier,United States,Seattle,Washington,Chairs,"Global Stack Chair with Arms, Black",USD,167.89,7,14.69
Not_Applicable,CA-2013-161669,2013-11-08 00:00:00,2013-11-10 00:00:00,On time,EudokiaMartin,United States,Los Angeles,California,Supplies,Acme Preferred Stainless Steel Scissors,USD,11.36,2,3.29
Not_Applicable,CA-2012-155334,2012-07-30 00:00:00,2012-07-31 00:00:00,On time,HelenAndreada,United States,San Francisco,California,Accessories,Logitech 910-002974 M325 Wireless Mouse for Web Scrolling,USD,209.93,7,92.37
Not_Applicable,CA-2013-138968,2013-03-16 00:00:00,2013-03-17 00:00:00,On time,FredChung,United States,San Francisco,California,Binders,Avery Round Ring Poly Binders,USD,4.54,2,1.65
Not_Applicable,CA-2013-141397,2013-06-21 00:00:00,2013-06-22 00:00:00,On time,RoyCollins,United States,Pasadena,California,Chairs,Hon Valutask Swivel Chairs,USD,161.57,2,-8.08
Not_Applicable,CA-2014-162012,2014-07-12 00:00:00,2014-07-19 00:00:00,Delay,KarenBern,United States,Los Angeles,California,Accessories,Logitech P710e Mobile Speakerphone,USD,1287.45,5,244.62
Not_Applicable,US-2013-126452,2013-08-22 00:00:00,2013-08-29 00:00:00,Delay,ScotCoram,United States,Los Angeles,California,Paper,Xerox 1928,USD,47.52,9,21.38
Not_Applicable,CA-2012-129546,2012-09-28 00:00:00,2012-10-05 00:00:00,Delay,RoyPhan,United States,Los Angeles,California,Appliances,"Acco Smartsocket Table Surge Protector, 6 Color-Coded Adapter Outlets",USD,186.15,3,55.85
Not_Applicable,CA-2013-145919,2013-12-19 00:00:00,2013-12-24 00:00:00,Delay,HenryGoldwyn,United States,Los Angeles,California,Paper,"Eureka Recycled Copy Paper 8 1/2"" x 11"", Ream",USD,38.88,6,18.66
Not_Applicable,CA-2014-105410,2014-03-20 00:00:00,2014-03-23 00:00:00,On time,NatalieDeCherney,United States,San Francisco,California,Phones,Jawbone MINI JAMBOX Wireless Bluetooth Speaker,USD,657.5,6,-131.5
Not_Applicable,CA-2013-163972,2013-10-18 00:00:00,2013-10-22 00:00:00,On time,MichaelGranlund,United States,Fresno,California,Bookcases,"Safco Value Mate Steel Bookcase, Baked Enamel Finish on Steel, Black",USD,120.67,2,21.29
Not_Applicable,CA-2012-126725,2012-11-17 00:00:00,2012-11-21 00:00:00,On time,BrianStugart,United States,San Diego,California,Paper,Xerox 203,USD,32.4,5,15.55
Not_Applicable,US-2014-101539,2014-03-17 00:00:00,2014-03-19 00:00:00,On time,ValerieMitchum,United States,Seattle,Washington,Storage,Safco Commercial Shelving,USD,46.51,1,1.86
Not_Applicable,US-2014-116652,2014-09-16 00:00:00,2014-09-20 00:00:00,On time,RickDuston,United States,San Francisco,California,Appliances,Belkin 5 Outlet SurgeMaster Power Centers,USD,108.96,2,30.51
Not_Applicable,CA-2014-133823,2014-05-12 00:00:00,2014-05-13 00:00:00,On time,LizPelletier,United States,Seattle,Washington,Binders,"Acco Flexible ACCOHIDE Square Ring Data Binder, Dark Blue, 11 1/2"" X 14"" 7/8""",USD,26.03,2,9.44
Not_Applicable,CA-2014-142342,2014-07-18 00:00:00,2014-07-20 00:00:00,On time,AnthonyJohnson,United States,Apple Valley,California,Paper,Xerox 221,USD,32.4,5,15.55
Not_Applicable,CA-2011-158029,2011-05-26 00:00:00,2011-05-30 00:00:00,On time,HerbertFlentye,United States,Los Angeles,California,Chairs,Hon Olson Stacker Stools,USD,225.3,2,22.53
Not_Applicable,US-2013-125402,2013-09-26 00:00:00,2013-10-02 00:00:00,Delay,DanLawera,United States,Long Beach,California,Chairs,"Global Airflow Leather Mesh Back Chair, Black",USD,483.14,4,60.39
Not_Applicable,CA-2011-116785,2011-04-26 00:00:00,2011-04-30 00:00:00,On time,MarcHarrigan,United States,Los Angeles,California,Labels,Avery 495,USD,12.6,2,5.8
Not_Applicable,CA-2011-107818,2011-09-08 00:00:00,2011-09-14 00:00:00,Delay,MarcCrier,United States,Pasco,Washington,Art,"Hunt PowerHouse Electric Pencil Sharpener, Blue",USD,303.84,8,91.15
Not_Applicable,US-2013-125969,2013-11-07 00:00:00,2013-11-11 00:00:00,On time,LindsayShagiari,United States,Los Angeles,California,Chairs,"Global Task Chair, Black",USD,81.42,2,-9.16
Not_Applicable,US-2013-119270,2013-03-13 00:00:00,2013-03-17 00:00:00,On time,ScotWooten,United States,Los Angeles,California,Paper,Hammermill Color Copier Paper (28Lb. and 96 Bright),USD,19.98,2,8.99
Not_Applicable,CA-2013-105081,2013-12-26 00:00:00,2013-12-31 00:00:00,Delay,JoeElijah,United States,Seattle,Washington,Tables,"SAFCO PlanMaster Heigh-Adjustable Drafting Table Base, 43w x 30d x 30-37h, Black",USD,1747.25,5,629.01
Not_Applicable,CA-2013-146437,2013-01-28 00:00:00,2013-02-01 00:00:00,On time,HenryGoldwyn,United States,Los Angeles,California,Art,Newell 345,USD,39.68,2,10.32
Not_Applicable,CA-2011-106719,2011-08-24 00:00:00,2011-08-24 00:00:00,On time,RobertBarroso,United States,Billings,Montana,Binders,"SlimView Poly Binder, 3/8""",USD,8.29,2,2.69
Not_Applicable,CA-2014-120936,2014-12-18 00:00:00,2014-12-22 00:00:00,On time,ChristineAbelman,United States,Anaheim,California,Supplies,Fiskars Spring-Action Scissors,USD,13.98,1,3.63
Not_Applicable,CA-2013-137673,2013-09-06 00:00:00,2013-09-11 00:00:00,Delay,MarinaLichtenstein,United States,San Diego,California,Accessories,HP Standard 104 key PS/2 Keyboard,USD,116.0,8,29.0
Not_Applicable,CA-2011-124247,2011-12-16 00:00:00,2011-12-21 00:00:00,Delay,StefanieHolloman,United States,Sacramento,California,Chairs,Office Star - Professional Matrix Back Chair with 2-to-1 Synchro Tilt and Mesh Fabric Seat,USD,1403.92,5,70.2
Not_Applicable,US-2012-142811,2012-04-02 00:00:00,2012-04-07 00:00:00,Delay,JohnLucas,United States,Mesa,Arizona,Phones,Samsung HM1900 Bluetooth Headset,USD,87.8,5,32.93
Not_Applicable,CA-2014-117632,2014-05-13 00:00:00,2014-05-19 00:00:00,Delay,CharlesSheldon,United States,San Francisco,California,Supplies,Compact Automatic Electric Letter Opener,USD,238.62,2,4.77
Not_Applicable,CA-2011-152296,2011-08-01 00:00:00,2011-08-03 00:00:00,On time,IvanListon,United States,San Francisco,California,Binders,Wilson Jones data.warehouse D-Ring Binders with DublLock,USD,19.75,3,6.91
Not_Applicable,CA-2014-142622,2014-10-31 00:00:00,2014-11-03 00:00:00,On time,JimKarlsson,United States,Seattle,Washington,Bookcases,Bestar Classic Bookcase,USD,199.98,2,38.0
Not_Applicable,CA-2014-133249,2014-07-09 00:00:00,2014-07-12 00:00:00,On time,SamZeldin,United States,Pico Rivera,California,Furnishings,"Deflect-o SuperTray Unbreakable Stackable Tray, Letter, Black",USD,145.9,5,62.74
Not_Applicable,CA-2013-127649,2013-10-08 00:00:00,2013-10-10 00:00:00,On time,DionisLloyd,United States,Spokane,Washington,Machines,Okidata C331dn Printer,USD,837.6,3,62.82
Not_Applicable,CA-2014-128734,2014-12-25 00:00:00,2015-01-01 00:00:00,Delay,JamesLanier,United States,Chandler,Arizona,Chairs,Global Leather Executive Chair,USD,842.38,3,105.3
Not_Applicable,CA-2014-147942,2014-04-02 00:00:00,2014-04-06 00:00:00,On time,MaribethSchnelling,United States,San Francisco,California,Binders,Fellowes Binding Cases,USD,121.68,13,38.03
Not_Applicable,CA-2012-113110,2012-03-19 00:00:00,2012-03-23 00:00:00,On time,BerenikeKampe,United States,San Bernardino,California,Binders,GBC Imprintable Covers,USD,17.57,2,6.37
Not_Applicable,CA-2014-117457,2014-12-09 00:00:00,2014-12-13 00:00:00,On time,KeithHerrera,United States,San Francisco,California,Copiers,Sharp AL-1530CS Digital Copier,USD,1199.98,3,434.99
Not_Applicable,CA-2012-120362,2012-09-14 00:00:00,2012-09-19 00:00:00,Delay,ChristinaAnderson,United States,Provo,Utah,Tables,"Lesro Round Back Collection Coffee Table, End Table",USD,912.75,5,118.66
Not_Applicable,CA-2013-158694,2013-11-11 00:00:00,2013-11-14 00:00:00,On time,ArianneIrving,United States,Los Angeles,California,Storage,Standard Rollaway File with Lock,USD,720.76,4,187.4
Not_Applicable,CA-2011-127866,2011-07-20 00:00:00,2011-07-23 00:00:00,On time,JonathanDoherty,United States,Riverside,California,Art,Newell 348,USD,13.12,4,3.8
Not_Applicable,CA-2011-143371,2011-12-28 00:00:00,2012-01-03 00:00:00,Delay,MaribethDona,United States,Anaheim,California,Supplies,Acme Box Cutter Scissors,USD,51.15,5,13.3
Not_Applicable,CA-2013-142902,2013-09-13 00:00:00,2013-09-15 00:00:00,On time,BenPeterman,United States,Arvada,Colorado,Furnishings,C-Line Cubicle Keepers Polyproplyene Holder With Velcro Backings,USD,15.14,4,3.59
Not_Applicable,CA-2014-139080,2014-01-24 00:00:00,2014-01-29 00:00:00,Delay,ChrisSelesnick,United States,Seattle,Washington,Phones,Griffin GC17055 Auxiliary Audio Cable,USD,86.35,6,8.64
Not_Applicable,US-2014-117534,2014-03-26 00:00:00,2014-03-27 00:00:00,On time,ChristinaVanderZanden,United States,Fresno,California,Binders,Avery Arch Ring Binders,USD,185.92,4,62.75
Not_Applicable,CA-2012-142993,2012-10-12 00:00:00,2012-10-17 00:00:00,Delay,KellyAndreada,United States,Seattle,Washington,Accessories,Kingston Digital DataTraveler 16GB USB 2.0,USD,17.9,2,3.4
Not_Applicable,CA-2012-162166,2012-09-08 00:00:00,2012-09-11 00:00:00,On time,NeomaMurray,United States,Moreno Valley,California,Storage,Eldon Shelf Savers Cubes and Bins,USD,41.88,6,0.84
Not_Applicable,CA-2011-143336,2011-08-27 00:00:00,2011-09-01 00:00:00,Delay,ZuschussDonatelli,United States,San Francisco,California,Phones,Cisco SPA 501G IP Phone,USD,213.48,3,16.01
Not_Applicable,US-2014-106145,2014-09-27 00:00:00,2014-09-27 00:00:00,On time,RubenAusman,United States,San Francisco,California,Paper,Xerox 1895,USD,35.88,6,16.15
Not_Applicable,CA-2013-142958,2013-12-14 00:00:00,2013-12-21 00:00:00,Delay,RobWilliams,United States,Torrance,California,Tables,Bretford CR4500 Series Slim Rectangular Table,USD,1114.27,4,41.79
Not_Applicable,US-2012-110569,2012-05-23 00:00:00,2012-05-30 00:00:00,Delay,EmilyBurns,United States,Phoenix,Arizona,Appliances,Fellowes Superior 10 Outlet Split Surge Protector,USD,121.79,4,13.7
Not_Applicable,CA-2014-161956,2014-08-28 00:00:00,2014-08-30 00:00:00,On time,DanReichenbach,United States,Inglewood,California,Chairs,Bevis Steel Folding Chairs,USD,230.28,3,23.03
Not_Applicable,CA-2012-118871,2012-12-04 00:00:00,2012-12-09 00:00:00,Delay,HarryMarie,United States,Los Angeles,California,Envelopes,Tyvek Side-Opening Peel & Seel Expanding Envelopes,USD,271.44,3,122.15
Not_Applicable,CA-2012-129546,2012-09-28 00:00:00,2012-10-05 00:00:00,Delay,RoyPhan,United States,Los Angeles,California,Phones,Motorola HK250 Universal Bluetooth Headset,USD,36.78,2,-8.28
Not_Applicable,CA-2012-129546,2012-09-28 00:00:00,2012-10-05 00:00:00,Delay,RoyPhan,United States,Los Angeles,California,Supplies,Acme Galleria Hot Forged Steel Scissors with Colored Handles,USD,47.19,3,13.69
Not_Applicable,CA-2014-119424,2014-06-13 00:00:00,2014-06-15 00:00:00,On time,SarahBrown,United States,Kent,Washington,Phones,OtterBox Defender Series Case - Samsung Galaxy S4,USD,71.98,3,9.0
Not_Applicable,CA-2013-135776,2013-12-24 00:00:00,2013-12-31 00:00:00,Delay,EdwardHooks,United States,Seattle,Washington,Storage,"Tennsco Snap-Together Open Shelving Units, Starter Sets and Add-On Units",USD,1117.92,4,55.9
Not_Applicable,CA-2014-157196,2014-11-06 00:00:00,2014-11-10 00:00:00,On time,AnnaAndreadi,United States,San Diego,California,Paper,Xerox 1996,USD,12.96,2,6.22
Not_Applicable,CA-2013-149916,2013-12-23 00:00:00,2013-12-25 00:00:00,On time,EmilyDucich,United States,Seattle,Washington,Binders,Wilson Jones International Size A4 Ring Binders,USD,55.36,4,19.38
Not_Applicable,US-2014-115595,2014-10-10 00:00:00,2014-10-12 00:00:00,On time,XylonaPreis,United States,Los Angeles,California,Paper,"Wirebound Message Books, 2 7/8"" x 5"", 3 Forms per Page",USD,35.2,5,16.54
Not_Applicable,US-2013-144211,2013-08-29 00:00:00,2013-09-03 00:00:00,Delay,ChadSievert,United States,Englewood,Colorado,Paper,"Wirebound Four 2-3/4 x 5 Forms per Page, 400 Sets per Book",USD,15.48,3,5.61
Not_Applicable,CA-2014-107517,2014-02-06 00:00:00,2014-02-10 00:00:00,On time,FredChung,United States,Torrance,California,Phones,Geemarc AmpliPOWER60,USD,371.2,5,41.76
Not_Applicable,CA-2012-148635,2012-07-25 00:00:00,2012-07-27 00:00:00,On time,MichelleHuthwaite,United States,Seattle,Washington,Paper,Xerox 228,USD,12.96,2,6.22
Not_Applicable,US-2013-115819,2013-04-20 00:00:00,2013-04-25 00:00:00,Delay,JasO'Carroll,United States,Los Angeles,California,Paper,"Adams Telephone Message Book W/Dividers/Space For Phone Numbers, 5 1/4""X8 1/2"", 200/Messages",USD,22.72,4,10.22
Not_Applicable,CA-2014-147410,2014-09-05 00:00:00,2014-09-09 00:00:00,On time,EvaJacobs,United States,Santa Ana,California,Storage,"24 Capacity Maxi Data Binder Racks, Pearl",USD,421.1,2,105.28
Not_Applicable,CA-2013-110982,2013-06-06 00:00:00,2013-06-08 00:00:00,On time,ChlorisKastensmidt,United States,Santa Clara,California,Binders,Avery Non-Stick Binders,USD,21.55,6,7.0
Not_Applicable,CA-2013-112340,2013-10-22 00:00:00,2013-10-28 00:00:00,Delay,NeomaMurray,United States,Riverside,California,Paper,"Rediform Wirebound ""Phone Memo"" Message Book, 11 x 5-3/4",USD,22.92,3,11.23
Not_Applicable,CA-2011-135699,2011-08-29 00:00:00,2011-08-29 00:00:00,On time,HilaryHolden,United States,San Francisco,California,Paper,Xerox 1986,USD,13.36,2,6.41
Not_Applicable,CA-2011-125829,2011-11-04 00:00:00,2011-11-11 00:00:00,Delay,WilliamBrown,United States,Los Angeles,California,Tables,"Bevis Round Conference Table Top, X-Base",USD,573.73,4,-64.54
Not_Applicable,US-2011-109036,2011-12-20 00:00:00,2011-12-25 00:00:00,Delay,KeithHerrera,United States,Seattle,Washington,Labels,Avery 489,USD,31.05,3,14.9
Not_Applicable,CA-2014-111738,2014-01-04 00:00:00,2014-01-08 00:00:00,On time,ChristopherMartinez,United States,San Francisco,California,Binders,GBC ProClick 150 Presentation Binding System,USD,2022.27,8,682.52
Not_Applicable,CA-2011-138240,2011-10-09 00:00:00,2011-10-14 00:00:00,Delay,ShirleyJackson,United States,San Francisco,California,Phones,iOttie HLCRIO102 Car Mount,USD,15.99,1,-3.0
Not_Applicable,US-2011-137680,2011-02-25 00:00:00,2011-03-02 00:00:00,Delay,JenniferHalladay,United States,Medford,Oregon,Paper,"TOPS 4 x 6 Fluorescent Color Memo Sheets, 500 Sheets per Pack",USD,22.78,3,7.69
Not_Applicable,CA-2013-112585,2013-07-31 00:00:00,2013-08-03 00:00:00,On time,RobWilliams,United States,San Francisco,California,Appliances,Hoover Shoulder Vac Commercial Portable Vacuum,USD,715.64,2,178.91
Not_Applicable,CA-2014-154501,2014-05-01 00:00:00,2014-05-06 00:00:00,Delay,ErinAshbrook,United States,Los Angeles,California,Art,Faber Castell Col-Erase Pencils,USD,9.78,2,4.01
Not_Applicable,CA-2014-161459,2014-11-26 00:00:00,2014-11-30 00:00:00,On time,EdwardBecker,United States,Laguna Niguel,California,Phones,PayAnywhere Card Reader,USD,39.96,5,3.5
Not_Applicable,CA-2011-127131,2011-11-24 00:00:00,2011-11-30 00:00:00,Delay,HaroldRyan,United States,Seattle,Washington,Storage,"Recycled Data-Pak for Archival Bound Computer Printouts, 12-1/2 x 12-1/2 x 16",USD,197.58,2,53.35
Not_Applicable,CA-2013-107104,2013-11-27 00:00:00,2013-12-01 00:00:00,On time,MaribethSchnelling,United States,Los Angeles,California,Furnishings,"GE 48"" Fluorescent Tube, Cool White Energy Saver, 34 Watts, 30/Box",USD,595.38,6,297.69
Not_Applicable,US-2014-119039,2014-03-07 00:00:00,2014-03-11 00:00:00,On time,BenFerrer,United States,San Francisco,California,Binders,Economy Binders,USD,14.98,9,5.43
Not_Applicable,US-2014-133312,2014-11-26 00:00:00,2014-11-30 00:00:00,On time,BradleyDrucker,United States,San Francisco,California,Storage,Sterilite Officeware Hinged File Box,USD,10.48,1,2.83
Not_Applicable,CA-2012-130785,2012-09-05 00:00:00,2012-09-09 00:00:00,On time,ArthurGainer,United States,San Diego,California,Binders,"DXL Angle-View Binders with Locking Rings, Black",USD,28.75,6,9.7
Not_Applicable,US-2014-123862,2014-01-08 00:00:00,2014-01-10 00:00:00,On time,JamieFrazer,United States,Long Beach,California,Storage,Eldon Fold 'N Roll Cart System,USD,153.78,11,44.6
Not_Applicable,CA-2014-151225,2014-10-28 00:00:00,2014-10-30 00:00:00,On time,JimMitchum,United States,Los Angeles,California,Tables,Chromcraft Rectangular Conference Tables,USD,189.58,1,9.48
Not_Applicable,CA-2013-152800,2013-04-14 00:00:00,2013-04-16 00:00:00,On time,SusanPistek,United States,San Francisco,California,Envelopes,Poly String Tie Envelopes,USD,6.12,3,2.88
Not_Applicable,CA-2014-149076,2014-01-15 00:00:00,2014-01-20 00:00:00,Delay,SeanO'Donnell,United States,Los Angeles,California,Paper,Xerox 19,USD,154.9,5,69.71
Not_Applicable,CA-2012-129896,2012-06-15 00:00:00,2012-06-20 00:00:00,Delay,PeterFuller,United States,Gilbert,Arizona,Paper,Xerox 1895,USD,9.57,2,2.99
Not_Applicable,CA-2012-149097,2012-10-20 00:00:00,2012-10-24 00:00:00,On time,StewartVisinsky,United States,Los Angeles,California,Furnishings,Nu-Dell Oak Frame,USD,74.76,7,23.92
Not_Applicable,CA-2011-131310,2011-07-12 00:00:00,2011-07-18 00:00:00,Delay,ClayLudtke,United States,Seattle,Washington,Chairs,"Safco Chair Connectors, 6/Carton",USD,123.14,4,13.85
Not_Applicable,CA-2014-105487,2014-10-09 00:00:00,2014-10-15 00:00:00,Delay,ChrisSelesnick,United States,San Diego,California,Accessories,Logitech Illuminated - Keyboard,USD,239.96,4,115.18
Not_Applicable,CA-2011-138513,2011-05-23 00:00:00,2011-05-27 00:00:00,On time,EricaHackney,United States,Bellevue,Washington,Paper,Xerox 1999,USD,12.96,2,6.22
Not_Applicable,CA-2011-136399,2011-12-16 00:00:00,2011-12-17 00:00:00,On time,ChadCunningham,United States,Los Angeles,California,Furnishings,"Executive Impressions 14"" Contract Wall Clock",USD,44.46,2,14.67
Not_Applicable,CA-2013-100244,2013-09-21 00:00:00,2013-09-25 00:00:00,On time,GregMaxwell,United States,San Francisco,California,Binders,Fellowes PB200 Plastic Comb Binding Machine,USD,271.98,2,88.39
Not_Applicable,CA-2012-165554,2012-05-18 00:00:00,2012-05-22 00:00:00,On time,AnthonyJacobs,United States,Los Angeles,California,Paper,"Wirebound Message Book, 4 per Page",USD,10.86,2,5.32
Not_Applicable,CA-2013-143154,2013-12-03 00:00:00,2013-12-09 00:00:00,Delay,AlanSchoenberger,United States,Longmont,Colorado,Accessories,WD My Passport Ultra 1TB Portable External Hard Drive,USD,165.6,3,-6.21
Not_Applicable,CA-2014-106859,2014-03-14 00:00:00,2014-03-19 00:00:00,Delay,BenjaminFarhat,United States,Albuquerque,New Mexico,Paper,Xerox 1885,USD,288.24,6,138.36
Not_Applicable,CA-2013-116561,2013-09-12 00:00:00,2013-09-18 00:00:00,Delay,EugeneBarchas,United States,San Jose,California,Binders,GBC Standard Therm-A-Bind Covers,USD,39.87,2,12.96
Not_Applicable,CA-2013-126158,2013-07-26 00:00:00,2013-08-01 00:00:00,Delay,SanjitChand,United States,Costa Mesa,California,Furnishings,Deflect-O Glasstique Clear Desk Accessories,USD,69.3,9,22.87
Not_Applicable,CA-2012-164777,2012-01-27 00:00:00,2012-01-29 00:00:00,On time,SeanChristensen,United States,Los Angeles,California,Chairs,HON 5400 Series Task Chairs for Big and Tall,USD,2803.92,5,0.0
Not_Applicable,CA-2013-147578,2013-04-23 00:00:00,2013-04-27 00:00:00,On time,PaulGonzalez,United States,San Francisco,California,Furnishings,Ultra Door Pull Handle,USD,31.56,3,10.41
Not_Applicable,CA-2014-168228,2014-04-28 00:00:00,2014-04-30 00:00:00,On time,ArthurPrichep,United States,Los Angeles,California,Art,Boston Home & Office Model 2000 Electric Pencil Sharpeners,USD,47.3,2,12.3
Not_Applicable,CA-2014-103380,2014-11-22 00:00:00,2014-11-26 00:00:00,On time,BarryFranz,United States,Pasadena,California,Storage,Eldon Portable Mobile Manager,USD,56.56,2,15.27
Not_Applicable,CA-2011-101931,2011-10-28 00:00:00,2011-10-31 00:00:00,On time,ToddSumrall,United States,Los Angeles,California,Supplies,Serrated Blade or Curved Handle Hand Letter Openers,USD,6.28,2,0.06
Not_Applicable,CA-2012-148635,2012-07-25 00:00:00,2012-07-27 00:00:00,On time,MichelleHuthwaite,United States,Seattle,Washington,Bookcases,"Sauder Forest Hills Library, Woodland Oak Finish",USD,704.9,5,56.39
Not_Applicable,US-2011-157385,2011-11-23 00:00:00,2011-11-25 00:00:00,On time,SanjitChand,United States,Los Angeles,California,Envelopes,Pastel Pink Envelopes,USD,21.84,3,10.48
Not_Applicable,CA-2012-131597,2012-09-14 00:00:00,2012-09-18 00:00:00,On time,StefaniaPerrino,United States,Los Angeles,California,Tables,KI Conference Tables,USD,170.14,3,-8.51
Not_Applicable,CA-2013-103163,2013-06-08 00:00:00,2013-06-12 00:00:00,On time,FrankMerwin,United States,Bakersfield,California,Paper,"While You Were Out Pads, 50 per Pad, 4 x 5 1/4, Green Cycle",USD,4.73,1,2.32
Not_Applicable,CA-2013-107328,2013-08-09 00:00:00,2013-08-16 00:00:00,Delay,CathyArmstrong,United States,Los Angeles,California,Appliances,Kensington 4 Outlet MasterPiece Compact Power Control Center,USD,487.92,6,136.62
Not_Applicable,CA-2012-111829,2012-03-19 00:00:00,2012-03-20 00:00:00,On time,FredHopkins,United States,Seattle,Washington,Copiers,Canon PC940 Copier,USD,3149.93,7,1480.47
Not_Applicable,CA-2011-106439,2011-10-31 00:00:00,2011-11-04 00:00:00,On time,GregGuthrie,United States,Los Angeles,California,Binders,"Avery Framed View Binder, EZD Ring (Locking), Navy, 1 1/2""",USD,15.97,2,5.39
Not_Applicable,CA-2013-144015,2013-06-27 00:00:00,2013-06-27 00:00:00,On time,AdamHart,United States,Los Angeles,California,Paper,"Ampad Phone Message Book, Recycled, 400 Message Capacity, 5 ¾” x 11”",USD,12.48,2,5.62
Not_Applicable,CA-2012-142454,2012-08-15 00:00:00,2012-08-19 00:00:00,On time,RichardEichhorn,United States,Oakland,California,Furnishings,Tensor Computer Mounted Lamp,USD,104.23,7,28.14
Not_Applicable,CA-2014-131828,2014-02-12 00:00:00,2014-02-14 00:00:00,On time,CariSayre,United States,Seattle,Washington,Chairs,"Global Leather and Oak Executive Chair, Black",USD,963.14,4,108.35
Not_Applicable,CA-2014-150420,2014-06-04 00:00:00,2014-06-09 00:00:00,Delay,GiuliettaDortch,United States,Bellingham,Washington,Accessories,Plantronics Audio 995 Wireless Stereo Headset,USD,1099.5,10,362.84
Not_Applicable,CA-2014-113530,2014-05-20 00:00:00,2014-05-22 00:00:00,On time,BeckyCastell,United States,San Francisco,California,Accessories,SanDisk Cruzer 64 GB USB Flash Drive,USD,36.32,1,10.9
Not_Applicable,CA-2013-126858,2013-11-20 00:00:00,2013-11-24 00:00:00,On time,JanetMolinari,United States,Seattle,Washington,Furnishings,Tenex Chairmats For Use With Carpeted Floors,USD,31.96,2,1.6
Not_Applicable,CA-2014-117457,2014-12-09 00:00:00,2014-12-13 00:00:00,On time,KeithHerrera,United States,San Francisco,California,Tables,"Bevis Round Conference Table Top, X-Base",USD,1004.02,7,-112.95
Not_Applicable,CA-2014-109701,2014-12-03 00:00:00,2014-12-04 00:00:00,On time,AliceMcCarthy,United States,Los Angeles,California,Binders,Staples,USD,9.02,6,3.16
Not_Applicable,CA-2014-130715,2014-09-17 00:00:00,2014-09-21 00:00:00,On time,CraigYedwab,United States,San Francisco,California,Fasteners,"OIC Colored Binder Clips, Assorted Sizes",USD,17.9,5,8.77
Not_Applicable,CA-2011-102652,2011-04-06 00:00:00,2011-04-12 00:00:00,Delay,AndyYotov,United States,Los Angeles,California,Furnishings,Tenex B1-RE Series Chair Mats for Low Pile Carpets,USD,91.96,2,15.63
Not_Applicable,US-2011-134733,2011-09-23 00:00:00,2011-09-28 00:00:00,Delay,BrianMoss,United States,San Diego,California,Bookcases,"Rush Hierlooms Collection 1"" Thick Stackable Bookcases",USD,436.0,3,20.52
Not_Applicable,CA-2012-101154,2012-09-18 00:00:00,2012-09-21 00:00:00,On time,CharlotteMelton,United States,San Diego,California,Storage,"Stur-D-Stor Shelving, Vertical 5-Shelf: 72""H x 36""W x 18 1/2""D",USD,443.92,4,8.88
Not_Applicable,US-2014-110604,2014-05-16 00:00:00,2014-05-21 00:00:00,Delay,JasonFortune-,United States,Seattle,Washington,Furnishings,24-Hour Round Wall Clock,USD,39.96,2,17.18
Not_Applicable,CA-2014-117457,2014-12-09 00:00:00,2014-12-13 00:00:00,On time,KeithHerrera,United States,San Francisco,California,Paper,Xerox 1908,USD,55.98,1,27.43
Not_Applicable,US-2011-140116,2011-03-10 00:00:00,2011-03-17 00:00:00,Delay,KeanThornton,United States,Denver,Colorado,Art,"BOSTON Ranger #55 Pencil Sharpener, Black",USD,83.17,4,9.36
Not_Applicable,CA-2014-133718,2014-07-24 00:00:00,2014-07-27 00:00:00,On time,TracyBlumstein,United States,Los Angeles,California,Binders,"Cardinal HOLDit! Binder Insert Strips,Extra Strips",USD,15.19,3,5.51
Not_Applicable,US-2013-155971,2013-06-07 00:00:00,2013-06-13 00:00:00,Delay,RossBaird,United States,Los Angeles,California,Paper,Xerox Blank Computer Paper,USD,99.9,5,46.95
Not_Applicable,CA-2012-132388,2012-10-10 00:00:00,2012-10-12 00:00:00,On time,KatherineNockton,United States,Santa Barbara,California,Labels,Avery 503,USD,31.05,3,14.9
Not_Applicable,CA-2011-106439,2011-10-31 00:00:00,2011-11-04 00:00:00,On time,GregGuthrie,United States,Los Angeles,California,Binders,"Fellowes Twister Kit, Gray/Clear, 3/pkg",USD,19.3,3,6.03
Not_Applicable,CA-2014-100013,2014-11-07 00:00:00,2014-11-12 00:00:00,Delay,ZuschussCarroll,United States,Los Angeles,California,Envelopes,"#10- 4 1/8"" x 9 1/2"" Security-Tint Envelopes",USD,15.28,2,7.49
Not_Applicable,CA-2011-133851,2011-06-09 00:00:00,2011-06-16 00:00:00,Delay,ChuckMagee,United States,San Francisco,California,Supplies,Staples,USD,7.36,2,0.15
Not_Applicable,CA-2011-110555,2011-04-11 00:00:00,2011-04-18 00:00:00,Delay,MichelleMoray,United States,Great Falls,Montana,Phones,AT&T SB67148 SynJ,USD,105.58,2,9.24
Not_Applicable,CA-2014-106180,2014-09-19 00:00:00,2014-09-24 00:00:00,Delay,SallyHughsby,United States,San Francisco,California,Envelopes,Convenience Packs of Business Envelopes,USD,10.86,3,5.1
Not_Applicable,CA-2014-131492,2014-10-20 00:00:00,2014-10-25 00:00:00,Delay,HilaryHolden,United States,San Francisco,California,Tables,Anderson Hickey Conga Table Tops & Accessories,USD,24.37,2,-3.35
Not_Applicable,CA-2012-155306,2012-04-17 00:00:00,2012-04-21 00:00:00,On time,GeorgeAshbrook,United States,San Francisco,California,Appliances,Hoover Upright Vacuum With Dirt Cup,USD,1447.65,5,419.82
Not_Applicable,CA-2014-159597,2014-11-10 00:00:00,2014-11-15 00:00:00,Delay,MattCollister,United States,Coachella,California,Accessories,Razer Kraken 7.1 Surround Sound Over Ear USB Gaming Headset,USD,99.99,1,44.0
Not_Applicable,CA-2014-123246,2014-10-18 00:00:00,2014-10-20 00:00:00,On time,AstreaJones,United States,San Diego,California,Art,Economy #2 Pencils,USD,10.64,4,2.77
Not_Applicable,CA-2011-110849,2011-04-18 00:00:00,2011-04-23 00:00:00,Delay,JohnLee,United States,Los Angeles,California,Art,"Binney & Smith inkTank Desk Highlighter, Chisel Tip, Yellow, 12/Box",USD,10.75,5,3.55
Not_Applicable,CA-2011-115812,2011-06-09 00:00:00,2011-06-14 00:00:00,Delay,BrosinaHoffman,United States,Los Angeles,California,Binders,DXL Angle-View Binders with Locking Rings by Samsill,USD,18.5,3,5.78
Not_Applicable,CA-2011-156587,2011-03-07 00:00:00,2011-03-08 00:00:00,On time,AaronBergman,United States,Seattle,Washington,Art,Newell 330,USD,17.94,3,4.66
Not_Applicable,CA-2014-166926,2014-12-02 00:00:00,2014-12-09 00:00:00,Delay,SeanO'Donnell,United States,Seattle,Washington,Paper,Xerox 1947,USD,41.86,7,18.84
Not_Applicable,CA-2014-118668,2014-01-03 00:00:00,2014-01-05 00:00:00,On time,FredWasserman,United States,Los Angeles,California,Accessories,Kensington K72356US Mouse-in-a-Box USB Desktop Mouse,USD,16.59,1,5.81
Not_Applicable,CA-2012-161452,2012-04-05 00:00:00,2012-04-11 00:00:00,Delay,CarolAdams,United States,Los Angeles,California,Chairs,GuestStacker Chair with Chrome Finish Legs,USD,892.22,3,89.22
Not_Applicable,US-2014-109253,2014-08-22 00:00:00,2014-08-23 00:00:00,On time,PatrickRyan,United States,Oakland,California,Appliances,Fellowes Command Center 5-outlet power strip,USD,203.52,3,54.95
Not_Applicable,CA-2014-112515,2014-09-18 00:00:00,2014-09-22 00:00:00,On time,AlanSchoenberger,United States,Provo,Utah,Paper,Green Bar Computer Printout Paper,USD,164.88,3,80.79
Not_Applicable,CA-2013-118913,2013-06-26 00:00:00,2013-06-30 00:00:00,On time,AlanShonely,United States,Los Angeles,California,Appliances,Fellowes Mighty 8 Compact Surge Protector,USD,60.81,3,17.03
Not_Applicable,CA-2013-138037,2013-09-30 00:00:00,2013-10-04 00:00:00,On time,AndyReiter,United States,San Francisco,California,Binders,Avery Self-Adhesive Photo Pockets for Polaroid Photos,USD,27.24,5,9.53
Not_Applicable,CA-2014-145807,2014-02-10 00:00:00,2014-02-14 00:00:00,On time,SarahBern,United States,Los Angeles,California,Storage,Sensible Storage WireTech Storage Systems,USD,354.9,5,17.75
Not_Applicable,CA-2012-121188,2012-08-28 00:00:00,2012-09-04 00:00:00,Delay,CassandraBrandow,United States,Los Angeles,California,Storage,Carina Double Wide Media Storage Towers in Natural & Black,USD,728.82,9,29.15
Not_Applicable,CA-2013-157217,2013-07-20 00:00:00,2013-07-22 00:00:00,On time,TracyCollins,United States,San Francisco,California,Accessories,Logitech G35 7.1-Channel Surround Sound Headset,USD,389.97,3,132.59
Not_Applicable,CA-2014-162880,2014-12-26 00:00:00,2014-12-30 00:00:00,On time,GiuliettaDortch,United States,Everett,Washington,Binders,Tuff Stuff Recycled Round Ring Binders,USD,3.86,1,1.4
Not_Applicable,CA-2014-113530,2014-05-20 00:00:00,2014-05-22 00:00:00,On time,BeckyCastell,United States,San Francisco,California,Art,Newell 310,USD,3.52,2,1.02
Not_Applicable,CA-2011-116932,2011-07-21 00:00:00,2011-07-25 00:00:00,On time,MichelleEllison,United States,San Francisco,California,Art,Newell 334,USD,99.2,5,25.79
Not_Applicable,CA-2013-158834,2013-03-14 00:00:00,2013-03-17 00:00:00,On time,TamaraWillingham,United States,Scottsdale,Arizona,Phones,Jabra BIZ 2300 Duo QD Duo Corded Headset,USD,203.18,2,15.24
Not_Applicable,CA-2013-138079,2013-01-22 00:00:00,2013-01-28 00:00:00,Delay,AnthonyJohnson,United States,Seattle,Washington,Furnishings,"Contract Clock, 14"", Brown",USD,109.9,5,37.37
Not_Applicable,CA-2014-122364,2014-09-25 00:00:00,2014-09-30 00:00:00,Delay,FrankAtkinson,United States,Los Angeles,California,Phones,Wilson Electronics DB Pro Signal Booster,USD,859.2,3,75.18
Not_Applicable,CA-2013-165918,2013-09-11 00:00:00,2013-09-15 00:00:00,On time,BryanDavis,United States,Edmonds,Washington,Binders,JM Magazine Binder,USD,39.62,3,13.87
Not_Applicable,CA-2014-142342,2014-07-18 00:00:00,2014-07-20 00:00:00,On time,AnthonyJohnson,United States,Apple Valley,California,Storage,Sterilite Show Offs Storage Containers,USD,10.56,2,0.0
Not_Applicable,CA-2012-162369,2012-08-15 00:00:00,2012-08-19 00:00:00,On time,TimTaslimi,United States,Los Angeles,California,Storage,Fellowes Super Stor/Drawer Files,USD,323.1,2,61.39
Not_Applicable,CA-2013-131289,2013-12-09 00:00:00,2013-12-15 00:00:00,Delay,StefaniaPerrino,United States,San Francisco,California,Art,Newell 341,USD,8.56,2,2.48
Not_Applicable,CA-2011-129364,2011-12-08 00:00:00,2011-12-13 00:00:00,Delay,TimBrockman,United States,Salem,Oregon,Labels,Avery 492,USD,11.52,5,3.74
Not_Applicable,CA-2012-169299,2012-08-24 00:00:00,2012-08-26 00:00:00,On time,DennyOrdway,United States,Portland,Oregon,Art,"Premium Writing Pencils, Soft, #2 by Central Association for the Blind",USD,7.15,3,0.72
Not_Applicable,US-2014-153255,2014-09-04 00:00:00,2014-09-08 00:00:00,On time,JoeKamberova,United States,Concord,California,Bookcases,"Bush Heritage Pine Collection 5-Shelf Bookcase, Albany Pine Finish, *Special Order",USD,239.67,2,14.1
Not_Applicable,CA-2014-134845,2014-04-18 00:00:00,2014-04-24 00:00:00,Delay,SharelleRoach,United States,Louisville,Colorado,Binders,Cardinal Holdit Business Card Pockets,USD,8.96,6,-6.57
Not_Applicable,CA-2014-141481,2014-06-12 00:00:00,2014-06-15 00:00:00,On time,ZuschussDonatelli,United States,Los Angeles,California,Appliances,Kensington 6 Outlet Guardian Standard Surge Protector,USD,61.44,3,16.59
Not_Applicable,CA-2014-106033,2014-10-16 00:00:00,2014-10-19 00:00:00,On time,FrankGastineau,United States,San Francisco,California,Art,Panasonic KP-310 Heavy-Duty Electric Pencil Sharpener,USD,87.92,4,26.38
Not_Applicable,CA-2014-168403,2014-09-10 00:00:00,2014-09-16 00:00:00,Delay,DamalaKotsonis,United States,Portland,Oregon,Appliances,Belkin 7-Outlet SurgeMaster Home Series,USD,11.18,1,0.84
Not_Applicable,CA-2013-113656,2013-01-23 00:00:00,2013-01-29 00:00:00,Delay,ChristyBrittain,United States,Los Angeles,California,Furnishings,"DAX Cubicle Frames, 8-1/2 x 11",USD,59.99,7,21.6
Not_Applicable,CA-2012-135545,2012-11-24 00:00:00,2012-11-30 00:00:00,Delay,KunstMiller,United States,Los Angeles,California,Paper,Xerox 1943,USD,146.73,3,68.96
Not_Applicable,CA-2013-128412,2013-12-11 00:00:00,2013-12-18 00:00:00,Delay,ArthurPrichep,United States,Seattle,Washington,Paper,Xerox 1988,USD,123.92,4,55.76
Not_Applicable,US-2014-107272,2014-11-06 00:00:00,2014-11-13 00:00:00,Delay,TroyStaebel,United States,Phoenix,Arizona,Storage,"Trav-L-File Heavy-Duty Shuttle II, Black",USD,243.99,7,30.5
Not_Applicable,CA-2014-104619,2014-01-25 00:00:00,2014-01-30 00:00:00,Delay,KeithDawkins,United States,San Jose,California,Binders,Ibico EB-19 Dual Function Manual Binding System,USD,276.78,2,89.95
Not_Applicable,CA-2013-107615,2013-03-23 00:00:00,2013-03-26 00:00:00,On time,RobertBarroso,United States,North Las Vegas,Nevada,Accessories,Logitech ClearChat Comfort/USB Headset H390,USD,58.58,2,19.33
Not_Applicable,US-2014-112347,2014-12-03 00:00:00,2014-12-07 00:00:00,On time,BillStewart,United States,Denver,Colorado,Furnishings,"Tenex 46"" x 60"" Computer Anti-Static Chairmat, Rectangular Shaped",USD,508.7,6,0.0
Not_Applicable,CA-2014-102099,2014-12-19 00:00:00,2014-12-20 00:00:00,On time,EmilyPhan,United States,Los Angeles,California,Art,Newell 327,USD,6.63,3,1.79
Not_Applicable,CA-2011-135993,2011-05-28 00:00:00,2011-06-02 00:00:00,Delay,PatrickJones,United States,Seattle,Washington,Phones,I Need's 3d Hello Kitty Hybrid Silicone Case Cover for HTC One X 4g with 3d Hello Kitty Stylus Pen Green/pink,USD,57.41,6,5.74
Not_Applicable,US-2012-163279,2012-03-22 00:00:00,2012-03-26 00:00:00,On time,JustinDeggeller,United States,San Diego,California,Furnishings,Tenex B1-RE Series Chair Mats for Low Pile Carpets,USD,91.96,2,15.63
Not_Applicable,CA-2014-123491,2014-10-31 00:00:00,2014-11-06 00:00:00,Delay,JamieKunitz,United States,San Francisco,California,Chairs,"Global Leather Task Chair, Black",USD,71.99,1,-0.9
Not_Applicable,US-2012-145422,2012-12-03 00:00:00,2012-12-07 00:00:00,On time,PierreWener,United States,San Francisco,California,Bookcases,"Sauder Forest Hills Library, Woodland Oak Finish",USD,359.5,3,-29.61
Not_Applicable,CA-2012-119508,2012-12-04 00:00:00,2012-12-09 00:00:00,Delay,TracyZic,United States,Lakewood,California,Art,Avery Hi-Liter Fluorescent Desk Style Markers,USD,16.9,5,6.25
Not_Applicable,TRN-2026-1049,2026-03-15 00:00:00,2026-03-17 00:00:00,On time,Trainer_Account,United States,Boston,Massachusetts,Home & Kitchen,Brita Standard Replacement Filters for Water Pitchers,USD,19.42,3,13.13
Not_Applicable,CA-2012-154620,2012-12-12 00:00:00,2012-12-16 00:00:00,On time,LizThompson,United States,Lancaster,California,Chairs,"Lifetime Advantage Folding Chairs, 4/Carton",USD,348.93,2,34.89
Not_Applicable,CA-2013-114972,2013-11-04 00:00:00,2013-11-07 00:00:00,On time,PhillipFlathmann,United States,Los Angeles,California,Accessories,Kensington K72356US Mouse-in-a-Box USB Desktop Mouse,USD,82.95,5,29.03
Not_Applicable,CA-2013-109365,2013-11-04 00:00:00,2013-11-09 00:00:00,Delay,XylonaPreis,United States,Los Angeles,California,Paper,Xerox 22,USD,19.44,3,9.33
Not_Applicable,CA-2012-137302,2012-04-26 00:00:00,2012-05-01 00:00:00,Delay,BartWatters,United States,San Diego,California,Art,Newell 345,USD,59.52,3,15.48
Not_Applicable,US-2013-105578,2013-05-31 00:00:00,2013-06-05 00:00:00,Delay,MaribethYedwab,United States,Parker,Colorado,Binders,Vinyl Sectional Post Binders,USD,22.62,2,-15.08
Not_Applicable,US-2014-114034,2014-01-04 00:00:00,2014-01-09 00:00:00,Delay,DelfinaLatchford,United States,Rancho Cucamonga,California,Paper,Xerox 1905,USD,38.88,6,18.66
Not_Applicable,CA-2012-119214,2012-01-23 00:00:00,2012-01-27 00:00:00,On time,CarlWeiss,United States,Bozeman,Montana,Labels,Avery 500,USD,14.62,2,6.87
Not_Applicable,CA-2011-100881,2011-03-28 00:00:00,2011-04-01 00:00:00,On time,DanielRaglin,United States,Albuquerque,New Mexico,Phones,AT&T TR1909W,USD,302.38,3,22.68
Not_Applicable,US-2013-125402,2013-09-26 00:00:00,2013-10-02 00:00:00,Delay,DanLawera,United States,Long Beach,California,Labels,Alphabetical Labels for Top Tab Filing,USD,29.6,2,14.8
Not_Applicable,CA-2013-161095,2013-06-29 00:00:00,2013-06-29 00:00:00,On time,ChrisSelesnick,United States,Los Angeles,California,Binders,GBC Premium Transparent Covers with Diagonal Lined Pattern,USD,33.57,2,11.75
Not_Applicable,CA-2011-114643,2011-06-13 00:00:00,2011-06-17 00:00:00,On time,FiliaMcAdams,United States,Los Angeles,California,Art,Staples,USD,14.52,3,4.79
Not_Applicable,CA-2013-129630,2013-09-05 00:00:00,2013-09-05 00:00:00,On time,IoniaMcGrath,United States,San Francisco,California,Furnishings,"6"" Cubicle Wall Clock, Black",USD,24.27,3,8.74
Not_Applicable,CA-2014-116680,2014-09-05 00:00:00,2014-09-07 00:00:00,On time,PeteKriz,United States,San Francisco,California,Binders,Acco Suede Grain Vinyl Round Ring Binder,USD,13.34,6,4.34
Not_Applicable,CA-2014-123022,2014-09-04 00:00:00,2014-09-09 00:00:00,Delay,SampleCompanyA,United States,La Mesa,California,Accessories,Kensington Expert Mouse Optical USB Trackball for PC or Mac,USD,284.97,3,85.49
Not_Applicable,CA-2013-163328,2013-11-05 00:00:00,2013-11-07 00:00:00,On time,TracyPoddar,United States,Eugene,Oregon,Paper,Southworth 25% Cotton Premium Laser Paper and Envelopes,USD,47.95,3,16.78
Not_Applicable,CA-2014-110478,2014-03-05 00:00:00,2014-03-10 00:00:00,Delay,SungPak,United States,Los Angeles,California,Envelopes,"White Envelopes, White Envelopes with Clear Poly Window",USD,15.25,1,7.02
Not_Applicable,TRN-2026-1024,2026-03-15 00:00:00,2026-03-17 00:00:00,On time,Trainer_Account,United States,Boston,Massachusetts,Health & Household,"AZO Urinary Pain Relief Maximum Strength, 24 ct",USD,82.02,1,4.87
Not_Applicable,CA-2013-146766,2013-11-05 00:00:00,2013-11-05 00:00:00,On time,ThomasThornton,United States,Chula Vista,California,Art,Boston Heavy-Duty Trimline Electric Pencil Sharpeners,USD,192.8,4,55.91
Not_Applicable,CA-2014-101749,2014-10-04 00:00:00,2014-10-09 00:00:00,Delay,AaronSmayling,United States,Pasadena,California,Tables,"Lesro Sheffield Collection Coffee Table, End Table, Center Table, Corner Table",USD,171.29,3,-6.42
Not_Applicable,TRN-2026-1021,2026-03-15 00:00:00,2026-03-17 00:00:00,On time,Trainer_Account,United States,Boston,Massachusetts,Health & Household,"Nature Made Multivitamin For Her, 90 Tablets",USD,71.87,3,16.04
Not_Applicable,CA-2014-145233,2014-12-02 00:00:00,2014-12-06 00:00:00,On time,DiannaVittorini,United States,Denver,Colorado,Phones,GE 30524EE4,USD,470.38,3,52.92
Not_Applicable,CA-2014-168109,2014-07-04 00:00:00,2014-07-04 00:00:00,On time,JimKriz,United States,Seattle,Washington,Phones,"Square Credit Card Reader, 4 1/2"" x 4 1/2"" x 1"", White",USD,7.99,1,2.7
Not_Applicable,CA-2014-106859,2014-03-14 00:00:00,2014-03-19 00:00:00,Delay,BenjaminFarhat,United States,Albuquerque,New Mexico,Storage,"SimpliFile Personal File, Black Granite, 15w x 6-15/16d x 11-1/4h",USD,90.8,8,25.42
Not_Applicable,CA-2012-123232,2012-12-14 00:00:00,2012-12-16 00:00:00,On time,DougJacobs,United States,Portland,Oregon,Phones,HTC One,USD,319.97,4,36.0
Not_Applicable,CA-2013-112669,2013-04-15 00:00:00,2013-04-15 00:00:00,On time,KeanTakahito,United States,Glendale,Arizona,Chairs,Hon 4070 Series Pagoda Armless Upholstered Stacking Chairs,USD,933.54,4,105.02
Not_Applicable,CA-2014-137099,2014-12-08 00:00:00,2014-12-11 00:00:00,On time,FrankPreis,United States,Los Angeles,California,Phones,Cisco SPA301,USD,374.38,3,46.8
Not_Applicable,CA-2013-155488,2013-11-14 00:00:00,2013-11-18 00:00:00,On time,FrankMerwin,United States,Vancouver,Washington,Art,Boston 16801 Nautilus Battery Pencil Sharpener,USD,44.02,2,11.45
Not_Applicable,CA-2012-149083,2012-09-25 00:00:00,2012-09-30 00:00:00,Delay,SallyHughsby,United States,Seattle,Washington,Accessories,Logitech G602 Wireless Gaming Mouse,USD,159.98,2,57.59
Not_Applicable,CA-2014-102820,2014-05-08 00:00:00,2014-05-12 00:00:00,On time,CarlosSoltero,United States,Pasadena,California,Phones,Blue Parrot B250XT Professional Grade Wireless Bluetooth Headset with,USD,419.94,7,52.49
Not_Applicable,CA-2012-157770,2012-12-13 00:00:00,2012-12-15 00:00:00,On time,RobDowd,United States,Temecula,California,Binders,"Angle-D Binders with Locking Rings, Label Holders",USD,29.2,5,9.86
Not_Applicable,CA-2014-156958,2014-12-06 00:00:00,2014-12-07 00:00:00,On time,PatrickBzostek,United States,Seattle,Washington,Binders,Fellowes Black Plastic Comb Bindings,USD,9.3,2,3.02
Not_Applicable,CA-2014-154116,2014-12-16 00:00:00,2014-12-20 00:00:00,On time,KhloeMiller,United States,Inglewood,California,Phones,Panasonic KX TS3282B Corded phone,USD,196.78,3,14.76
Not_Applicable,CA-2014-118017,2014-12-04 00:00:00,2014-12-07 00:00:00,On time,LenaCacioppo,United States,Thornton,Colorado,Furnishings,Staples,USD,23.38,3,7.01
Not_Applicable,US-2011-133130,2011-09-27 00:00:00,2011-10-01 00:00:00,On time,TheaHendricks,United States,San Diego,California,Paper,Xerox 1919,USD,81.98,2,40.17
Not_Applicable,CA-2011-166961,2011-12-27 00:00:00,2011-12-31 00:00:00,On time,CynthiaDelaney,United States,Moreno Valley,California,Storage,Advantus Rolling Storage Box,USD,51.45,3,13.89
Not_Applicable,CA-2014-142643,2014-10-16 00:00:00,2014-10-21 00:00:00,Delay,DionisLloyd,United States,Thousand Oaks,California,Furnishings,"Executive Impressions 14"" Two-Color Numerals Wall Clock",USD,22.72,1,9.32
Not_Applicable,CA-2011-103940,2011-09-17 00:00:00,2011-09-21 00:00:00,On time,BradleyNguyen,United States,Seattle,Washington,Binders,GBC Prestige Therm-A-Bind Covers,USD,137.24,5,46.32
Not_Applicable,CA-2013-101343,2013-07-18 00:00:00,2013-07-23 00:00:00,Delay,RubenAusman,United States,Los Angeles,California,Storage,"Eldon Base for stackable storage shelf, platinum",USD,77.88,2,3.89
Not_Applicable,TRN-2026-1027,2026-03-15 00:00:00,2026-03-17 00:00:00,On time,Trainer_Account,United States,Boston,Massachusetts,Office Products,"Sharpie Permanent Markers, Fine Point, Black, 12 Count",USD,86.44,3,3.05
Not_Applicable,CA-2014-116715,2014-12-03 00:00:00,2014-12-06 00:00:00,On time,VictoriaWilson,United States,San Francisco,California,Storage,"Fellowes Mobile File Cart, Black",USD,559.62,9,151.1
Not_Applicable,CA-2012-164882,2012-10-31 00:00:00,2012-10-31 00:00:00,On time,SandraGlassco,United States,Redlands,California,Paper,Xerox 191,USD,19.98,1,9.39
Not_Applicable,CA-2013-100300,2013-06-25 00:00:00,2013-06-27 00:00:00,On time,MaxJones,United States,San Diego,California,Machines,Okidata MB760 Printer,USD,4476.8,4,503.64
Not_Applicable,CA-2013-126732,2013-09-03 00:00:00,2013-09-07 00:00:00,On time,LenaRadford,United States,Los Angeles,California,Furnishings,Ultra Door Pull Handle,USD,94.68,9,31.24
Not_Applicable,US-2012-103996,2012-03-29 00:00:00,2012-03-31 00:00:00,On time,RichardBierner,United States,San Diego,California,Paper,Xerox 1880,USD,212.64,6,99.94
Not_Applicable,US-2011-112872,2011-12-06 00:00:00,2011-12-11 00:00:00,Delay,RyanCrowe,United States,Springfield,Oregon,Storage,File Shuttle I and Handi-File,USD,53.42,3,4.67
Not_Applicable,CA-2013-143476,2013-09-12 00:00:00,2013-09-14 00:00:00,On time,LindaCazamias,United States,Phoenix,Arizona,Paper,Great White Multi-Use Recycled Paper (20Lb. and 84 Bright),USD,9.57,2,2.99
Not_Applicable,CA-2013-149482,2013-11-15 00:00:00,2013-11-20 00:00:00,Delay,RalphRitter,United States,San Francisco,California,Labels,Avery 52,USD,7.38,2,3.47
Not_Applicable,CA-2011-104472,2011-06-02 00:00:00,2011-06-07 00:00:00,Delay,ChristineKargatis,United States,Orem,Utah,Binders,GBC Standard Therm-A-Bind Covers,USD,59.81,3,19.44
Not_Applicable,CA-2013-165995,2013-08-31 00:00:00,2013-09-07 00:00:00,Delay,BruceGeld,United States,Los Angeles,California,Furnishings,"Executive Impressions 10"" Spectator Wall Clock",USD,47.04,4,15.99
Not_Applicable,CA-2014-137498,2014-09-10 00:00:00,2014-09-15 00:00:00,Delay,LizCarlisle,United States,Los Angeles,California,Art,Newell 35,USD,6.56,2,1.9
Not_Applicable,US-2012-159499,2012-11-21 00:00:00,2012-11-23 00:00:00,On time,EudokiaMartin,United States,Phoenix,Arizona,Accessories,Belkin Standard 104 key USB Keyboard,USD,23.34,2,-1.46
Not_Applicable,TRN-2026-1007,2026-03-15 00:00:00,2026-03-17 00:00:00,On time,Trainer_Account,United States,Boston,Massachusetts,Health & Household,"Zyrtec 24 Hour Allergy Relief Capsules, 40 ct",USD,30.39,2,7.13
Not_Applicable,CA-2014-119494,2014-11-10 00:00:00,2014-11-14 00:00:00,On time,JimEpp,United States,San Diego,California,Chairs,"Lifetime Advantage Folding Chairs, 4/Carton",USD,523.39,3,52.34
Not_Applicable,CA-2014-110443,2014-11-22 00:00:00,2014-11-26 00:00:00,On time,ChlorisKastensmidt,United States,Renton,Washington,Binders,Vinyl Sectional Post Binders,USD,150.8,5,56.55
Not_Applicable,CA-2014-125913,2014-01-17 00:00:00,2014-01-17 00:00:00,On time,JackO'Briant,United States,Los Angeles,California,Furnishings,"Eldon Expressions Wood and Plastic Desk Accessories, Cherry Wood",USD,27.92,4,8.1
Not_Applicable,CA-2013-144015,2013-06-27 00:00:00,2013-06-27 00:00:00,On time,AdamHart,United States,Los Angeles,California,Fasteners,OIC Binder Clips,USD,17.9,5,8.95
Not_Applicable,CA-2013-138933,2013-04-25 00:00:00,2013-04-28 00:00:00,On time,JackLebron,United States,Riverside,California,Binders,Cardinal Holdit Business Card Pockets,USD,3.98,1,1.39
Not_Applicable,CA-2012-144806,2012-12-06 00:00:00,2012-12-11 00:00:00,Delay,GaryHwang,United States,Tucson,Arizona,Paper,Xerox 1970,USD,19.92,5,6.72
Not_Applicable,CA-2014-137428,2014-12-17 00:00:00,2014-12-22 00:00:00,Delay,AndyYotov,United States,Oceanside,California,Chairs,"Global Value Steno Chair, Gray",USD,97.18,2,6.07
Not_Applicable,TRN-2026-1023,2026-03-15 00:00:00,2026-03-17 00:00:00,On time,Trainer_Account,United States,Boston,Massachusetts,Health & Household,Prilosec OTC Heartburn Relief and Acid Reducer,USD,96.84,3,1.6
Not_Applicable,CA-2013-168557,2013-09-20 00:00:00,2013-09-24 00:00:00,On time,FrankHawley,United States,San Francisco,California,Binders,Avery Heavy-Duty EZD  Binder With Locking Rings,USD,8.93,2,3.12
Not_Applicable,CA-2011-106439,2011-10-31 00:00:00,2011-11-04 00:00:00,On time,GregGuthrie,United States,Los Angeles,California,Art,Newell 325,USD,12.39,3,3.72
Not_Applicable,CA-2014-163097,2014-08-28 00:00:00,2014-09-01 00:00:00,On time,SarahFoster,United States,Mesa,Arizona,Furnishings,Flat Face Poster Frame,USD,120.58,8,33.16
Not_Applicable,CA-2011-140816,2011-12-20 00:00:00,2011-12-20 00:00:00,On time,TobyCarlisle,United States,Thornton,Colorado,Accessories,Logitech G430 Surround Sound Gaming Headset with Dolby 7.1 Technology,USD,447.94,7,89.59
Not_Applicable,CA-2011-146528,2011-07-25 00:00:00,2011-07-27 00:00:00,On time,VickyFreymann,United States,Los Angeles,California,Paper,Xerox 1966,USD,6.48,1,3.18
Not_Applicable,CA-2013-124814,2013-04-11 00:00:00,2013-04-17 00:00:00,Delay,FiliaMcAdams,United States,Bakersfield,California,Paper,Xerox 227,USD,12.96,2,6.22
Not_Applicable,CA-2014-156776,2014-08-08 00:00:00,2014-08-12 00:00:00,On time,JeremyLonsdale,United States,Westminster,California,Binders,"Mead 1st Gear 2"" Zipper Binder, Asst. Colors",USD,31.13,3,11.67
Not_Applicable,CA-2012-104346,2012-12-11 00:00:00,2012-12-16 00:00:00,Delay,IreneMaddox,United States,Colorado Springs,Colorado,Furnishings,"Master Caster Door Stop, Large Neon Orange",USD,52.42,9,15.07
Not_Applicable,CA-2011-112291,2011-04-03 00:00:00,2011-04-08 00:00:00,Delay,KatrinaEdelman,United States,Los Angeles,California,Accessories,Logitech G600 MMO Gaming Mouse,USD,159.98,2,57.59
Not_Applicable,CA-2014-112725,2014-01-31 00:00:00,2014-02-07 00:00:00,Delay,EugeneHildebrand,United States,San Francisco,California,Art,"Crayola Anti Dust Chalk, 12/Pack",USD,12.74,7,5.73
Not_Applicable,CA-2012-130113,2012-12-27 00:00:00,2012-12-31 00:00:00,On time,AaronHawkins,United States,San Francisco,California,Storage,Fellowes Super Stor/Drawer Files,USD,323.1,2,61.39
Not_Applicable,CA-2014-101805,2014-12-02 00:00:00,2014-12-07 00:00:00,Delay,SallyHughsby,United States,Seattle,Washington,Binders,Ibico Presentation Index for Binding Systems,USD,15.92,5,5.37
Not_Applicable,CA-2014-107321,2014-09-01 00:00:00,2014-09-05 00:00:00,On time,ArthurWiediger,United States,San Francisco,California,Binders,Acco Suede Grain Vinyl Round Ring Binder,USD,6.67,3,2.17
Not_Applicable,CA-2014-163405,2014-12-22 00:00:00,2014-12-26 00:00:00,On time,BradleyNguyen,United States,Los Angeles,California,Art,Newell 317,USD,5.88,2,1.71
Not_Applicable,CA-2014-137876,2014-05-01 00:00:00,2014-05-06 00:00:00,Delay,DonJones,United States,San Francisco,California,Envelopes,"#10- 4 1/8"" x 9 1/2"" Security-Tint Envelopes",USD,30.56,4,14.97
Not_Applicable,CA-2014-137428,2014-12-17 00:00:00,2014-12-22 00:00:00,Delay,AndyYotov,United States,Oceanside,California,Furnishings,"DAX Two-Tone Rosewood/Black Document Frame, Desktop, 5 x 7",USD,18.96,2,7.58
Not_Applicable,CA-2011-154592,2011-12-07 00:00:00,2011-12-08 00:00:00,On time,EricaHernandez,United States,San Francisco,California,Paper,Green Bar Computer Printout Paper,USD,164.88,3,80.79
Not_Applicable,CA-2011-142979,2011-04-12 00:00:00,2011-04-18 00:00:00,Delay,EdwardHooks,United States,Lodi,California,Art,Prismacolor Color Pencil Set,USD,39.68,2,16.27
Not_Applicable,CA-2012-155306,2012-04-17 00:00:00,2012-04-21 00:00:00,On time,GeorgeAshbrook,United States,San Francisco,California,Paper,Xerox 1903,USD,11.96,2,5.86
Not_Applicable,CA-2014-108000,2014-01-13 00:00:00,2014-01-17 00:00:00,On time,LindaSouthworth,United States,San Francisco,California,Envelopes,Staples,USD,9.78,1,4.89
Not_Applicable,CA-2014-140186,2014-09-30 00:00:00,2014-10-03 00:00:00,On time,PatrickGardner,United States,Bakersfield,California,Chairs,"Leather Task Chair, Black",USD,72.78,1,0.0
Not_Applicable,CA-2011-144414,2011-06-17 00:00:00,2011-06-21 00:00:00,On time,GaryHwang,United States,Seattle,Washington,Binders,GBC DocuBind P400 Electric Binding System,USD,3266.38,3,1061.57
Not_Applicable,CA-2012-137946,2012-09-01 00:00:00,2012-09-04 00:00:00,On time,DougBickford,United States,Los Angeles,California,Binders,Avery Non-Stick Binders,USD,14.37,4,4.49
Not_Applicable,CA-2013-108630,2013-11-19 00:00:00,2013-11-19 00:00:00,On time,BobbyElias,United States,Concord,California,Binders,Recycled Premium Regency Composition Covers,USD,61.12,5,22.16
Not_Applicable,CA-2013-101672,2013-10-04 00:00:00,2013-10-08 00:00:00,On time,DanielByrd,United States,Lake Forest,California,Paper,Xerox 1891,USD,97.82,2,45.98
Not_Applicable,CA-2011-134313,2011-11-01 00:00:00,2011-11-07 00:00:00,Delay,RussellApplegate,United States,Denver,Colorado,Phones,ClearOne CHATAttach 160 - speaker phone,USD,1983.97,4,248.0
Not_Applicable,CA-2011-123344,2011-09-24 00:00:00,2011-09-29 00:00:00,Delay,JuliaDunbar,United States,San Francisco,California,Storage,"Gould Plastics 9-Pocket Panel Bin, 18-3/8w x 5-1/4d x 20-1/2h, Black",USD,211.96,4,8.48
Not_Applicable,CA-2014-126662,2014-07-18 00:00:00,2014-07-22 00:00:00,On time,AlejandroBallentine,United States,Los Angeles,California,Copiers,Brother DCP1000 Digital 3 in 1 Multifunction Machine,USD,479.98,2,90.0
Not_Applicable,CA-2011-101175,2011-12-09 00:00:00,2011-12-14 00:00:00,Delay,DarioMedina,United States,Mesa,Arizona,Storage,Acco Perma 3000 Stacking Storage Drawers,USD,100.7,6,-1.26
Not_Applicable,CA-2014-128734,2014-12-25 00:00:00,2015-01-01 00:00:00,Delay,JamesLanier,United States,Chandler,Arizona,Furnishings,Acrylic Self-Standing Desk Frames,USD,8.54,4,1.92
Not_Applicable,CA-2014-167094,2014-10-22 00:00:00,2014-10-23 00:00:00,On time,DamalaKotsonis,United States,Springfield,Oregon,Chairs,Global Comet Stacking Armless Chair,USD,478.48,2,47.85
Not_Applicable,CA-2012-122287,2012-06-18 00:00:00,2012-06-23 00:00:00,Delay,SkyeNorling,United States,Peoria,Arizona,Binders,Peel & Stick Add-On Corner Pockets,USD,4.54,7,-3.33
Not_Applicable,CA-2011-133424,2011-03-30 00:00:00,2011-04-04 00:00:00,Delay,Dorrisliebe,United States,Seattle,Washington,Labels,Avery 490,USD,44.4,3,22.2
Not_Applicable,CA-2014-153080,2014-05-23 00:00:00,2014-05-26 00:00:00,On time,EricHoffmann,United States,Los Angeles,California,Accessories,"Maxell 74 Minute CDR, 10/Pack",USD,68.46,7,25.33
Not_Applicable,CA-2011-144414,2011-06-17 00:00:00,2011-06-21 00:00:00,On time,GaryHwang,United States,Seattle,Washington,Fasteners,OIC Binder Clips,USD,17.9,5,8.95
Not_Applicable,CA-2014-162978,2014-05-05 00:00:00,2014-05-10 00:00:00,Delay,LindsayWilliams,United States,San Francisco,California,Phones,Motorola L804,USD,183.96,5,20.7
Not_Applicable,CA-2011-156594,2011-12-20 00:00:00,2011-12-23 00:00:00,On time,MichaelChen,United States,Los Angeles,California,Binders,Ibico Hi-Tech Manual Binding System,USD,487.98,2,152.5
Not_Applicable,CA-2012-167255,2012-09-27 00:00:00,2012-09-29 00:00:00,On time,RickHuthwaite,United States,San Francisco,California,Paper,Xerox 1916,USD,146.82,3,73.41
Not_Applicable,CA-2012-134117,2012-12-17 00:00:00,2012-12-19 00:00:00,On time,PaulGonzalez,United States,Los Angeles,California,Art,Sanford 52201 APSCO Electric Pencil Sharpener,USD,204.85,5,53.26
Not_Applicable,CA-2013-156265,2013-08-03 00:00:00,2013-08-05 00:00:00,On time,BarryFranzösisch,United States,Los Angeles,California,Phones,Nortel Business Series Terminal T7208 Digital phone,USD,333.58,3,33.36
Not_Applicable,CA-2011-100090,2011-07-08 00:00:00,2011-07-12 00:00:00,On time,EdBraxton,United States,San Francisco,California,Binders,"Wilson Jones Ledger-Size, Piano-Hinge Binder, 2"", Blue",USD,196.7,6,68.85
Not_Applicable,CA-2011-104563,2011-03-07 00:00:00,2011-03-12 00:00:00,Delay,CraigMolinari,United States,Seattle,Washington,Chairs,Office Star - Task Chair with Contemporary Loop Arms,USD,436.7,6,21.84
Not_Applicable,CA-2012-140410,2012-11-03 00:00:00,2012-11-07 00:00:00,On time,CorinnaMitchell,United States,Los Angeles,California,Phones,Cisco IP Phone 7961G-GE VoIP phone,USD,1212.85,7,106.12
Not_Applicable,US-2014-143175,2014-08-04 00:00:00,2014-08-07 00:00:00,On time,GeorgeAshbrook,United States,Los Angeles,California,Storage,Fellowes Bases and Tops For Staxonsteel/High-Stak Systems,USD,99.87,3,23.97
Not_Applicable,CA-2011-133704,2011-09-20 00:00:00,2011-09-26 00:00:00,Delay,MichelleArnett,United States,Los Angeles,California,Appliances,Staples,USD,43.92,4,11.86
Not_Applicable,CA-2011-146843,2011-11-30 00:00:00,2011-12-06 00:00:00,Delay,PhilipBrown,United States,Avondale,Arizona,Supplies,Acme Office Executive Series Stainless Steel Trimmers,USD,47.99,7,3.6
Not_Applicable,US-2013-139087,2013-07-18 00:00:00,2013-07-23 00:00:00,Delay,DennisKane,United States,Seattle,Washington,Labels,Round Specialty Laser Printer Labels,USD,87.71,7,41.22
Not_Applicable,CA-2014-126536,2014-10-13 00:00:00,2014-10-15 00:00:00,On time,NeilKnudson,United States,San Francisco,California,Binders,Canvas Sectional Post Binders,USD,101.84,5,36.92
Not_Applicable,CA-2012-164301,2012-03-26 00:00:00,2012-03-30 00:00:00,On time,EllisBallard,United States,Seattle,Washington,Tables,Bush Advantage Collection Racetrack Conference Table,USD,3393.68,8,610.86
Not_Applicable,CA-2013-113516,2013-09-09 00:00:00,2013-09-11 00:00:00,On time,ValerieMitchum,United States,Lancaster,California,Binders,Premium Transparent Presentation Covers by GBC,USD,67.14,4,23.5
Not_Applicable,CA-2011-132787,2011-09-19 00:00:00,2011-09-23 00:00:00,On time,MikeCaudle,United States,Seattle,Washington,Storage,"Decoflex Hanging Personal Folder File, Blue",USD,92.52,6,24.98
Not_Applicable,CA-2012-141593,2012-12-14 00:00:00,2012-12-16 00:00:00,On time,DarrenBudd,United States,Los Angeles,California,Paper,Xerox 23,USD,6.48,1,3.11
Not_Applicable,CA-2013-134936,2013-12-20 00:00:00,2013-12-26 00:00:00,Delay,ErinSmith,United States,Tucson,Arizona,Tables,"SAFCO PlanMaster Boards, 60w x 37-1/2d, White Melamine",USD,455.97,6,-218.87
Not_Applicable,CA-2013-161669,2013-11-08 00:00:00,2013-11-10 00:00:00,On time,EudokiaMartin,United States,Los Angeles,California,Binders,Fellowes Binding Cases,USD,37.44,4,11.7
Not_Applicable,US-2014-133312,2014-11-26 00:00:00,2014-11-30 00:00:00,On time,BradleyDrucker,United States,San Francisco,California,Bookcases,"Sauder Forest Hills Library, Woodland Oak Finish",USD,359.5,3,-29.61
Not_Applicable,US-2011-106334,2011-12-27 00:00:00,2012-01-02 00:00:00,Delay,JeremyFarry,United States,San Francisco,California,Paper,Xerox 1927,USD,12.84,3,5.78
Not_Applicable,CA-2011-144414,2011-06-17 00:00:00,2011-06-21 00:00:00,On time,GaryHwang,United States,Seattle,Washington,Furnishings,Eldon Wave Desk Accessories,USD,6.24,3,2.62
Not_Applicable,CA-2012-135580,2012-12-30 00:00:00,2013-01-03 00:00:00,On time,ClayLudtke,United States,Los Angeles,California,Machines,Zebra GX420t Direct Thermal/Thermal Transfer Printer,USD,2548.56,6,286.71
Not_Applicable,CA-2013-155978,2013-08-02 00:00:00,2013-08-02 00:00:00,On time,ThomasSeio,United States,Riverside,California,Appliances,Belkin F5C206VTEL 6 Outlet Surge,USD,45.96,2,13.79
Not_Applicable,CA-2011-116673,2011-12-15 00:00:00,2011-12-19 00:00:00,On time,JasO'Carroll,United States,San Diego,California,Furnishings,Stackable Trays,USD,6.16,2,1.97
Not_Applicable,CA-2012-133452,2012-04-13 00:00:00,2012-04-19 00:00:00,Delay,ZuschussCarroll,United States,Pomona,California,Accessories,Plantronics Audio 478 Stereo USB Headset,USD,199.96,4,69.99
Not_Applicable,TRN-2026-1035,2026-03-15 00:00:00,2026-03-17 00:00:00,On time,Trainer_Account,United States,Boston,Massachusetts,Beauty & Personal Care,"Colgate Total Whitening Toothpaste, 2-Pack",USD,81.95,3,7.49
Not_Applicable,CA-2013-163594,2013-04-13 00:00:00,2013-04-15 00:00:00,On time,JasonFortune-,United States,Los Angeles,California,Paper,Xerox 206,USD,19.44,3,9.33
Not_Applicable,US-2012-165743,2012-11-20 00:00:00,2012-11-23 00:00:00,On time,MichelleMoray,United States,Aurora,Colorado,Binders,Wilson Jones Custom Binder Spines & Labels,USD,4.9,3,-3.43
Not_Applicable,CA-2014-104619,2014-01-25 00:00:00,2014-01-30 00:00:00,Delay,KeithDawkins,United States,San Jose,California,Phones,Jensen SMPS-640 - speaker phone,USD,110.35,3,8.28
Not_Applicable,US-2014-163300,2014-09-16 00:00:00,2014-09-22 00:00:00,Delay,EricaSmith,United States,Los Angeles,California,Phones,Panasonic KX-TG6844B Expandable Digital Cordless Telephone,USD,369.54,7,32.34
Not_Applicable,US-2011-134054,2011-10-10 00:00:00,2011-10-10 00:00:00,On time,FredChung,United States,Albuquerque,New Mexico,Art,"Dixon Ticonderoga Core-Lock Colored Pencils, 48-Color Set",USD,255.85,7,112.57
Not_Applicable,US-2011-157385,2011-11-23 00:00:00,2011-11-25 00:00:00,On time,SanjitChand,United States,Los Angeles,California,Accessories,Belkin F8E887 USB Wired Ergonomic Keyboard,USD,29.99,1,6.3
Not_Applicable,CA-2012-131072,2012-11-05 00:00:00,2012-11-05 00:00:00,On time,KenLonsdale,United States,Seattle,Washington,Binders,"Avery Trapezoid Ring Binder, 3"" Capacity, Black, 1040 sheets",USD,98.35,3,35.65
Not_Applicable,CA-2013-117681,2013-04-10 00:00:00,2013-04-15 00:00:00,Delay,HerbertFlentye,United States,Los Angeles,California,Bookcases,Bush Somerset Collection Bookcase,USD,556.67,5,6.55
Not_Applicable,CA-2013-135461,2013-02-07 00:00:00,2013-02-10 00:00:00,On time,EricaBern,United States,Los Angeles,California,Phones,Motorola L703CM,USD,623.96,5,39.0
Not_Applicable,CA-2014-140963,2014-06-11 00:00:00,2014-06-14 00:00:00,On time,MichelleTran,United States,Los Angeles,California,Labels,Alphabetical Labels for Top Tab Filing,USD,29.6,2,14.8
Not_Applicable,CA-2012-137708,2012-11-22 00:00:00,2012-11-25 00:00:00,On time,NathanGelder,United States,Los Angeles,California,Paper,Xerox 1971,USD,42.8,10,19.26
Not_Applicable,CA-2012-111780,2012-12-25 00:00:00,2012-12-30 00:00:00,Delay,RalphArnett,United States,San Diego,California,Copiers,Brother DCP1000 Digital 3 in 1 Multifunction Machine,USD,1199.96,5,224.99
Not_Applicable,CA-2014-169894,2014-11-25 00:00:00,2014-11-30 00:00:00,Delay,MarkVanHuff,United States,Mesa,Arizona,Storage,Fellowes Bankers Box Staxonsteel Drawer File/Stacking System,USD,415.87,8,-41.59
Not_Applicable,CA-2013-106460,2013-02-19 00:00:00,2013-02-22 00:00:00,On time,GregTran,United States,San Francisco,California,Paper,Xerox 1880,USD,70.88,2,33.31
Not_Applicable,CA-2012-104948,2012-11-13 00:00:00,2012-11-17 00:00:00,On time,KeithHerrera,United States,San Bernardino,California,Paper,Xerox 1900,USD,29.96,7,13.48
Not_Applicable,CA-2014-116988,2014-06-28 00:00:00,2014-06-30 00:00:00,On time,PaulineWebber,United States,Seattle,Washington,Furnishings,Executive Impressions Supervisor Wall Clock,USD,126.3,3,40.42
Not_Applicable,CA-2012-164882,2012-10-31 00:00:00,2012-10-31 00:00:00,On time,SandraGlassco,United States,Redlands,California,Binders,GBC DocuBind P100 Manual Binding Machine,USD,398.35,3,124.49
Not_Applicable,US-2012-114741,2012-12-06 00:00:00,2012-12-10 00:00:00,On time,IvanListon,United States,North Las Vegas,Nevada,Paper,Xerox 20,USD,6.48,1,3.11
Not_Applicable,CA-2014-134418,2014-09-16 00:00:00,2014-09-21 00:00:00,Delay,GeneMcClure,United States,Seattle,Washington,Art,BIC Brite Liner Highlighters,USD,12.42,3,5.22
Not_Applicable,CA-2012-149713,2012-09-18 00:00:00,2012-09-22 00:00:00,On time,TrudyGlocke,United States,Long Beach,California,Paper,Personal Creations Ink Jet Cards and Labels,USD,160.72,14,78.75
Not_Applicable,CA-2014-113530,2014-05-20 00:00:00,2014-05-22 00:00:00,On time,BeckyCastell,United States,San Francisco,California,Chairs,"Situations Contoured Folding Chairs, 4/Set",USD,681.41,12,42.59
Not_Applicable,CA-2011-164721,2011-11-25 00:00:00,2011-11-27 00:00:00,On time,LaurelWorkman,United States,Brentwood,California,Appliances,Belkin F9G930V10-GRY 9 Outlet Surge,USD,320.88,6,93.06
Not_Applicable,CA-2013-109827,2013-12-26 00:00:00,2014-01-02 00:00:00,Delay,LaurelWorkman,United States,Phoenix,Arizona,Tables,KI Conference Tables,USD,35.45,1,-24.1
Not_Applicable,CA-2013-118311,2013-10-25 00:00:00,2013-10-29 00:00:00,On time,EmilyDucich,United States,San Francisco,California,Accessories,NETGEAR N750 Dual Band Wi-Fi Gigabit Router,USD,450.0,5,162.0
Not_Applicable,CA-2013-155383,2013-12-18 00:00:00,2013-12-23 00:00:00,Delay,SteveCarroll,United States,Seattle,Washington,Storage,"Personal Filing Tote with Lid, Black/Gray",USD,46.53,3,13.03
Not_Applicable,US-2013-156986,2013-03-21 00:00:00,2013-03-25 00:00:00,On time,ZuschussCarroll,United States,Salem,Oregon,Binders,Clear Mylar Reinforcing Strips,USD,16.82,3,-12.9
Not_Applicable,US-2013-155768,2013-12-02 00:00:00,2013-12-02 00:00:00,On time,LaurelBeltran,United States,Oxnard,California,Paper,Xerox 1886,USD,47.9,1,22.99
Not_Applicable,CA-2014-137414,2014-10-03 00:00:00,2014-10-07 00:00:00,On time,ChadMcGuire,United States,San Francisco,California,Furnishings,Dax Clear Box Frame,USD,17.46,2,5.94
Not_Applicable,CA-2014-152142,2014-11-15 00:00:00,2014-11-20 00:00:00,Delay,LindsayWilliams,United States,San Francisco,California,Chairs,"Global Leather Highback Executive Chair with Pneumatic Height Adjustment, Black",USD,321.57,2,28.14
Not_Applicable,CA-2012-142041,2012-06-07 00:00:00,2012-06-09 00:00:00,On time,EleniMcCrary,United States,Los Angeles,California,Binders,Staples,USD,7.52,5,2.63
Not_Applicable,CA-2013-142762,2013-05-24 00:00:00,2013-05-28 00:00:00,On time,LisaDeCherney,United States,San Francisco,California,Furnishings,"Eldon Image Series Desk Accessories, Ebony",USD,37.05,3,16.3
Not_Applicable,CA-2014-142636,2014-11-04 00:00:00,2014-11-08 00:00:00,On time,KimberlyCarter,United States,Seattle,Washington,Paper,Xerox 191,USD,139.86,7,65.73
Not_Applicable,CA-2011-131450,2011-08-08 00:00:00,2011-08-15 00:00:00,Delay,LenaRadford,United States,San Diego,California,Furnishings,Dana Halogen Swing-Arm Architect Lamp,USD,327.76,8,91.77
Not_Applicable,CA-2014-112515,2014-09-18 00:00:00,2014-09-22 00:00:00,On time,AlanSchoenberger,United States,Provo,Utah,Binders,Avery Non-Stick Binders,USD,10.78,3,3.5
Not_Applicable,CA-2014-127712,2014-09-01 00:00:00,2014-09-06 00:00:00,Delay,MichaelGranlund,United States,Salem,Oregon,Supplies,Acme Kleen Earth Office Shears,USD,6.21,2,0.7
Not_Applicable,US-2014-117331,2014-10-22 00:00:00,2014-10-29 00:00:00,Delay,NatalieDeCherney,United States,Glendale,Arizona,Binders,Lock-Up Easel 'Spel-Binder',USD,8.56,1,-6.56
Not_Applicable,CA-2013-145492,2013-11-21 00:00:00,2013-11-28 00:00:00,Delay,MattConnell,United States,Los Angeles,California,Appliances,"Bravo II Megaboss 12-Amp Hard Body Upright, Replacement Belts, 2 Belts per Pack",USD,39.0,12,11.31
Not_Applicable,CA-2011-133424,2011-03-30 00:00:00,2011-04-04 00:00:00,Delay,Dorrisliebe,United States,Seattle,Washington,Storage,Sterilite Show Offs Storage Containers,USD,15.84,3,0.0
Not_Applicable,TRN-2026-1036,2026-03-15 00:00:00,2026-03-17 00:00:00,On time,Trainer_Account,United States,Boston,Massachusetts,Health & Household,Nexium 24HR Acid Reducer Heartburn Relief Capsules,USD,71.35,1,9.66
Not_Applicable,CA-2011-130813,2011-01-07 00:00:00,2011-01-09 00:00:00,On time,LycorisSaunders,United States,Los Angeles,California,Paper,Xerox 225,USD,19.44,3,9.33
Not_Applicable,CA-2014-169327,2014-09-03 00:00:00,2014-09-05 00:00:00,On time,MarcHarrigan,United States,Los Angeles,California,Furnishings,Luxo Professional Combination Clamp-On Lamps,USD,511.5,5,132.99
Not_Applicable,CA-2014-132178,2014-05-04 00:00:00,2014-05-09 00:00:00,Delay,DarrenBudd,United States,Los Angeles,California,Storage,Fellowes Stor/Drawer Steel Plus Storage Drawers,USD,763.44,8,45.81
Not_Applicable,US-2014-141943,2014-05-06 00:00:00,2014-05-10 00:00:00,On time,DarrenKoutras,United States,San Francisco,California,Envelopes,"Peel & Seel Recycled Catalog Envelopes, Brown",USD,23.16,2,11.58
Not_Applicable,CA-2014-121048,2014-07-15 00:00:00,2014-07-19 00:00:00,On time,TobyCarlisle,United States,Westminster,California,Art,"BOSTON Model 1800 Electric Pencil Sharpeners, Putty/Woodgrain",USD,71.92,4,20.86
Not_Applicable,CA-2014-116680,2014-09-05 00:00:00,2014-09-07 00:00:00,On time,PeteKriz,United States,San Francisco,California,Tables,"Bush Cubix Conference Tables, Fully Assembled",USD,1478.27,8,92.39
Not_Applicable,CA-2014-155873,2014-06-17 00:00:00,2014-06-22 00:00:00,Delay,AlejandroBallentine,United States,Carlsbad,New Mexico,Supplies,Acme Elite Stainless Steel Scissors,USD,16.68,2,4.34
Not_Applicable,CA-2011-160262,2011-06-09 00:00:00,2011-06-13 00:00:00,On time,ThomasSeio,United States,North Las Vegas,Nevada,Art,DIXON Oriole Pencils,USD,18.06,7,4.7
Not_Applicable,US-2013-134369,2013-09-17 00:00:00,2013-09-23 00:00:00,Delay,BeckyCastell,United States,Laguna Niguel,California,Paper,Xerox 1966,USD,12.96,2,6.35
Not_Applicable,CA-2012-133452,2012-04-13 00:00:00,2012-04-19 00:00:00,Delay,ZuschussCarroll,United States,Pomona,California,Tables,Hon 94000 Series Round Tables,USD,710.83,3,-97.74
Not_Applicable,CA-2011-115812,2011-06-09 00:00:00,2011-06-14 00:00:00,Delay,BrosinaHoffman,United States,Los Angeles,California,Furnishings,"Eldon Expressions Wood and Plastic Desk Accessories, Cherry Wood",USD,48.86,7,14.17
Not_Applicable,CA-2012-165162,2012-05-14 00:00:00,2012-05-21 00:00:00,Delay,HunterGlantz,United States,Los Angeles,California,Storage,"Tennsco Snap-Together Open Shelving Units, Starter Sets and Add-On Units",USD,1117.92,4,55.9
Not_Applicable,CA-2011-128055,2011-03-31 00:00:00,2011-04-05 00:00:00,Delay,AlexAvila,United States,San Francisco,California,Appliances,Fellowes Advanced Computer Series Surge Protectors,USD,52.98,2,14.83
Not_Applicable,CA-2013-119123,2013-03-14 00:00:00,2013-03-19 00:00:00,Delay,DennisBolton,United States,Riverside,California,Binders,Cardinal EasyOpen D-Ring Binders,USD,51.18,7,19.19
Not_Applicable,CA-2014-132738,2014-08-05 00:00:00,2014-08-08 00:00:00,On time,HarryMarie,United States,Loveland,Colorado,Paper,Hammermill CopyPlus Copy Paper (20Lb. and 84 Bright),USD,7.97,2,2.89
Not_Applicable,CA-2012-153416,2012-11-24 00:00:00,2012-11-29 00:00:00,Delay,TobySwindell,United States,Los Angeles,California,Paper,Xerox 225,USD,19.44,3,9.33
Not_Applicable,CA-2013-160717,2013-06-07 00:00:00,2013-06-12 00:00:00,Delay,MariaEtezadi,United States,Santa Barbara,California,Phones,Samsung Galaxy Mega 6.3,USD,3023.93,9,226.79
Not_Applicable,US-2013-157490,2013-10-07 00:00:00,2013-10-08 00:00:00,On time,LaurelBeltran,United States,Pueblo,Colorado,Binders,"Avery Framed View Binder, EZD Ring (Locking), Navy, 1 1/2""",USD,11.98,4,-9.18
Not_Applicable,US-2013-114888,2013-09-20 00:00:00,2013-09-25 00:00:00,Delay,ChuckClark,United States,San Francisco,California,Supplies,Kleencut Forged Office Shears by Acme United Corporation,USD,6.24,3,1.87
Not_Applicable,US-2014-147886,2014-03-29 00:00:00,2014-04-01 00:00:00,On time,DaveHallsten,United States,Fairfield,California,Paper,Xerox 1975,USD,12.96,2,6.35
Not_Applicable,CA-2014-168109,2014-07-04 00:00:00,2014-07-04 00:00:00,On time,JimKriz,United States,Seattle,Washington,Accessories,Logitech 910-002974 M325 Wireless Mouse for Web Scrolling,USD,59.98,2,26.39
Not_Applicable,CA-2014-137918,2014-09-30 00:00:00,2014-10-07 00:00:00,Delay,JoeKamberova,United States,Lodi,California,Supplies,"Acme Hot Forged Carbon Steel Scissors with Nickel-Plated Handles, 3 7/8"" Cut, 8""L",USD,97.3,7,28.22
Not_Applicable,CA-2014-160934,2014-01-16 00:00:00,2014-01-20 00:00:00,On time,TonjaTurnell,United States,Los Angeles,California,Art,Newell 347,USD,21.4,5,6.21
Not_Applicable,CA-2014-143378,2014-09-20 00:00:00,2014-09-26 00:00:00,Delay,JustinRitter,United States,Springfield,Oregon,Art,Peel-Off China Markers,USD,23.83,3,6.55
Not_Applicable,CA-2012-164882,2012-10-31 00:00:00,2012-10-31 00:00:00,On time,SandraGlassco,United States,Redlands,California,Supplies,Acme Tagit Stainless Steel Antibacterial Scissors,USD,29.7,3,8.02
Not_Applicable,CA-2013-128412,2013-12-11 00:00:00,2013-12-18 00:00:00,Delay,ArthurPrichep,United States,Seattle,Washington,Appliances,Holmes HEPA Air Purifier,USD,65.34,3,22.87
Not_Applicable,CA-2013-135265,2013-07-08 00:00:00,2013-07-10 00:00:00,On time,ChristopherConant,United States,Los Angeles,California,Chairs,"Global Leather Task Chair, Black",USD,287.97,4,-3.6
Not_Applicable,CA-2013-157686,2013-10-02 00:00:00,2013-10-03 00:00:00,On time,BrianDeCherney,United States,San Francisco,California,Chairs,"Global Value Mid-Back Manager's Chair, Gray",USD,194.85,4,12.18
Not_Applicable,CA-2012-120103,2012-12-24 00:00:00,2012-12-29 00:00:00,Delay,MaribethSchnelling,United States,Phoenix,Arizona,Phones,ClearSounds CSC500 Amplified Spirit Phone Corded phone,USD,111.98,2,11.2
Not_Applicable,CA-2014-138464,2014-07-09 00:00:00,2014-07-13 00:00:00,On time,VickyFreymann,United States,Seattle,Washington,Art,Zebra Zazzle Fluorescent Highlighters,USD,18.24,3,6.2
Not_Applicable,CA-2014-159107,2014-06-25 00:00:00,2014-06-27 00:00:00,On time,KeanThornton,United States,San Francisco,California,Fasteners,"Acco Banker's Clasps, 5 3/4""-Long",USD,2.88,1,1.35
Not_Applicable,CA-2012-116092,2012-02-15 00:00:00,2012-02-18 00:00:00,On time,JustinMacKendrick,United States,Los Angeles,California,Binders,"Acco Data Flex Cable Posts For Top & Bottom Load Binders, 6"" Capacity",USD,41.72,5,13.04
Not_Applicable,CA-2013-140417,2013-09-26 00:00:00,2013-09-30 00:00:00,On time,KatrinaEdelman,United States,Tigard,Oregon,Binders,GBC Poly Designer Binding Covers,USD,5.02,1,-3.52
Not_Applicable,CA-2014-116946,2014-12-20 00:00:00,2014-12-24 00:00:00,On time,TonySayre,United States,Parker,Colorado,Furnishings,OIC Stacking Trays,USD,13.36,5,4.01
Not_Applicable,CA-2014-134845,2014-04-18 00:00:00,2014-04-24 00:00:00,Delay,SharelleRoach,United States,Louisville,Colorado,Paper,Xerox 225,USD,20.74,4,7.26
Not_Applicable,CA-2011-114125,2011-07-09 00:00:00,2011-07-13 00:00:00,On time,GaryHansen,United States,Los Angeles,California,Storage,"Perma STOR-ALL Hanging File Box, 13 1/8""W x 12 1/4""D x 10 1/2""H",USD,23.92,4,4.07
Not_Applicable,CA-2013-104633,2013-06-13 00:00:00,2013-06-17 00:00:00,On time,ErinAshbrook,United States,Pasadena,California,Paper,"IBM Multi-Purpose Copy Paper, 8 1/2 x 11"", Case",USD,185.88,6,83.65
Not_Applicable,CA-2011-157924,2011-10-11 00:00:00,2011-10-13 00:00:00,On time,HelenAndreada,United States,Pasadena,California,Chairs,Global Enterprise Series Seating High-Back Swivel/Tilt Chairs,USD,433.57,2,-65.04
Not_Applicable,US-2014-125717,2014-09-29 00:00:00,2014-10-02 00:00:00,On time,DarrinSayre,United States,Aurora,Colorado,Binders,GBC DocuBind P50 Personal Binding Machine,USD,76.78,4,-58.86
Not_Applicable,CA-2013-109365,2013-11-04 00:00:00,2013-11-09 00:00:00,Delay,XylonaPreis,United States,Los Angeles,California,Binders,Fellowes Black Plastic Comb Bindings,USD,9.3,2,3.02
Not_Applicable,CA-2014-168942,2014-08-02 00:00:00,2014-08-06 00:00:00,On time,EricMurdock,United States,San Francisco,California,Storage,"Fellowes Mobile File Cart, Black",USD,186.54,3,50.37
Not_Applicable,CA-2014-121643,2014-05-19 00:00:00,2014-05-21 00:00:00,On time,AdrianBarton,United States,Portland,Oregon,Phones,Aastra 6757i CT Wireless VoIP phone,USD,344.7,2,38.78
Not_Applicable,CA-2013-165561,2013-11-25 00:00:00,2013-11-29 00:00:00,On time,ClayRozendal,United States,Bellevue,Washington,Supplies,"Elite 5"" Scissors",USD,25.35,3,7.61
Not_Applicable,CA-2012-104346,2012-12-11 00:00:00,2012-12-16 00:00:00,Delay,IreneMaddox,United States,Colorado Springs,Colorado,Tables,Bevis Rectangular Conference Tables,USD,364.95,5,-248.17
Not_Applicable,CA-2011-159709,2011-05-10 00:00:00,2011-05-15 00:00:00,Delay,ArianneIrving,United States,Kent,Washington,Phones,"LF Elite 3D Dazzle Designer Hard Case Cover, Lf Stylus Pen and Wiper For Apple Iphone 5c Mini Lite",USD,43.6,5,4.36
Not_Applicable,CA-2012-115945,2012-06-25 00:00:00,2012-07-01 00:00:00,Delay,AlanBarnes,United States,Los Angeles,California,Storage,Tennsco Regal Shelving Units,USD,304.23,3,9.13
Not_Applicable,CA-2014-117646,2014-08-22 00:00:00,2014-08-26 00:00:00,On time,SungChung,United States,Louisville,Colorado,Paper,Southworth 25% Cotton Antique Laid Paper & Envelopes,USD,6.67,1,2.09
Not_Applicable,CA-2014-137421,2014-10-07 00:00:00,2014-10-12 00:00:00,Delay,AshleyJarboe,United States,Chandler,Arizona,Art,Avery Hi-Liter Smear-Safe Highlighters,USD,9.34,2,1.87
Not_Applicable,CA-2012-146696,2012-12-14 00:00:00,2012-12-19 00:00:00,Delay,RickDuston,United States,San Diego,California,Binders,Wilson Jones Standard D-Ring Binders,USD,8.1,2,2.73
Not_Applicable,CA-2013-155474,2013-07-09 00:00:00,2013-07-15 00:00:00,Delay,ChrisCortes,United States,Seattle,Washington,Phones,Logitech Mobile Speakerphone P710e - speaker phone,USD,107.98,1,9.45
Not_Applicable,CA-2012-122371,2012-09-26 00:00:00,2012-10-01 00:00:00,Delay,BryanSpruell,United States,San Diego,California,Envelopes,Cameo Buff Policy Envelopes,USD,124.46,2,58.5
Not_Applicable,US-2014-168802,2014-11-04 00:00:00,2014-11-08 00:00:00,On time,JackO'Briant,United States,Seattle,Washington,Binders,Binder Posts,USD,18.37,4,5.97
Not_Applicable,CA-2012-148495,2012-08-13 00:00:00,2012-08-13 00:00:00,On time,SandraFlanagan,United States,Pomona,California,Furnishings,Ultra Door Pull Handle,USD,31.56,3,10.41
Not_Applicable,CA-2013-164896,2013-11-08 00:00:00,2013-11-13 00:00:00,Delay,PenelopeSewall,United States,Oceanside,California,Paper,"Wirebound Four 2-3/4 x 5 Forms per Page, 400 Sets per Book",USD,12.9,2,6.32
Not_Applicable,US-2011-148194,2011-05-04 00:00:00,2011-05-07 00:00:00,On time,BillShonely,United States,Seattle,Washington,Appliances,Holmes Odor Grabber,USD,57.68,4,19.03
Not_Applicable,CA-2011-108861,2011-05-28 00:00:00,2011-06-01 00:00:00,On time,MagdeleneMorse,United States,Seattle,Washington,Binders,"Green Canvas Binder for 8-1/2"" x 14"" Sheets",USD,136.96,4,51.36
Not_Applicable,CA-2012-150714,2012-10-26 00:00:00,2012-11-01 00:00:00,Delay,KristenHastings,United States,Springfield,Oregon,Appliances,Tripp Lite TLP810NET Broadband Surge for Modem/Fax,USD,203.88,5,20.39
Not_Applicable,CA-2014-120719,2014-03-24 00:00:00,2014-03-27 00:00:00,On time,SanjitJacobs,United States,Seattle,Washington,Binders,"Cardinal Slant-D Ring Binder, Heavy Gauge Vinyl",USD,34.76,5,11.3
Not_Applicable,CA-2014-158071,2014-06-11 00:00:00,2014-06-16 00:00:00,Delay,BillDonatelli,United States,Seattle,Washington,Storage,Personal File Boxes with Fold-Down Carry Handle,USD,15.58,1,3.9
Not_Applicable,CA-2011-135608,2011-12-08 00:00:00,2011-12-10 00:00:00,On time,JimKarlsson,United States,Olympia,Washington,Paper,Xerox 1964,USD,45.68,2,21.01
Not_Applicable,CA-2013-149762,2013-12-04 00:00:00,2013-12-08 00:00:00,On time,RogerDemir,United States,Morgan Hill,California,Storage,Acco Perma 4000 Stacking Storage Drawers,USD,48.72,3,7.31
Not_Applicable,CA-2012-157770,2012-12-13 00:00:00,2012-12-15 00:00:00,On time,RobDowd,United States,Temecula,California,Phones,Plantronics Voyager Pro Legend,USD,494.38,3,49.44
Not_Applicable,CA-2014-104003,2014-10-08 00:00:00,2014-10-14 00:00:00,Delay,DebraCatini,United States,San Francisco,California,Bookcases,O'Sullivan Manor Hill 2-Door Library in Brianna Oak,USD,307.67,2,-14.48
Not_Applicable,CA-2013-116561,2013-09-12 00:00:00,2013-09-18 00:00:00,Delay,EugeneBarchas,United States,San Jose,California,Storage,"Stur-D-Stor Shelving, Vertical 5-Shelf: 72""H x 36""W x 18 1/2""D",USD,332.94,3,6.66
Not_Applicable,CA-2013-144015,2013-06-27 00:00:00,2013-06-27 00:00:00,On time,AdamHart,United States,Los Angeles,California,Supplies,Premier Electric Letter Opener,USD,231.72,2,11.59
Not_Applicable,CA-2014-129294,2014-03-17 00:00:00,2014-03-22 00:00:00,Delay,KenDana,United States,Los Angeles,California,Appliances,Bionaire Personal Warm Mist Humidifier/Vaporizer,USD,140.67,3,54.86
Not_Applicable,CA-2013-138478,2013-10-22 00:00:00,2013-10-27 00:00:00,Delay,DennisPardue,United States,North Las Vegas,Nevada,Paper,Xerox 193,USD,35.88,6,17.58
Not_Applicable,CA-2014-130631,2014-12-30 00:00:00,2015-01-03 00:00:00,On time,BruceStewart,United States,Edmonds,Washington,Furnishings,Hand-Finished Solid Wood Document Frame,USD,68.46,2,20.54
Not_Applicable,US-2014-153948,2014-11-07 00:00:00,2014-11-07 00:00:00,On time,FrankMerwin,United States,San Francisco,California,Paper,Astroparche Fine Business Paper,USD,26.4,5,12.67
Not_Applicable,CA-2013-162138,2013-04-24 00:00:00,2013-04-28 00:00:00,On time,GraceKelly,United States,Hesperia,California,Accessories,Logitech Wireless Headset h800,USD,99.99,1,35.0
Not_Applicable,CA-2011-153969,2011-09-21 00:00:00,2011-09-25 00:00:00,On time,HerbertFlentye,United States,San Francisco,California,Paper,Xerox 1971,USD,38.52,9,17.33
Not_Applicable,CA-2013-167507,2013-12-23 00:00:00,2013-12-29 00:00:00,Delay,SueAnnReed,United States,Redmond,Oregon,Binders,"Avery 3 1/2"" Diskette Storage Pages, 10/Pack",USD,31.32,10,-25.06
Not_Applicable,CA-2013-118500,2013-11-18 00:00:00,2013-11-19 00:00:00,On time,HeatherJas,United States,San Francisco,California,Supplies,Acme Tagit Stainless Steel Antibacterial Scissors,USD,49.5,5,13.37
Not_Applicable,CA-2014-104801,2014-02-14 00:00:00,2014-02-20 00:00:00,Delay,FredHarton,United States,Seattle,Washington,Art,Newell 311,USD,6.63,3,1.79
Not_Applicable,CA-2011-114510,2011-03-14 00:00:00,2011-03-19 00:00:00,Delay,JasonFortune-,United States,Logan,Utah,Accessories,Imation 30456 USB Flash Drive 8GB,USD,82.8,12,6.62
Not_Applicable,CA-2014-156776,2014-08-08 00:00:00,2014-08-12 00:00:00,On time,JeremyLonsdale,United States,Westminster,California,Accessories,Sony Micro Vault Click 4 GB USB 2.0 Flash Drive,USD,55.76,4,7.81
Not_Applicable,CA-2014-141117,2014-10-03 00:00:00,2014-10-09 00:00:00,Delay,JulianaKrohn,United States,Springfield,Oregon,Binders,"GBC Standard Recycled Report Covers, Clear Plastic Sheets",USD,22.64,7,-16.6
Not_Applicable,CA-2011-108189,2011-10-02 00:00:00,2011-10-05 00:00:00,On time,ErinSmith,United States,Tempe,Arizona,Paper,"Adams Telephone Message Book W/Dividers/Space For Phone Numbers, 5 1/4""X8 1/2"", 300/Messages",USD,9.41,2,3.41
Not_Applicable,US-2013-135720,2013-12-12 00:00:00,2013-12-14 00:00:00,On time,FredMcMath,United States,Aurora,Colorado,Storage,Tennsco Regal Shelving Units,USD,243.38,3,-51.72
Not_Applicable,CA-2013-141397,2013-06-21 00:00:00,2013-06-22 00:00:00,On time,RoyCollins,United States,Pasadena,California,Binders,GBC Plastic Binding Combs,USD,17.71,3,6.42
Not_Applicable,US-2013-112396,2013-02-09 00:00:00,2013-02-13 00:00:00,On time,JustinRitter,United States,San Francisco,California,Accessories,Maxell 4.7GB DVD+RW 3/Pack,USD,31.86,2,11.15
Not_Applicable,US-2011-141257,2011-06-08 00:00:00,2011-06-14 00:00:00,Delay,CarlosSoltero,United States,Seattle,Washington,Chairs,"Hon Deluxe Fabric Upholstered Stacking Chairs, Squared Back",USD,585.55,3,73.19
Not_Applicable,CA-2013-145919,2013-12-19 00:00:00,2013-12-24 00:00:00,Delay,HenryGoldwyn,United States,Los Angeles,California,Furnishings,"Seth Thomas 12"" Clock w/ Goldtone Case",USD,183.84,8,62.51
Not_Applicable,US-2012-144771,2012-10-02 00:00:00,2012-10-04 00:00:00,On time,ChlorisKastensmidt,United States,Hillsboro,Oregon,Accessories,SanDisk Ultra 32 GB MicroSDHC Class 10 Memory Card,USD,53.04,3,-4.64
Not_Applicable,CA-2013-161746,2013-10-22 00:00:00,2013-10-28 00:00:00,Delay,CarlosSoltero,United States,Los Angeles,California,Art,Newell Chalk Holder,USD,12.39,3,5.7
Not_Applicable,CA-2011-158372,2011-11-10 00:00:00,2011-11-16 00:00:00,Delay,RubenDartt,United States,San Diego,California,Phones,Jabra SPEAK 410,USD,601.54,8,60.15
Not_Applicable,CA-2014-152310,2014-08-13 00:00:00,2014-08-20 00:00:00,Delay,DanaKaydos,United States,Seattle,Washington,Accessories,"Perixx PERIBOARD-512B, Ergonomic Split Keyboard",USD,174.95,5,12.25
Not_Applicable,CA-2011-114510,2011-03-14 00:00:00,2011-03-19 00:00:00,Delay,JasonFortune-,United States,Logan,Utah,Storage,Staples,USD,21.36,2,5.77
Not_Applicable,US-2013-131058,2013-12-28 00:00:00,2014-01-01 00:00:00,On time,EugeneMoren,United States,Santa Ana,California,Labels,Avery File Folder Labels,USD,20.16,7,9.88
Not_Applicable,US-2011-112872,2011-12-06 00:00:00,2011-12-11 00:00:00,Delay,RyanCrowe,United States,Springfield,Oregon,Tables,"Chromcraft Bull-Nose Wood 48"" x 96"" Rectangular Conference Tables",USD,275.49,1,-170.8
Not_Applicable,CA-2014-120936,2014-12-18 00:00:00,2014-12-22 00:00:00,On time,ChristineAbelman,United States,Anaheim,California,Storage,Iceberg Mobile Mega Data/Printer Cart ,USD,481.32,4,125.14
Not_Applicable,CA-2013-165918,2013-09-11 00:00:00,2013-09-15 00:00:00,On time,BryanDavis,United States,Edmonds,Washington,Paper,Xerox 1945,USD,81.98,2,40.17
Not_Applicable,CA-2014-117632,2014-05-13 00:00:00,2014-05-19 00:00:00,Delay,CharlesSheldon,United States,San Francisco,California,Binders,"DXL Angle-View Binders with Locking Rings, Black",USD,19.17,4,6.47
Not_Applicable,CA-2011-131387,2011-04-28 00:00:00,2011-04-30 00:00:00,On time,ArianneIrving,United States,San Francisco,California,Phones,Samsung Galaxy Mega 6.3,USD,1679.96,5,126.0
Not_Applicable,US-2012-156496,2012-08-10 00:00:00,2012-08-16 00:00:00,Delay,WilliamBrown,United States,Redmond,Oregon,Phones,OtterBox Commuter Series Case - Samsung Galaxy S4,USD,139.94,7,-31.49
Not_Applicable,CA-2012-113404,2012-07-16 00:00:00,2012-07-16 00:00:00,On time,EleniMcCrary,United States,San Francisco,California,Chairs,Hon 2090 “Pillow Soft” Series Mid Back Swivel/Tilt Chairs,USD,1348.7,6,-219.16
Not_Applicable,CA-2014-129707,2014-04-26 00:00:00,2014-04-30 00:00:00,On time,LarryHughes,United States,Chandler,Arizona,Art,Newell 318,USD,8.9,4,0.67
Not_Applicable,US-2014-112347,2014-12-03 00:00:00,2014-12-07 00:00:00,On time,BillStewart,United States,Denver,Colorado,Phones,Seidio BD2-HK3IPH5-BK DILEX Case and Holster Combo for Apple iPhone 5/5s - Black,USD,49.62,2,4.96
Not_Applicable,CA-2014-108560,2014-07-09 00:00:00,2014-07-16 00:00:00,Delay,JennaCaffey,United States,Kent,Washington,Furnishings,"GE 48"" Fluorescent Tube, Cool White Energy Saver, 34 Watts, 30/Box",USD,198.46,2,99.23
Not_Applicable,CA-2013-161746,2013-10-22 00:00:00,2013-10-28 00:00:00,Delay,CarlosSoltero,United States,Los Angeles,California,Furnishings,"Eldon Expressions Wood and Plastic Desk Accessories, Oak",USD,19.96,2,5.59
Not_Applicable,CA-2014-122770,2014-12-14 00:00:00,2014-12-19 00:00:00,Delay,EmilyPhan,United States,San Francisco,California,Labels,Avery 49,USD,8.64,3,4.23
Not_Applicable,CA-2013-166772,2013-09-21 00:00:00,2013-09-25 00:00:00,On time,HeatherJas,United States,Seattle,Washington,Bookcases,O'Sullivan 5-Shelf Heavy-Duty Bookcases,USD,163.88,2,40.97
Not_Applicable,CA-2012-100573,2012-09-25 00:00:00,2012-10-01 00:00:00,Delay,AnneMcFarland,United States,Los Angeles,California,Envelopes,"#10- 4 1/8"" x 9 1/2"" Recycled Envelopes",USD,17.48,2,8.22
Not_Applicable,US-2013-111528,2013-12-31 00:00:00,2013-12-31 00:00:00,On time,JuliePrescott,United States,Los Angeles,California,Binders,Cardinal Hold-It CD Pocket,USD,6.38,1,2.15
Not_Applicable,CA-2011-131450,2011-08-08 00:00:00,2011-08-15 00:00:00,Delay,LenaRadford,United States,San Diego,California,Copiers,Sharp AL-1530CS Digital Copier,USD,1199.98,3,434.99
Not_Applicable,CA-2013-123358,2013-04-11 00:00:00,2013-04-18 00:00:00,Delay,BrianThompson,United States,San Francisco,California,Binders,"GBC Prepunched Paper, 19-Hole, for Binding Systems, 24-lb",USD,48.03,4,15.61
Not_Applicable,CA-2013-126270,2013-04-24 00:00:00,2013-04-28 00:00:00,On time,ArtFerguson,United States,San Clemente,California,Envelopes,"Recycled Interoffice Envelopes with String and Button Closure, 10 x 13",USD,71.97,3,35.99
Not_Applicable,US-2014-147998,2014-05-20 00:00:00,2014-05-25 00:00:00,Delay,SueAnnReed,United States,San Jose,California,Binders,GBC Twin Loop Wire Binding Elements,USD,133.12,5,49.92
Not_Applicable,CA-2012-149517,2012-09-19 00:00:00,2012-09-23 00:00:00,On time,FrankCarlisle,United States,Sacramento,California,Furnishings,"Seth Thomas 8 1/2"" Cubicle Clock",USD,60.84,3,19.47
Not_Applicable,CA-2011-150581,2011-04-08 00:00:00,2011-04-12 00:00:00,On time,NathanMautz,United States,Concord,California,Tables,Bevis 36 x 72 Conference Tables,USD,99.59,1,2.49
Not_Applicable,US-2012-114741,2012-12-06 00:00:00,2012-12-10 00:00:00,On time,IvanListon,United States,North Las Vegas,Nevada,Labels,Avery 483,USD,14.94,3,6.87
Not_Applicable,CA-2014-110380,2014-09-03 00:00:00,2014-09-08 00:00:00,Delay,PhillipFlathmann,United States,San Francisco,California,Art,Pencil and Crayon Sharpener,USD,6.57,3,1.77
Not_Applicable,CA-2012-150770,2012-05-03 00:00:00,2012-05-06 00:00:00,On time,LenaCacioppo,United States,San Francisco,California,Art,Newell 317,USD,8.82,3,2.56
Not_Applicable,CA-2011-126361,2011-08-04 00:00:00,2011-08-09 00:00:00,Delay,ValerieDominguez,United States,Pleasant Grove,Utah,Appliances,Hoover WindTunnel Plus Canister Vacuum,USD,1089.75,3,305.13
Not_Applicable,CA-2014-105991,2014-05-06 00:00:00,2014-05-07 00:00:00,On time,LisaHazard,United States,Louisville,Colorado,Binders,"Avery Durable Slant Ring Binders, No Labels",USD,9.55,8,-7.32
Not_Applicable,CA-2013-141397,2013-06-21 00:00:00,2013-06-22 00:00:00,On time,RoyCollins,United States,Pasadena,California,Paper,Xerox 1898,USD,46.76,7,22.44
Not_Applicable,CA-2012-149846,2012-05-22 00:00:00,2012-05-26 00:00:00,On time,SarahBrown,United States,Los Angeles,California,Labels,Avery 476,USD,8.26,2,3.8
Not_Applicable,CA-2014-108091,2014-11-17 00:00:00,2014-11-22 00:00:00,Delay,EileenKiefer,United States,Escondido,California,Art,Newell 328,USD,23.36,4,6.07
Not_Applicable,CA-2011-129364,2011-12-08 00:00:00,2011-12-13 00:00:00,Delay,TimBrockman,United States,Salem,Oregon,Binders,"Acco PRESSTEX Data Binder with Storage Hooks, Dark Blue, 9 1/2"" X 11""",USD,6.46,4,-4.52
Not_Applicable,CA-2013-146913,2013-11-01 00:00:00,2013-11-06 00:00:00,Delay,SylviaFoulston,United States,San Francisco,California,Chairs,Office Star - Professional Matrix Back Chair with 2-to-1 Synchro Tilt and Mesh Fabric Seat,USD,1403.92,5,70.2
Not_Applicable,CA-2014-138149,2014-06-30 00:00:00,2014-07-01 00:00:00,On time,WilliamBrown,United States,Los Angeles,California,Accessories,Enermax Briskie RF Wireless Keyboard and Mouse Combo,USD,62.31,3,22.43
Not_Applicable,US-2014-167318,2014-07-27 00:00:00,2014-08-02 00:00:00,Delay,GeorgeZrebassa,United States,Los Angeles,California,Accessories,Logitech Z-906 Speaker sys - home theater - 5.1-CH,USD,1649.95,5,659.98
Not_Applicable,US-2014-157224,2014-09-15 00:00:00,2014-09-19 00:00:00,On time,JoyBell-,United States,Los Angeles,California,Labels,Avery 48,USD,56.7,9,26.08
Not_Applicable,CA-2014-132178,2014-05-04 00:00:00,2014-05-09 00:00:00,Delay,DarrenBudd,United States,Los Angeles,California,Storage,"Multi-Use Personal File Cart and Caster Set, Three Stacking Bins",USD,69.52,2,19.47
Not_Applicable,CA-2014-105410,2014-03-20 00:00:00,2014-03-23 00:00:00,On time,NatalieDeCherney,United States,San Francisco,California,Accessories,Logitech Wireless Marathon Mouse M705,USD,199.96,4,85.98
Not_Applicable,CA-2013-113117,2013-08-17 00:00:00,2013-08-23 00:00:00,Delay,JeremyPistek,United States,Davis,California,Paper,Xerox 1931,USD,32.4,5,15.55
Not_Applicable,CA-2011-133690,2011-08-03 00:00:00,2011-08-05 00:00:00,On time,BruceStewart,United States,Denver,Colorado,Tables,BoxOffice By Design Rectangular and Half-Moon Meeting Room Tables,USD,218.75,2,-161.88
Not_Applicable,CA-2014-107314,2014-12-01 00:00:00,2014-12-04 00:00:00,On time,MariaZettner,United States,San Francisco,California,Furnishings,Contemporary Borderless Frame,USD,25.83,3,9.56
Not_Applicable,CA-2014-113670,2014-10-16 00:00:00,2014-10-18 00:00:00,On time,RolandSchwarz,United States,Los Angeles,California,Paper,Xerox 1919,USD,204.95,5,100.43
Not_Applicable,CA-2014-154116,2014-12-16 00:00:00,2014-12-20 00:00:00,On time,KhloeMiller,United States,Inglewood,California,Paper,"Wirebound Message Books, Two 4 1/4"" x 5"" Forms per Page",USD,22.83,3,10.73
Not_Applicable,US-2013-115819,2013-04-20 00:00:00,2013-04-25 00:00:00,Delay,JasO'Carroll,United States,Los Angeles,California,Phones,PowerGen Dual USB Car Charger,USD,39.96,5,12.99
Not_Applicable,US-2011-167738,2011-12-24 00:00:00,2011-12-29 00:00:00,Delay,JulieCreighton,United States,Los Angeles,California,Storage,Letter Size Cart,USD,142.86,1,41.43
Not_Applicable,CA-2013-140249,2013-09-28 00:00:00,2013-10-04 00:00:00,Delay,ShaunWeien,United States,Seattle,Washington,Phones,Samsung Galaxy S4,USD,1001.58,2,125.2
Not_Applicable,CA-2014-144589,2014-01-21 00:00:00,2014-01-26 00:00:00,Delay,TamaraManning,United States,San Francisco,California,Art,Staples,USD,24.2,5,7.99
Not_Applicable,CA-2012-112144,2012-06-28 00:00:00,2012-07-02 00:00:00,On time,CraigYedwab,United States,Gilbert,Arizona,Furnishings,Electrix Halogen Magnifier Lamp,USD,621.76,4,46.63
Not_Applicable,CA-2014-126067,2014-08-29 00:00:00,2014-09-04 00:00:00,Delay,KristinaNunn,United States,Seattle,Washington,Binders,GBC Standard Therm-A-Bind Covers,USD,99.68,5,32.4
Not_Applicable,US-2014-109253,2014-08-22 00:00:00,2014-08-23 00:00:00,On time,PatrickRyan,United States,Oakland,California,Binders,"Acco Flexible ACCOHIDE Square Ring Data Binder, Dark Blue, 11 1/2"" X 14"" 7/8""",USD,117.14,9,42.46
Not_Applicable,CA-2011-129574,2011-05-26 00:00:00,2011-05-29 00:00:00,On time,Deanpercer,United States,Murray,Utah,Paper,"Wirebound Service Call Books, 5 1/2"" x 4""",USD,48.4,5,23.23
Not_Applicable,CA-2014-140585,2014-12-19 00:00:00,2014-12-24 00:00:00,Delay,RussellApplegate,United States,Encinitas,California,Bookcases,"Bush Saratoga Collection 5-Shelf Bookcase, Hanover Cherry, *Special Order",USD,119.83,1,-12.69
Not_Applicable,US-2011-133949,2011-12-31 00:00:00,2011-12-31 00:00:00,On time,JamesLanier,United States,Reno,Nevada,Phones,Panasonic KX TS3282W Corded phone,USD,475.94,7,59.49
Not_Applicable,CA-2011-157546,2011-07-20 00:00:00,2011-07-22 00:00:00,On time,RogerDemir,United States,San Francisco,California,Binders,Clear Mylar Reinforcing Strips,USD,89.71,6,30.28
Not_Applicable,CA-2011-128986,2011-08-03 00:00:00,2011-08-05 00:00:00,On time,GaryHansen,United States,Glendale,Arizona,Paper,White Computer Printout Paper by Universal,USD,93.02,3,33.72
Not_Applicable,CA-2011-110786,2011-12-29 00:00:00,2012-01-02 00:00:00,On time,AnthonyJohnson,United States,San Francisco,California,Labels,Avery 477,USD,274.77,9,126.39
Not_Applicable,CA-2014-139661,2014-10-31 00:00:00,2014-11-04 00:00:00,On time,JaneWaco,United States,Vancouver,Washington,Furnishings,Magna Visual Magnetic Picture Hangers,USD,9.64,2,3.66
Not_Applicable,CA-2012-147788,2012-05-31 00:00:00,2012-06-04 00:00:00,On time,TamaraManning,United States,Orem,Utah,Storage,Fellowes Super Stor/Drawer Files,USD,323.1,2,61.39
Not_Applicable,CA-2011-117464,2011-07-22 00:00:00,2011-07-24 00:00:00,On time,NaresjPatel,United States,San Francisco,California,Chairs,Global Comet Stacking Armless Chair,USD,717.72,3,71.77
Not_Applicable,CA-2014-106859,2014-03-14 00:00:00,2014-03-19 00:00:00,Delay,BenjaminFarhat,United States,Albuquerque,New Mexico,Paper,Xerox 230,USD,45.36,7,21.77
Not_Applicable,CA-2012-130253,2012-12-14 00:00:00,2012-12-18 00:00:00,On time,PaulProst,United States,Los Angeles,California,Furnishings,"Master Caster Door Stop, Gray",USD,15.24,3,5.18
Not_Applicable,CA-2011-131450,2011-08-08 00:00:00,2011-08-15 00:00:00,Delay,LenaRadford,United States,San Diego,California,Phones,AT&T 1070 Corded Phone,USD,445.96,5,55.75
Not_Applicable,CA-2014-127432,2014-01-23 00:00:00,2014-01-28 00:00:00,Delay,AlanDominguez,United States,Great Falls,Montana,Copiers,Canon Image Class D660 Copier,USD,2999.95,5,1379.98
Not_Applicable,CA-2011-157147,2011-01-14 00:00:00,2011-01-19 00:00:00,Delay,BrianDahlen,United States,San Francisco,California,Storage,Tennsco 6- and 18-Compartment Lockers,USD,1325.85,5,238.65
Not_Applicable,CA-2012-156118,2012-12-08 00:00:00,2012-12-12 00:00:00,On time,HenryGoldwyn,United States,Colorado Springs,Colorado,Paper,Southworth Parchment Paper & Envelopes,USD,15.7,3,5.1
Not_Applicable,US-2014-160143,2014-04-01 00:00:00,2014-04-08 00:00:00,Delay,HenryGoldwyn,United States,Los Angeles,California,Supplies,Acme Tagit Stainless Steel Antibacterial Scissors,USD,29.7,3,8.02
Not_Applicable,CA-2013-146633,2013-11-16 00:00:00,2013-11-18 00:00:00,On time,TobyGnade,United States,Los Angeles,California,Binders,Avery Self-Adhesive Photo Pockets for Polaroid Photos,USD,38.14,7,13.35
Not_Applicable,CA-2012-142601,2012-04-18 00:00:00,2012-04-20 00:00:00,On time,DeanraEno,United States,Los Angeles,California,Storage,"Tennsco Stur-D-Stor Boltless Shelving, 5 Shelves, 24"" Deep, Sand",USD,947.17,7,9.47
Not_Applicable,CA-2011-120838,2011-03-23 00:00:00,2011-03-26 00:00:00,On time,PatrickO'Donnell,United States,Los Angeles,California,Phones,Ooma Telo VoIP Home Phone System,USD,604.75,6,37.8
Not_Applicable,CA-2014-121489,2014-08-22 00:00:00,2014-08-26 00:00:00,On time,CandaceMcMahon,United States,Seattle,Washington,Accessories,Kensington K72356US Mouse-in-a-Box USB Desktop Mouse,USD,33.18,2,11.61
Not_Applicable,CA-2011-153969,2011-09-21 00:00:00,2011-09-25 00:00:00,On time,HerbertFlentye,United States,San Francisco,California,Phones,Polycom CX300 Desktop Phone USB VoIP phone,USD,239.98,2,24.0
Not_Applicable,CA-2013-140256,2013-08-23 00:00:00,2013-08-30 00:00:00,Delay,PaulineWebber,United States,Los Angeles,California,Art,Newell 346,USD,5.76,2,1.67
Not_Applicable,CA-2011-102085,2011-10-04 00:00:00,2011-10-09 00:00:00,Delay,JoyDaniels,United States,Seattle,Washington,Labels,Avery 519,USD,29.24,4,13.74
Not_Applicable,CA-2011-141726,2011-07-20 00:00:00,2011-07-22 00:00:00,On time,CharlesCrestani,United States,San Diego,California,Paper,Xerox 1897,USD,19.92,4,9.76
Not_Applicable,US-2013-125402,2013-09-26 00:00:00,2013-10-02 00:00:00,Delay,DanLawera,United States,Long Beach,California,Phones,"SmartStand Mobile Device Holder, Assorted Colors",USD,44.74,8,4.47
Not_Applicable,CA-2012-115420,2012-04-25 00:00:00,2012-05-02 00:00:00,Delay,LindaSouthworth,United States,Los Angeles,California,Envelopes,Laser & Ink Jet Business Envelopes,USD,21.34,2,9.82
Not_Applicable,US-2014-107272,2014-11-06 00:00:00,2014-11-13 00:00:00,Delay,TroyStaebel,United States,Phoenix,Arizona,Binders,"Avery Durable Slant Ring Binders, No Labels",USD,2.39,2,-1.83
Not_Applicable,CA-2014-129805,2014-12-29 00:00:00,2015-01-03 00:00:00,Delay,HarryMarie,United States,Seattle,Washington,Furnishings,3M Hangers With Command Adhesive,USD,7.4,2,3.03
Not_Applicable,CA-2013-101672,2013-10-04 00:00:00,2013-10-08 00:00:00,On time,DanielByrd,United States,Lake Forest,California,Paper,Xerox 1900,USD,8.56,2,3.85
Not_Applicable,CA-2014-150987,2014-04-09 00:00:00,2014-04-13 00:00:00,On time,AdrianHane,United States,San Francisco,California,Paper,Xerox 1942,USD,195.76,4,97.88
Not_Applicable,CA-2013-159009,2013-09-24 00:00:00,2013-09-28 00:00:00,On time,DavePoirier,United States,Seattle,Washington,Chairs,Global Deluxe Steno Chair,USD,184.75,3,-20.78
Not_Applicable,CA-2013-147137,2013-07-05 00:00:00,2013-07-07 00:00:00,On time,AnnaAndreadi,United States,San Francisco,California,Envelopes,"Inter-Office Recycled Envelopes, Brown Kraft, Button-String,10"" x 13"" , 100/Box",USD,43.96,2,20.66
Not_Applicable,CA-2011-130449,2011-09-06 00:00:00,2011-09-09 00:00:00,On time,VictoriaPisteka,United States,San Francisco,California,Furnishings,"Eldon Expressions Wood and Plastic Desk Accessories, Cherry Wood",USD,41.88,6,12.15
Not_Applicable,CA-2012-125234,2012-11-27 00:00:00,2012-12-01 00:00:00,On time,SteveNguyen,United States,Los Angeles,California,Paper,"Snap-A-Way Black Print Carbonless Ruled Speed Letter, Triplicate",USD,113.82,3,53.5
Not_Applicable,CA-2011-146843,2011-11-30 00:00:00,2011-12-06 00:00:00,Delay,PhilipBrown,United States,Avondale,Arizona,Accessories,"Memorex 25GB 6X Branded Blu-Ray Recordable Disc, 30/Pack",USD,102.24,4,-16.61
Not_Applicable,CA-2014-121489,2014-08-22 00:00:00,2014-08-26 00:00:00,On time,CandaceMcMahon,United States,Seattle,Washington,Storage,Fellowes Stor/Drawer Steel Plus Storage Drawers,USD,572.58,6,34.35
Not_Applicable,CA-2013-116911,2013-09-16 00:00:00,2013-09-21 00:00:00,Delay,JustinDeggeller,United States,Twin Falls,Idaho,Tables,Bretford Rectangular Conference Table Tops,USD,1128.39,3,259.53
Not_Applicable,CA-2012-112305,2012-11-20 00:00:00,2012-11-25 00:00:00,Delay,KatrinaBavinger,United States,Seattle,Washington,Accessories,AmazonBasics 3-Button USB Wired Mouse,USD,13.98,2,6.01
Not_Applicable,CA-2012-144267,2012-08-21 00:00:00,2012-08-23 00:00:00,On time,NickZandusky,United States,San Francisco,California,Paper,Xerox 191,USD,59.94,3,28.17
Not_Applicable,CA-2011-169852,2011-10-21 00:00:00,2011-10-26 00:00:00,Delay,SylviaFoulston,United States,San Diego,California,Binders,Plastic Binding Combs,USD,36.36,3,12.27
Not_Applicable,CA-2014-159282,2014-10-17 00:00:00,2014-10-22 00:00:00,Delay,GaryHansen,United States,Yuma,Arizona,Machines,Swingline SM12-08 MicroCut Jam Free Shredder,USD,599.99,5,-479.99
Not_Applicable,CA-2012-141768,2012-05-25 00:00:00,2012-05-27 00:00:00,On time,NoraPelletier,United States,San Francisco,California,Furnishings,Ultra Door Push Plate,USD,14.73,3,4.86
Not_Applicable,CA-2014-121048,2014-07-15 00:00:00,2014-07-19 00:00:00,On time,TobyCarlisle,United States,Westminster,California,Phones,GE 30524EE4,USD,470.38,3,52.92
Not_Applicable,CA-2012-121272,2012-03-29 00:00:00,2012-04-04 00:00:00,Delay,DennyOrdway,United States,Seattle,Washington,Appliances,Acco 6 Outlet Guardian Premium Plus Surge Suppressor,USD,73.28,4,21.25
Not_Applicable,CA-2014-128965,2014-04-18 00:00:00,2014-04-23 00:00:00,Delay,PamelaStobb,United States,Los Angeles,California,Fasteners,Stockwell Push Pins,USD,10.9,5,3.6
Not_Applicable,CA-2012-168760,2012-09-22 00:00:00,2012-09-26 00:00:00,On time,MuhammedMacIntyre,United States,Los Angeles,California,Appliances,Kensington 6 Outlet Guardian Standard Surge Protector,USD,61.44,3,16.59
Not_Applicable,CA-2013-163328,2013-11-05 00:00:00,2013-11-07 00:00:00,On time,TracyPoddar,United States,Eugene,Oregon,Paper,Xerox 1887,USD,15.18,1,5.31
Not_Applicable,CA-2011-131051,2011-12-01 00:00:00,2011-12-05 00:00:00,On time,TobyRitter,United States,San Francisco,California,Furnishings,"Floodlight Indoor Halogen Bulbs, 1 Bulb per Pack, 60 Watts",USD,58.2,3,28.52
Not_Applicable,CA-2014-119914,2014-05-05 00:00:00,2014-05-10 00:00:00,Delay,ChrisCortes,United States,Westminster,California,Appliances,"Acco 7-Outlet Masterpiece Power Center, Wihtout Fax/Phone Line Protection",USD,243.16,2,72.95
Not_Applicable,CA-2012-104346,2012-12-11 00:00:00,2012-12-16 00:00:00,Delay,IreneMaddox,United States,Colorado Springs,Colorado,Furnishings,DAX Wood Document Frame,USD,54.92,5,10.98
Not_Applicable,CA-2014-143084,2014-03-19 00:00:00,2014-03-23 00:00:00,On time,BarryPond,United States,Los Angeles,California,Envelopes,Peel & Seel Envelopes,USD,19.4,5,9.31
Not_Applicable,CA-2013-169957,2013-09-27 00:00:00,2013-10-01 00:00:00,On time,SteveNguyen,United States,Covington,Washington,Appliances,Belkin 7 Outlet SurgeMaster II,USD,236.88,6,66.33
Not_Applicable,CA-2012-126725,2012-11-17 00:00:00,2012-11-21 00:00:00,On time,BrianStugart,United States,San Diego,California,Phones,RCA ViSYS 25825 Wireless digital phone,USD,415.97,4,52.0
Not_Applicable,CA-2012-125423,2012-12-13 00:00:00,2012-12-15 00:00:00,On time,MattCollins,United States,Los Angeles,California,Labels,Avery 513,USD,9.96,2,4.58
Not_Applicable,TRN-2026-1010,2026-03-15 00:00:00,2026-03-17 00:00:00,On time,Trainer_Account,United States,Boston,Massachusetts,Health & Household,Preparation H Hemorrhoid Symptom Relief Ointment,USD,69.15,2,14.3
Not_Applicable,CA-2012-144043,2012-05-10 00:00:00,2012-05-15 00:00:00,Delay,AlanBarnes,United States,Louisville,Colorado,Accessories,Belkin Standard 104 key USB Keyboard,USD,46.69,4,-2.92
Not_Applicable,CA-2014-111591,2014-03-22 00:00:00,2014-03-26 00:00:00,On time,PaulStevenson,United States,Seattle,Washington,Fasteners,"Super Bands, 12/Pack",USD,13.02,7,0.39
Not_Applicable,CA-2012-132906,2012-09-10 00:00:00,2012-09-14 00:00:00,On time,CharlesCrestani,United States,Los Angeles,California,Supplies,Martin-Yale Premier Letter Opener,USD,51.52,4,1.55
Not_Applicable,CA-2013-115224,2013-12-09 00:00:00,2013-12-12 00:00:00,On time,DougBickford,United States,San Francisco,California,Storage,Fellowes High-Stak Drawer Files,USD,352.38,2,81.05
Not_Applicable,CA-2012-123568,2012-11-08 00:00:00,2012-11-14 00:00:00,Delay,SanjitChand,United States,West Jordan,Utah,Furnishings,"Executive Impressions 14"" Contract Wall Clock",USD,66.69,3,22.01
Not_Applicable,CA-2011-164903,2011-02-21 00:00:00,2011-02-25 00:00:00,On time,StevenRoelle,United States,Los Angeles,California,Paper,Xerox 204,USD,12.96,2,6.22
Not_Applicable,US-2013-139087,2013-07-18 00:00:00,2013-07-23 00:00:00,Delay,DennisKane,United States,Seattle,Washington,Accessories,First Data TMFD35 PIN Pad,USD,428.4,3,89.96
Not_Applicable,CA-2014-168403,2014-09-10 00:00:00,2014-09-16 00:00:00,Delay,DamalaKotsonis,United States,Portland,Oregon,Paper,Xerox 1930,USD,31.1,6,11.28
Not_Applicable,US-2011-134733,2011-09-23 00:00:00,2011-09-28 00:00:00,Delay,BrianMoss,United States,San Diego,California,Phones,netTALK DUO VoIP Telephone Service,USD,83.98,2,31.49
Not_Applicable,CA-2014-159884,2014-09-01 00:00:00,2014-09-06 00:00:00,Delay,JeremyFarry,United States,Tempe,Arizona,Fasteners,OIC Bulk Pack Metal Binder Clips,USD,8.38,3,2.72
Not_Applicable,CA-2012-136420,2012-11-20 00:00:00,2012-11-21 00:00:00,On time,ChrisSelesnick,United States,San Diego,California,Binders,"Performers Binder/Pad Holder, Black",USD,89.7,4,33.64
Not_Applicable,CA-2012-111514,2012-08-31 00:00:00,2012-09-02 00:00:00,On time,ScottCohen,United States,San Francisco,California,Accessories,Memorex Micro Travel Drive 32 GB,USD,36.51,1,15.7
Not_Applicable,CA-2014-118724,2014-07-22 00:00:00,2014-07-26 00:00:00,On time,AnthonyRawles,United States,Concord,California,Phones,Polycom SoundPoint IP 450 VoIP phone,USD,1626.19,9,121.96
Not_Applicable,CA-2011-106376,2011-12-05 00:00:00,2011-12-10 00:00:00,Delay,BrendanSweed,United States,Gilbert,Arizona,Art,"Hunt BOSTON Model 1606 High-Volume Electric Pencil Sharpener, Beige",USD,1113.02,8,111.3
Not_Applicable,CA-2012-153388,2012-08-01 00:00:00,2012-08-07 00:00:00,Delay,PaulineChand,United States,Los Angeles,California,Art,Prang Dustless Chalk Sticks,USD,6.72,4,3.36
Not_Applicable,CA-2011-135608,2011-12-08 00:00:00,2011-12-10 00:00:00,On time,JimKarlsson,United States,Olympia,Washington,Chairs,DMI Arturo Collection Mission-style Design Wood Chair,USD,603.92,5,45.29
Not_Applicable,CA-2013-147683,2013-11-14 00:00:00,2013-11-18 00:00:00,On time,PhilisseOvercash,United States,Seattle,Washington,Furnishings,DAX Solid Wood Frames,USD,19.54,2,7.23
Not_Applicable,CA-2014-137428,2014-12-17 00:00:00,2014-12-22 00:00:00,Delay,AndyYotov,United States,Oceanside,California,Binders,Prestige Round Ring Binders,USD,24.32,5,8.21
Not_Applicable,CA-2011-101931,2011-10-28 00:00:00,2011-10-31 00:00:00,On time,ToddSumrall,United States,Los Angeles,California,Storage,Eldon Portable Mobile Manager,USD,141.4,5,38.18
Not_Applicable,CA-2014-121048,2014-07-15 00:00:00,2014-07-19 00:00:00,On time,TobyCarlisle,United States,Westminster,California,Furnishings,"Eldon 200 Class Desk Accessories, Burgundy",USD,18.84,3,7.91
Not_Applicable,CA-2011-169642,2011-07-27 00:00:00,2011-07-30 00:00:00,On time,BarryBlumstein,United States,Los Angeles,California,Storage,"SAFCO Commercial Wire Shelving, Black",USD,276.28,2,0.0
Not_Applicable,CA-2013-123526,2013-12-25 00:00:00,2013-12-26 00:00:00,On time,BenjaminVenier,United States,Seattle,Washington,Paper,Xerox 1898,USD,33.4,5,16.03
Not_Applicable,US-2014-123862,2014-01-08 00:00:00,2014-01-10 00:00:00,On time,JamieFrazer,United States,Long Beach,California,Fasteners,Staples,USD,7.89,1,3.55
Not_Applicable,CA-2014-168655,2014-10-13 00:00:00,2014-10-19 00:00:00,Delay,MichelleLonsdale,United States,Albuquerque,New Mexico,Accessories,WD My Passport Ultra 2TB Portable External Hard Drive,USD,595.0,5,95.2
Not_Applicable,US-2011-131982,2011-03-07 00:00:00,2011-03-11 00:00:00,On time,NoraPelletier,United States,Des Moines,Washington,Binders,Catalog Binders with Expanding Posts,USD,107.65,2,33.64
Not_Applicable,CA-2012-109638,2012-12-15 00:00:00,2012-12-22 00:00:00,Delay,JosephHolt,United States,Seattle,Washington,Appliances,3M Office Air Cleaner,USD,103.92,4,36.37
Not_Applicable,CA-2014-123029,2014-10-01 00:00:00,2014-10-03 00:00:00,On time,BradleyTalbott,United States,Los Angeles,California,Accessories,Razer Kraken PRO Over Ear PC and Music Headset,USD,159.98,2,47.99
Not_Applicable,US-2012-129007,2012-09-13 00:00:00,2012-09-15 00:00:00,On time,KenDana,United States,Anaheim,California,Furnishings,Eldon Econocleat Chair Mats for Low Pile Carpets,USD,207.35,5,24.88
Not_Applicable,CA-2013-168921,2013-10-21 00:00:00,2013-10-23 00:00:00,On time,AndrewGjertsen,United States,Los Angeles,California,Binders,"Fellowes Twister Kit, Gray/Clear, 3/pkg",USD,19.3,3,6.03
Not_Applicable,CA-2011-114510,2011-03-14 00:00:00,2011-03-19 00:00:00,Delay,JasonFortune-,United States,Logan,Utah,Binders,GBC Wire Binding Combs,USD,33.09,4,11.17
Not_Applicable,CA-2011-159338,2011-06-25 00:00:00,2011-06-28 00:00:00,On time,NoelStaavos,United States,Los Angeles,California,Tables,Hon 4060 Series Tables,USD,447.84,5,11.2
Not_Applicable,US-2014-142573,2014-07-19 00:00:00,2014-07-24 00:00:00,Delay,MarisLaWare,United States,Phoenix,Arizona,Binders,Acco Expandable Hanging Binders,USD,7.66,4,-6.12
Not_Applicable,CA-2011-111059,2011-02-04 00:00:00,2011-02-07 00:00:00,On time,TomBoeckenhauer,United States,Seattle,Washington,Binders,Avery Durable Poly Binders,USD,13.27,3,4.31
Not_Applicable,CA-2012-123141,2012-11-14 00:00:00,2012-11-19 00:00:00,Delay,GaryZandusky,United States,Rio Rancho,New Mexico,Chairs,Global Deluxe Office Fabric Chairs,USD,230.35,3,20.16
Not_Applicable,CA-2014-156720,2014-12-31 00:00:00,2015-01-04 00:00:00,On time,JillMatthias,United States,Loveland,Colorado,Fasteners,Bagged Rubber Bands,USD,3.02,3,-0.6
Not_Applicable,CA-2013-160717,2013-06-07 00:00:00,2013-06-12 00:00:00,Delay,MariaEtezadi,United States,Santa Barbara,California,Accessories,Rosewill 107 Normal Keys USB Wired Standard Keyboard,USD,26.96,2,3.77
Not_Applicable,CA-2013-100244,2013-09-21 00:00:00,2013-09-25 00:00:00,On time,GregMaxwell,United States,San Francisco,California,Binders,Ibico Plastic Spiral Binding Combs,USD,48.64,2,15.81
Not_Applicable,CA-2014-118542,2014-12-02 00:00:00,2014-12-06 00:00:00,On time,ClayCheatham,United States,Los Angeles,California,Paper,Xerox 1905,USD,45.36,7,21.77
Not_Applicable,CA-2014-133823,2014-05-12 00:00:00,2014-05-13 00:00:00,On time,LizPelletier,United States,Seattle,Washington,Paper,"Ampad Phone Message Book, Recycled, 400 Message Capacity, 5 ¾” x 11”",USD,37.44,6,16.85
Not_Applicable,CA-2014-144827,2014-12-22 00:00:00,2014-12-28 00:00:00,Delay,SanjitEngle,United States,Costa Mesa,California,Storage,"Fellowes Mobile File Cart, Black",USD,124.36,2,33.58
Not_Applicable,CA-2012-132388,2012-10-10 00:00:00,2012-10-12 00:00:00,On time,KatherineNockton,United States,Santa Barbara,California,Chairs,"Global Leather & Oak Executive Chair, Burgundy",USD,362.14,3,-54.32
